{"ts": "2026-06-22T19:09:02.425470+00:00", "level": "info", "event": "log_opened", "role": "benchmark", "region": "eastus", "path": "/data/chorus_benchmark_20260622T190902Z.log"}
{"ts": "2026-06-22T19:09:04.462558+00:00", "level": "info", "event": "benchmark_started", "role": "benchmark", "region": "eastus", "source": "eastus", "target": "germanywestcentral", "chunks_per_mode": 200, "warmup": 5, "db": "/data/chorus_benchmark.db", "log_file": "/data/chorus_benchmark_20260622T190902Z.log"}
{"ts": "2026-06-22T19:09:04.689017+00:00", "level": "info", "event": "mode_started", "role": "benchmark", "region": "eastus", "mode": "direct"}
{"ts": "2026-06-22T19:09:06.116226+00:00", "level": "metric", "event": "chunk_ack", "role": "benchmark", "region": "eastus", "seq_num": 0, "rtt_ms": 165.27, "verified": true, "status": "forwarded_no_ack", "mode": "direct"}
{"ts": "2026-06-22T19:09:06.266602+00:00", "level": "metric", "event": "chunk_ack", "role": "benchmark", "region": "eastus", "seq_num": 1, "rtt_ms": 306.1, "verified": true, "status": "forwarded_no_ack", "mode": "direct"}
{"ts": "2026-06-22T19:09:06.435093+00:00", "level": "metric", "event": "chunk_ack", "role": "benchmark", "region": "eastus", "seq_num": 2, "rtt_ms": 473.56, "verified": true, "status": "forwarded_no_ack", "mode": "direct"}
{"ts": "2026-06-22T19:09:06.588269+00:00", "level": "metric", "event": "chunk_ack", "role": "benchmark", "region": "eastus", "seq_num": 3, "rtt_ms": 625.92, "verified": true, "status": "forwarded_no_ack", "mode": "direct"}
{"ts": "2026-06-22T19:09:06.741810+00:00", "level": "metric", "event": "chunk_ack", "role": "benchmark", "region": "eastus", "seq_num": 4, "rtt_ms": 778.5, "verified": true, "status": "forwarded_no_ack", "mode": "direct"}
{"ts": "2026-06-22T19:09:07.088998+00:00", "level": "metric", "event": "chunk_ack", "role": "benchmark", "region": "eastus", "seq_num": 5, "rtt_ms": 935.09, "verified": true, "status": "forwarded_no_ack", "mode": "direct"}
{"ts": "2026-06-22T19:09:07.280035+00:00", "level": "metric", "event": "chunk_ack", "role": "benchmark", "region": "eastus", "seq_num": 6, "rtt_ms": 1124.33, "verified": true, "status": "forwarded_no_ack", "mode": "direct"}
{"ts": "2026-06-22T19:09:07.470302+00:00", "level": "metric", "event": "chunk_ack", "role": "benchmark", "region": "eastus", "seq_num": 7, "rtt_ms": 1314.39, "verified": true, "status": "forwarded_no_ack", "mode": "direct"}
{"ts": "2026-06-22T19:09:07.660174+00:00", "level": "metric", "event": "chunk_ack", "role": "benchmark", "region": "eastus", "seq_num": 8, "rtt_ms": 1503.28, "verified": true, "status": "forwarded_no_ack", "mode": "direct"}
{"ts": "2026-06-22T19:09:07.850780+00:00", "level": "metric", "event": "chunk_ack", "role": "benchmark", "region": "eastus", "seq_num": 9, "rtt_ms": 1692.6, "verified": true, "status": "forwarded_no_ack", "mode": "direct"}
{"ts": "2026-06-22T19:09:08.042891+00:00", "level": "metric", "event": "chunk_ack", "role": "benchmark", "region": "eastus", "seq_num": 10, "rtt_ms": 1882.24, "verified": true, "status": "forwarded_no_ack", "mode": "direct"}
{"ts": "2026-06-22T19:09:08.235437+00:00", "level": "metric", "event": "chunk_ack", "role": "benchmark", "region": "eastus", "seq_num": 11, "rtt_ms": 2073.89, "verified": true, "status": "forwarded_no_ack", "mode": "direct"}
{"ts": "2026-06-22T19:09:08.426434+00:00", "level": "metric", "event": "chunk_ack", "role": "benchmark", "region": "eastus", "seq_num": 12, "rtt_ms": 2265.95, "verified": true, "status": "forwarded_no_ack", "mode": "direct"}
{"ts": "2026-06-22T19:09:08.618124+00:00", "level": "metric", "event": "chunk_ack", "role": "benchmark", "region": "eastus", "seq_num": 13, "rtt_ms": 2456.15, "verified": true, "status": "forwarded_no_ack", "mode": "direct"}
{"ts": "2026-06-22T19:09:08.808899+00:00", "level": "metric", "event": "chunk_ack", "role": "benchmark", "region": "eastus", "seq_num": 14, "rtt_ms": 2647.2, "verified": true, "status": "forwarded_no_ack", "mode": "direct"}
{"ts": "2026-06-22T19:09:09.001469+00:00", "level": "metric", "event": "chunk_ack", "role": "benchmark", "region": "eastus", "seq_num": 15, "rtt_ms": 2837.27, "verified": true, "status": "forwarded_no_ack", "mode": "direct"}
{"ts": "2026-06-22T19:09:09.194318+00:00", "level": "metric", "event": "chunk_ack", "role": "benchmark", "region": "eastus", "seq_num": 16, "rtt_ms": 3029.15, "verified": true, "status": "forwarded_no_ack", "mode": "direct"}
{"ts": "2026-06-22T19:09:09.386112+00:00", "level": "metric", "event": "chunk_ack", "role": "benchmark", "region": "eastus", "seq_num": 17, "rtt_ms": 3221.11, "verified": true, "status": "forwarded_no_ack", "mode": "direct"}
{"ts": "2026-06-22T19:09:09.579416+00:00", "level": "metric", "event": "chunk_ack", "role": "benchmark", "region": "eastus", "seq_num": 18, "rtt_ms": 3412.15, "verified": true, "status": "forwarded_no_ack", "mode": "direct"}
{"ts": "2026-06-22T19:09:09.770005+00:00", "level": "metric", "event": "chunk_ack", "role": "benchmark", "region": "eastus", "seq_num": 19, "rtt_ms": 3604.73, "verified": true, "status": "forwarded_no_ack", "mode": "direct"}
{"ts": "2026-06-22T19:09:09.960025+00:00", "level": "metric", "event": "chunk_ack", "role": "benchmark", "region": "eastus", "seq_num": 20, "rtt_ms": 3794.59, "verified": true, "status": "forwarded_no_ack", "mode": "direct"}
{"ts": "2026-06-22T19:09:10.150193+00:00", "level": "metric", "event": "chunk_ack", "role": "benchmark", "region": "eastus", "seq_num": 21, "rtt_ms": 3983.92, "verified": true, "status": "forwarded_no_ack", "mode": "direct"}
{"ts": "2026-06-22T19:09:10.340253+00:00", "level": "metric", "event": "chunk_ack", "role": "benchmark", "region": "eastus", "seq_num": 22, "rtt_ms": 4173.38, "verified": true, "status": "forwarded_no_ack", "mode": "direct"}
{"ts": "2026-06-22T19:09:10.531192+00:00", "level": "metric", "event": "chunk_ack", "role": "benchmark", "region": "eastus", "seq_num": 23, "rtt_ms": 4363.11, "verified": true, "status": "forwarded_no_ack", "mode": "direct"}
{"ts": "2026-06-22T19:09:10.722455+00:00", "level": "metric", "event": "chunk_ack", "role": "benchmark", "region": "eastus", "seq_num": 24, "rtt_ms": 4553.04, "verified": true, "status": "forwarded_no_ack", "mode": "direct"}
{"ts": "2026-06-22T19:09:10.914329+00:00", "level": "metric", "event": "chunk_ack", "role": "benchmark", "region": "eastus", "seq_num": 25, "rtt_ms": 4743.87, "verified": true, "status": "forwarded_no_ack", "mode": "direct"}
{"ts": "2026-06-22T19:09:11.106747+00:00", "level": "metric", "event": "chunk_ack", "role": "benchmark", "region": "eastus", "seq_num": 26, "rtt_ms": 4934.96, "verified": true, "status": "forwarded_no_ack", "mode": "direct"}
{"ts": "2026-06-22T19:09:11.297802+00:00", "level": "metric", "event": "chunk_ack", "role": "benchmark", "region": "eastus", "seq_num": 27, "rtt_ms": 5126.56, "verified": true, "status": "forwarded_no_ack", "mode": "direct"}
{"ts": "2026-06-22T19:09:11.489528+00:00", "level": "metric", "event": "chunk_ack", "role": "benchmark", "region": "eastus", "seq_num": 28, "rtt_ms": 5316.95, "verified": true, "status": "forwarded_no_ack", "mode": "direct"}
{"ts": "2026-06-22T19:09:11.682090+00:00", "level": "metric", "event": "chunk_ack", "role": "benchmark", "region": "eastus", "seq_num": 29, "rtt_ms": 5507.95, "verified": true, "status": "forwarded_no_ack", "mode": "direct"}
{"ts": "2026-06-22T19:09:11.875078+00:00", "level": "metric", "event": "chunk_ack", "role": "benchmark", "region": "eastus", "seq_num": 30, "rtt_ms": 5699.86, "verified": true, "status": "forwarded_no_ack", "mode": "direct"}
{"ts": "2026-06-22T19:09:12.066631+00:00", "level": "metric", "event": "chunk_ack", "role": "benchmark", "region": "eastus", "seq_num": 31, "rtt_ms": 5891.91, "verified": true, "status": "forwarded_no_ack", "mode": "direct"}
{"ts": "2026-06-22T19:09:12.257186+00:00", "level": "metric", "event": "chunk_ack", "role": "benchmark", "region": "eastus", "seq_num": 32, "rtt_ms": 6082.78, "verified": true, "status": "forwarded_no_ack", "mode": "direct"}
{"ts": "2026-06-22T19:09:12.447460+00:00", "level": "metric", "event": "chunk_ack", "role": "benchmark", "region": "eastus", "seq_num": 33, "rtt_ms": 6272.65, "verified": true, "status": "forwarded_no_ack", "mode": "direct"}
{"ts": "2026-06-22T19:09:12.639319+00:00", "level": "metric", "event": "chunk_ack", "role": "benchmark", "region": "eastus", "seq_num": 34, "rtt_ms": 6462.27, "verified": true, "status": "forwarded_no_ack", "mode": "direct"}
{"ts": "2026-06-22T19:09:12.831146+00:00", "level": "metric", "event": "chunk_ack", "role": "benchmark", "region": "eastus", "seq_num": 35, "rtt_ms": 6653.69, "verified": true, "status": "forwarded_no_ack", "mode": "direct"}
{"ts": "2026-06-22T19:09:13.021927+00:00", "level": "metric", "event": "chunk_ack", "role": "benchmark", "region": "eastus", "seq_num": 36, "rtt_ms": 6844.81, "verified": true, "status": "forwarded_no_ack", "mode": "direct"}
{"ts": "2026-06-22T19:09:13.214572+00:00", "level": "metric", "event": "chunk_ack", "role": "benchmark", "region": "eastus", "seq_num": 37, "rtt_ms": 7034.49, "verified": true, "status": "forwarded_no_ack", "mode": "direct"}
{"ts": "2026-06-22T19:09:13.405064+00:00", "level": "metric", "event": "chunk_ack", "role": "benchmark", "region": "eastus", "seq_num": 38, "rtt_ms": 7226.55, "verified": true, "status": "forwarded_no_ack", "mode": "direct"}
{"ts": "2026-06-22T19:09:13.595173+00:00", "level": "metric", "event": "chunk_ack", "role": "benchmark", "region": "eastus", "seq_num": 39, "rtt_ms": 7416.52, "verified": true, "status": "forwarded_no_ack", "mode": "direct"}
{"ts": "2026-06-22T19:09:13.785309+00:00", "level": "metric", "event": "chunk_ack", "role": "benchmark", "region": "eastus", "seq_num": 40, "rtt_ms": 7605.7, "verified": true, "status": "forwarded_no_ack", "mode": "direct"}
{"ts": "2026-06-22T19:09:13.977014+00:00", "level": "metric", "event": "chunk_ack", "role": "benchmark", "region": "eastus", "seq_num": 41, "rtt_ms": 7795.69, "verified": true, "status": "forwarded_no_ack", "mode": "direct"}
{"ts": "2026-06-22T19:09:14.168359+00:00", "level": "metric", "event": "chunk_ack", "role": "benchmark", "region": "eastus", "seq_num": 42, "rtt_ms": 7986.61, "verified": true, "status": "forwarded_no_ack", "mode": "direct"}
{"ts": "2026-06-22T19:09:14.359905+00:00", "level": "metric", "event": "chunk_ack", "role": "benchmark", "region": "eastus", "seq_num": 43, "rtt_ms": 8177.18, "verified": true, "status": "forwarded_no_ack", "mode": "direct"}
{"ts": "2026-06-22T19:09:14.551082+00:00", "level": "metric", "event": "chunk_ack", "role": "benchmark", "region": "eastus", "seq_num": 44, "rtt_ms": 8367.97, "verified": true, "status": "forwarded_no_ack", "mode": "direct"}
{"ts": "2026-06-22T19:09:14.741736+00:00", "level": "metric", "event": "chunk_ack", "role": "benchmark", "region": "eastus", "seq_num": 45, "rtt_ms": 8558.25, "verified": true, "status": "forwarded_no_ack", "mode": "direct"}
{"ts": "2026-06-22T19:09:14.933162+00:00", "level": "metric", "event": "chunk_ack", "role": "benchmark", "region": "eastus", "seq_num": 46, "rtt_ms": 8748.15, "verified": true, "status": "forwarded_no_ack", "mode": "direct"}
{"ts": "2026-06-22T19:09:15.123491+00:00", "level": "metric", "event": "chunk_ack", "role": "benchmark", "region": "eastus", "seq_num": 47, "rtt_ms": 8939.23, "verified": true, "status": "forwarded_no_ack", "mode": "direct"}
{"ts": "2026-06-22T19:09:15.315451+00:00", "level": "metric", "event": "chunk_ack", "role": "benchmark", "region": "eastus", "seq_num": 48, "rtt_ms": 9128.96, "verified": true, "status": "forwarded_no_ack", "mode": "direct"}
{"ts": "2026-06-22T19:09:15.505271+00:00", "level": "metric", "event": "chunk_ack", "role": "benchmark", "region": "eastus", "seq_num": 49, "rtt_ms": 9319.91, "verified": true, "status": "forwarded_no_ack", "mode": "direct"}
{"ts": "2026-06-22T19:09:15.696564+00:00", "level": "metric", "event": "chunk_ack", "role": "benchmark", "region": "eastus", "seq_num": 50, "rtt_ms": 9508.98, "verified": true, "status": "forwarded_no_ack", "mode": "direct"}
{"ts": "2026-06-22T19:09:15.886841+00:00", "level": "metric", "event": "chunk_ack", "role": "benchmark", "region": "eastus", "seq_num": 51, "rtt_ms": 9699.81, "verified": true, "status": "forwarded_no_ack", "mode": "direct"}
{"ts": "2026-06-22T19:09:16.077417+00:00", "level": "metric", "event": "chunk_ack", "role": "benchmark", "region": "eastus", "seq_num": 52, "rtt_ms": 9889.18, "verified": true, "status": "forwarded_no_ack", "mode": "direct"}
{"ts": "2026-06-22T19:09:16.266991+00:00", "level": "metric", "event": "chunk_ack", "role": "benchmark", "region": "eastus", "seq_num": 53, "rtt_ms": 10079.15, "verified": true, "status": "forwarded_no_ack", "mode": "direct"}
{"ts": "2026-06-22T19:09:16.457454+00:00", "level": "metric", "event": "chunk_ack", "role": "benchmark", "region": "eastus", "seq_num": 54, "rtt_ms": 10268.06, "verified": true, "status": "forwarded_no_ack", "mode": "direct"}
{"ts": "2026-06-22T19:09:16.649187+00:00", "level": "metric", "event": "chunk_ack", "role": "benchmark", "region": "eastus", "seq_num": 55, "rtt_ms": 10457.62, "verified": true, "status": "forwarded_no_ack", "mode": "direct"}
{"ts": "2026-06-22T19:09:16.839390+00:00", "level": "metric", "event": "chunk_ack", "role": "benchmark", "region": "eastus", "seq_num": 56, "rtt_ms": 10648.98, "verified": true, "status": "forwarded_no_ack", "mode": "direct"}
{"ts": "2026-06-22T19:09:17.032926+00:00", "level": "metric", "event": "chunk_ack", "role": "benchmark", "region": "eastus", "seq_num": 57, "rtt_ms": 10838.16, "verified": true, "status": "forwarded_no_ack", "mode": "direct"}
{"ts": "2026-06-22T19:09:17.224919+00:00", "level": "metric", "event": "chunk_ack", "role": "benchmark", "region": "eastus", "seq_num": 58, "rtt_ms": 11030.85, "verified": true, "status": "forwarded_no_ack", "mode": "direct"}
{"ts": "2026-06-22T19:09:17.416657+00:00", "level": "metric", "event": "chunk_ack", "role": "benchmark", "region": "eastus", "seq_num": 59, "rtt_ms": 11222.23, "verified": true, "status": "forwarded_no_ack", "mode": "direct"}
{"ts": "2026-06-22T19:09:17.607890+00:00", "level": "metric", "event": "chunk_ack", "role": "benchmark", "region": "eastus", "seq_num": 60, "rtt_ms": 11413.22, "verified": true, "status": "forwarded_no_ack", "mode": "direct"}
{"ts": "2026-06-22T19:09:17.799162+00:00", "level": "metric", "event": "chunk_ack", "role": "benchmark", "region": "eastus", "seq_num": 61, "rtt_ms": 11603.9, "verified": true, "status": "forwarded_no_ack", "mode": "direct"}
{"ts": "2026-06-22T19:09:17.989406+00:00", "level": "metric", "event": "chunk_ack", "role": "benchmark", "region": "eastus", "seq_num": 62, "rtt_ms": 11794.38, "verified": true, "status": "forwarded_no_ack", "mode": "direct"}
{"ts": "2026-06-22T19:09:18.180126+00:00", "level": "metric", "event": "chunk_ack", "role": "benchmark", "region": "eastus", "seq_num": 63, "rtt_ms": 11984.23, "verified": true, "status": "forwarded_no_ack", "mode": "direct"}
{"ts": "2026-06-22T19:09:18.372007+00:00", "level": "metric", "event": "chunk_ack", "role": "benchmark", "region": "eastus", "seq_num": 64, "rtt_ms": 12174.02, "verified": true, "status": "forwarded_no_ack", "mode": "direct"}
{"ts": "2026-06-22T19:09:18.562154+00:00", "level": "metric", "event": "chunk_ack", "role": "benchmark", "region": "eastus", "seq_num": 65, "rtt_ms": 12365.52, "verified": true, "status": "forwarded_no_ack", "mode": "direct"}
{"ts": "2026-06-22T19:09:18.752583+00:00", "level": "metric", "event": "chunk_ack", "role": "benchmark", "region": "eastus", "seq_num": 66, "rtt_ms": 12554.67, "verified": true, "status": "forwarded_no_ack", "mode": "direct"}
{"ts": "2026-06-22T19:09:18.942929+00:00", "level": "metric", "event": "chunk_ack", "role": "benchmark", "region": "eastus", "seq_num": 67, "rtt_ms": 12744.78, "verified": true, "status": "forwarded_no_ack", "mode": "direct"}
{"ts": "2026-06-22T19:09:19.133396+00:00", "level": "metric", "event": "chunk_ack", "role": "benchmark", "region": "eastus", "seq_num": 68, "rtt_ms": 12934.48, "verified": true, "status": "forwarded_no_ack", "mode": "direct"}
{"ts": "2026-06-22T19:09:19.329405+00:00", "level": "metric", "event": "chunk_ack", "role": "benchmark", "region": "eastus", "seq_num": 69, "rtt_ms": 13124.05, "verified": true, "status": "forwarded_no_ack", "mode": "direct"}
{"ts": "2026-06-22T19:09:19.519159+00:00", "level": "metric", "event": "chunk_ack", "role": "benchmark", "region": "eastus", "seq_num": 70, "rtt_ms": 13319.18, "verified": true, "status": "forwarded_no_ack", "mode": "direct"}
{"ts": "2026-06-22T19:09:19.709711+00:00", "level": "metric", "event": "chunk_ack", "role": "benchmark", "region": "eastus", "seq_num": 71, "rtt_ms": 13508.59, "verified": true, "status": "forwarded_no_ack", "mode": "direct"}
{"ts": "2026-06-22T19:09:19.899632+00:00", "level": "metric", "event": "chunk_ack", "role": "benchmark", "region": "eastus", "seq_num": 72, "rtt_ms": 13698.25, "verified": true, "status": "forwarded_no_ack", "mode": "direct"}
{"ts": "2026-06-22T19:09:20.090615+00:00", "level": "metric", "event": "chunk_ack", "role": "benchmark", "region": "eastus", "seq_num": 73, "rtt_ms": 13887.77, "verified": true, "status": "forwarded_no_ack", "mode": "direct"}
{"ts": "2026-06-22T19:09:20.280738+00:00", "level": "metric", "event": "chunk_ack", "role": "benchmark", "region": "eastus", "seq_num": 74, "rtt_ms": 14077.58, "verified": true, "status": "forwarded_no_ack", "mode": "direct"}
{"ts": "2026-06-22T19:09:20.471051+00:00", "level": "metric", "event": "chunk_ack", "role": "benchmark", "region": "eastus", "seq_num": 75, "rtt_ms": 14267.08, "verified": true, "status": "forwarded_no_ack", "mode": "direct"}
{"ts": "2026-06-22T19:09:20.660894+00:00", "level": "metric", "event": "chunk_ack", "role": "benchmark", "region": "eastus", "seq_num": 76, "rtt_ms": 14456.63, "verified": true, "status": "forwarded_no_ack", "mode": "direct"}
{"ts": "2026-06-22T19:09:20.850560+00:00", "level": "metric", "event": "chunk_ack", "role": "benchmark", "region": "eastus", "seq_num": 77, "rtt_ms": 14645.56, "verified": true, "status": "forwarded_no_ack", "mode": "direct"}
{"ts": "2026-06-22T19:09:21.041507+00:00", "level": "metric", "event": "chunk_ack", "role": "benchmark", "region": "eastus", "seq_num": 78, "rtt_ms": 14834.81, "verified": true, "status": "forwarded_no_ack", "mode": "direct"}
{"ts": "2026-06-22T19:09:21.231820+00:00", "level": "metric", "event": "chunk_ack", "role": "benchmark", "region": "eastus", "seq_num": 79, "rtt_ms": 15024.99, "verified": true, "status": "forwarded_no_ack", "mode": "direct"}
{"ts": "2026-06-22T19:09:21.422790+00:00", "level": "metric", "event": "chunk_ack", "role": "benchmark", "region": "eastus", "seq_num": 80, "rtt_ms": 15214.24, "verified": true, "status": "forwarded_no_ack", "mode": "direct"}
{"ts": "2026-06-22T19:09:21.613613+00:00", "level": "metric", "event": "chunk_ack", "role": "benchmark", "region": "eastus", "seq_num": 81, "rtt_ms": 15404.6, "verified": true, "status": "forwarded_no_ack", "mode": "direct"}
{"ts": "2026-06-22T19:09:21.803706+00:00", "level": "metric", "event": "chunk_ack", "role": "benchmark", "region": "eastus", "seq_num": 82, "rtt_ms": 15595.05, "verified": true, "status": "forwarded_no_ack", "mode": "direct"}
{"ts": "2026-06-22T19:09:21.994211+00:00", "level": "metric", "event": "chunk_ack", "role": "benchmark", "region": "eastus", "seq_num": 83, "rtt_ms": 15784.11, "verified": true, "status": "forwarded_no_ack", "mode": "direct"}
{"ts": "2026-06-22T19:09:22.184326+00:00", "level": "metric", "event": "chunk_ack", "role": "benchmark", "region": "eastus", "seq_num": 84, "rtt_ms": 15974.2, "verified": true, "status": "forwarded_no_ack", "mode": "direct"}
{"ts": "2026-06-22T19:09:22.375180+00:00", "level": "metric", "event": "chunk_ack", "role": "benchmark", "region": "eastus", "seq_num": 85, "rtt_ms": 16163.57, "verified": true, "status": "forwarded_no_ack", "mode": "direct"}
{"ts": "2026-06-22T19:09:22.567964+00:00", "level": "metric", "event": "chunk_ack", "role": "benchmark", "region": "eastus", "seq_num": 86, "rtt_ms": 16353.44, "verified": true, "status": "forwarded_no_ack", "mode": "direct"}
{"ts": "2026-06-22T19:09:22.758548+00:00", "level": "metric", "event": "chunk_ack", "role": "benchmark", "region": "eastus", "seq_num": 87, "rtt_ms": 16545.99, "verified": true, "status": "forwarded_no_ack", "mode": "direct"}
{"ts": "2026-06-22T19:09:22.952249+00:00", "level": "metric", "event": "chunk_ack", "role": "benchmark", "region": "eastus", "seq_num": 88, "rtt_ms": 16735.87, "verified": true, "status": "forwarded_no_ack", "mode": "direct"}
{"ts": "2026-06-22T19:09:23.143332+00:00", "level": "metric", "event": "chunk_ack", "role": "benchmark", "region": "eastus", "seq_num": 89, "rtt_ms": 16928.7, "verified": true, "status": "forwarded_no_ack", "mode": "direct"}
{"ts": "2026-06-22T19:09:23.333734+00:00", "level": "metric", "event": "chunk_ack", "role": "benchmark", "region": "eastus", "seq_num": 90, "rtt_ms": 17119.08, "verified": true, "status": "forwarded_no_ack", "mode": "direct"}
{"ts": "2026-06-22T19:09:23.528263+00:00", "level": "metric", "event": "chunk_ack", "role": "benchmark", "region": "eastus", "seq_num": 91, "rtt_ms": 17310.58, "verified": true, "status": "forwarded_no_ack", "mode": "direct"}
{"ts": "2026-06-22T19:09:23.720329+00:00", "level": "metric", "event": "chunk_ack", "role": "benchmark", "region": "eastus", "seq_num": 92, "rtt_ms": 17503.18, "verified": true, "status": "forwarded_no_ack", "mode": "direct"}
{"ts": "2026-06-22T19:09:23.911059+00:00", "level": "metric", "event": "chunk_ack", "role": "benchmark", "region": "eastus", "seq_num": 93, "rtt_ms": 17694.22, "verified": true, "status": "forwarded_no_ack", "mode": "direct"}
{"ts": "2026-06-22T19:09:24.102002+00:00", "level": "metric", "event": "chunk_ack", "role": "benchmark", "region": "eastus", "seq_num": 94, "rtt_ms": 17884.39, "verified": true, "status": "forwarded_no_ack", "mode": "direct"}
{"ts": "2026-06-22T19:09:24.292720+00:00", "level": "metric", "event": "chunk_ack", "role": "benchmark", "region": "eastus", "seq_num": 95, "rtt_ms": 18074.5, "verified": true, "status": "forwarded_no_ack", "mode": "direct"}
{"ts": "2026-06-22T19:09:24.482972+00:00", "level": "metric", "event": "chunk_ack", "role": "benchmark", "region": "eastus", "seq_num": 96, "rtt_ms": 18264.08, "verified": true, "status": "forwarded_no_ack", "mode": "direct"}
{"ts": "2026-06-22T19:09:24.676973+00:00", "level": "metric", "event": "chunk_ack", "role": "benchmark", "region": "eastus", "seq_num": 97, "rtt_ms": 18454.26, "verified": true, "status": "forwarded_no_ack", "mode": "direct"}
{"ts": "2026-06-22T19:09:24.867306+00:00", "level": "metric", "event": "chunk_ack", "role": "benchmark", "region": "eastus", "seq_num": 98, "rtt_ms": 18647.24, "verified": true, "status": "forwarded_no_ack", "mode": "direct"}
{"ts": "2026-06-22T19:09:25.057707+00:00", "level": "metric", "event": "chunk_ack", "role": "benchmark", "region": "eastus", "seq_num": 99, "rtt_ms": 18836.93, "verified": true, "status": "forwarded_no_ack", "mode": "direct"}
{"ts": "2026-06-22T19:09:25.247858+00:00", "level": "metric", "event": "chunk_ack", "role": "benchmark", "region": "eastus", "seq_num": 100, "rtt_ms": 19026.45, "verified": true, "status": "forwarded_no_ack", "mode": "direct"}
{"ts": "2026-06-22T19:09:25.442067+00:00", "level": "metric", "event": "chunk_ack", "role": "benchmark", "region": "eastus", "seq_num": 101, "rtt_ms": 19216.1, "verified": true, "status": "forwarded_no_ack", "mode": "direct"}
{"ts": "2026-06-22T19:09:25.637128+00:00", "level": "metric", "event": "chunk_ack", "role": "benchmark", "region": "eastus", "seq_num": 102, "rtt_ms": 19409.76, "verified": true, "status": "forwarded_no_ack", "mode": "direct"}
{"ts": "2026-06-22T19:09:25.829552+00:00", "level": "metric", "event": "chunk_ack", "role": "benchmark", "region": "eastus", "seq_num": 103, "rtt_ms": 19603.92, "verified": true, "status": "forwarded_no_ack", "mode": "direct"}
{"ts": "2026-06-22T19:09:26.021361+00:00", "level": "metric", "event": "chunk_ack", "role": "benchmark", "region": "eastus", "seq_num": 104, "rtt_ms": 19795.27, "verified": true, "status": "forwarded_no_ack", "mode": "direct"}
{"ts": "2026-06-22T19:09:26.216244+00:00", "level": "metric", "event": "chunk_ack", "role": "benchmark", "region": "eastus", "seq_num": 105, "rtt_ms": 19986.68, "verified": true, "status": "forwarded_no_ack", "mode": "direct"}
{"ts": "2026-06-22T19:09:26.407604+00:00", "level": "metric", "event": "chunk_ack", "role": "benchmark", "region": "eastus", "seq_num": 106, "rtt_ms": 20180.52, "verified": true, "status": "forwarded_no_ack", "mode": "direct"}
{"ts": "2026-06-22T19:09:26.602159+00:00", "level": "metric", "event": "chunk_ack", "role": "benchmark", "region": "eastus", "seq_num": 107, "rtt_ms": 20371.57, "verified": true, "status": "forwarded_no_ack", "mode": "direct"}
{"ts": "2026-06-22T19:09:26.794067+00:00", "level": "metric", "event": "chunk_ack", "role": "benchmark", "region": "eastus", "seq_num": 108, "rtt_ms": 20565.11, "verified": true, "status": "forwarded_no_ack", "mode": "direct"}
{"ts": "2026-06-22T19:09:26.989187+00:00", "level": "metric", "event": "chunk_ack", "role": "benchmark", "region": "eastus", "seq_num": 109, "rtt_ms": 20756.34, "verified": true, "status": "forwarded_no_ack", "mode": "direct"}
{"ts": "2026-06-22T19:09:27.186729+00:00", "level": "metric", "event": "chunk_ack", "role": "benchmark", "region": "eastus", "seq_num": 110, "rtt_ms": 20950.67, "verified": true, "status": "forwarded_no_ack", "mode": "direct"}
{"ts": "2026-06-22T19:09:27.380411+00:00", "level": "metric", "event": "chunk_ack", "role": "benchmark", "region": "eastus", "seq_num": 111, "rtt_ms": 21147.59, "verified": true, "status": "forwarded_no_ack", "mode": "direct"}
{"ts": "2026-06-22T19:09:27.570939+00:00", "level": "metric", "event": "chunk_ack", "role": "benchmark", "region": "eastus", "seq_num": 112, "rtt_ms": 21340.9, "verified": true, "status": "forwarded_no_ack", "mode": "direct"}
{"ts": "2026-06-22T19:09:27.760884+00:00", "level": "metric", "event": "chunk_ack", "role": "benchmark", "region": "eastus", "seq_num": 113, "rtt_ms": 21530.41, "verified": true, "status": "forwarded_no_ack", "mode": "direct"}
{"ts": "2026-06-22T19:09:27.952811+00:00", "level": "metric", "event": "chunk_ack", "role": "benchmark", "region": "eastus", "seq_num": 114, "rtt_ms": 21721.58, "verified": true, "status": "forwarded_no_ack", "mode": "direct"}
{"ts": "2026-06-22T19:09:28.142921+00:00", "level": "metric", "event": "chunk_ack", "role": "benchmark", "region": "eastus", "seq_num": 115, "rtt_ms": 21910.97, "verified": true, "status": "forwarded_no_ack", "mode": "direct"}
{"ts": "2026-06-22T19:09:28.333598+00:00", "level": "metric", "event": "chunk_ack", "role": "benchmark", "region": "eastus", "seq_num": 116, "rtt_ms": 22100.34, "verified": true, "status": "forwarded_no_ack", "mode": "direct"}
{"ts": "2026-06-22T19:09:28.524408+00:00", "level": "metric", "event": "chunk_ack", "role": "benchmark", "region": "eastus", "seq_num": 117, "rtt_ms": 22291.39, "verified": true, "status": "forwarded_no_ack", "mode": "direct"}
{"ts": "2026-06-22T19:09:28.714909+00:00", "level": "metric", "event": "chunk_ack", "role": "benchmark", "region": "eastus", "seq_num": 118, "rtt_ms": 22480.53, "verified": true, "status": "forwarded_no_ack", "mode": "direct"}
{"ts": "2026-06-22T19:09:28.907253+00:00", "level": "metric", "event": "chunk_ack", "role": "benchmark", "region": "eastus", "seq_num": 119, "rtt_ms": 22670.25, "verified": true, "status": "forwarded_no_ack", "mode": "direct"}
{"ts": "2026-06-22T19:09:29.097303+00:00", "level": "metric", "event": "chunk_ack", "role": "benchmark", "region": "eastus", "seq_num": 120, "rtt_ms": 22861.94, "verified": true, "status": "forwarded_no_ack", "mode": "direct"}
{"ts": "2026-06-22T19:09:29.290924+00:00", "level": "metric", "event": "chunk_ack", "role": "benchmark", "region": "eastus", "seq_num": 121, "rtt_ms": 23051.45, "verified": true, "status": "forwarded_no_ack", "mode": "direct"}
{"ts": "2026-06-22T19:09:29.481365+00:00", "level": "metric", "event": "chunk_ack", "role": "benchmark", "region": "eastus", "seq_num": 122, "rtt_ms": 23244.19, "verified": true, "status": "forwarded_no_ack", "mode": "direct"}
{"ts": "2026-06-22T19:09:29.671621+00:00", "level": "metric", "event": "chunk_ack", "role": "benchmark", "region": "eastus", "seq_num": 123, "rtt_ms": 23433.77, "verified": true, "status": "forwarded_no_ack", "mode": "direct"}
{"ts": "2026-06-22T19:09:29.862531+00:00", "level": "metric", "event": "chunk_ack", "role": "benchmark", "region": "eastus", "seq_num": 124, "rtt_ms": 23623.7, "verified": true, "status": "forwarded_no_ack", "mode": "direct"}
{"ts": "2026-06-22T19:09:30.053483+00:00", "level": "metric", "event": "chunk_ack", "role": "benchmark", "region": "eastus", "seq_num": 125, "rtt_ms": 23813.62, "verified": true, "status": "forwarded_no_ack", "mode": "direct"}
{"ts": "2026-06-22T19:09:30.243994+00:00", "level": "metric", "event": "chunk_ack", "role": "benchmark", "region": "eastus", "seq_num": 126, "rtt_ms": 24003.93, "verified": true, "status": "forwarded_no_ack", "mode": "direct"}
{"ts": "2026-06-22T19:09:30.434299+00:00", "level": "metric", "event": "chunk_ack", "role": "benchmark", "region": "eastus", "seq_num": 127, "rtt_ms": 24193.7, "verified": true, "status": "forwarded_no_ack", "mode": "direct"}
{"ts": "2026-06-22T19:09:30.624673+00:00", "level": "metric", "event": "chunk_ack", "role": "benchmark", "region": "eastus", "seq_num": 128, "rtt_ms": 24383.22, "verified": true, "status": "forwarded_no_ack", "mode": "direct"}
{"ts": "2026-06-22T19:09:30.815093+00:00", "level": "metric", "event": "chunk_ack", "role": "benchmark", "region": "eastus", "seq_num": 129, "rtt_ms": 24572.87, "verified": true, "status": "forwarded_no_ack", "mode": "direct"}
{"ts": "2026-06-22T19:09:31.006784+00:00", "level": "metric", "event": "chunk_ack", "role": "benchmark", "region": "eastus", "seq_num": 130, "rtt_ms": 24762.88, "verified": true, "status": "forwarded_no_ack", "mode": "direct"}
{"ts": "2026-06-22T19:09:31.197432+00:00", "level": "metric", "event": "chunk_ack", "role": "benchmark", "region": "eastus", "seq_num": 131, "rtt_ms": 24953.47, "verified": true, "status": "forwarded_no_ack", "mode": "direct"}
{"ts": "2026-06-22T19:09:31.388400+00:00", "level": "metric", "event": "chunk_ack", "role": "benchmark", "region": "eastus", "seq_num": 132, "rtt_ms": 25143.84, "verified": true, "status": "forwarded_no_ack", "mode": "direct"}
{"ts": "2026-06-22T19:09:31.579128+00:00", "level": "metric", "event": "chunk_ack", "role": "benchmark", "region": "eastus", "seq_num": 133, "rtt_ms": 25333.69, "verified": true, "status": "forwarded_no_ack", "mode": "direct"}
{"ts": "2026-06-22T19:09:31.769763+00:00", "level": "metric", "event": "chunk_ack", "role": "benchmark", "region": "eastus", "seq_num": 134, "rtt_ms": 25523.76, "verified": true, "status": "forwarded_no_ack", "mode": "direct"}
{"ts": "2026-06-22T19:09:31.960580+00:00", "level": "metric", "event": "chunk_ack", "role": "benchmark", "region": "eastus", "seq_num": 135, "rtt_ms": 25713.3, "verified": true, "status": "forwarded_no_ack", "mode": "direct"}
{"ts": "2026-06-22T19:09:32.151869+00:00", "level": "metric", "event": "chunk_ack", "role": "benchmark", "region": "eastus", "seq_num": 136, "rtt_ms": 25903.63, "verified": true, "status": "forwarded_no_ack", "mode": "direct"}
{"ts": "2026-06-22T19:09:32.342135+00:00", "level": "metric", "event": "chunk_ack", "role": "benchmark", "region": "eastus", "seq_num": 137, "rtt_ms": 26094.19, "verified": true, "status": "forwarded_no_ack", "mode": "direct"}
{"ts": "2026-06-22T19:09:32.532587+00:00", "level": "metric", "event": "chunk_ack", "role": "benchmark", "region": "eastus", "seq_num": 138, "rtt_ms": 26283.49, "verified": true, "status": "forwarded_no_ack", "mode": "direct"}
{"ts": "2026-06-22T19:09:32.723062+00:00", "level": "metric", "event": "chunk_ack", "role": "benchmark", "region": "eastus", "seq_num": 139, "rtt_ms": 26473.33, "verified": true, "status": "forwarded_no_ack", "mode": "direct"}
{"ts": "2026-06-22T19:09:32.913467+00:00", "level": "metric", "event": "chunk_ack", "role": "benchmark", "region": "eastus", "seq_num": 140, "rtt_ms": 26663.09, "verified": true, "status": "forwarded_no_ack", "mode": "direct"}
{"ts": "2026-06-22T19:09:33.104097+00:00", "level": "metric", "event": "chunk_ack", "role": "benchmark", "region": "eastus", "seq_num": 141, "rtt_ms": 26853.14, "verified": true, "status": "forwarded_no_ack", "mode": "direct"}
{"ts": "2026-06-22T19:09:33.297821+00:00", "level": "metric", "event": "chunk_ack", "role": "benchmark", "region": "eastus", "seq_num": 142, "rtt_ms": 27042.88, "verified": true, "status": "forwarded_no_ack", "mode": "direct"}
{"ts": "2026-06-22T19:09:33.489052+00:00", "level": "metric", "event": "chunk_ack", "role": "benchmark", "region": "eastus", "seq_num": 143, "rtt_ms": 27236.16, "verified": true, "status": "forwarded_no_ack", "mode": "direct"}
{"ts": "2026-06-22T19:09:33.713936+00:00", "level": "metric", "event": "chunk_ack", "role": "benchmark", "region": "eastus", "seq_num": 144, "rtt_ms": 27426.3, "verified": true, "status": "forwarded_no_ack", "mode": "direct"}
{"ts": "2026-06-22T19:09:33.904052+00:00", "level": "metric", "event": "chunk_ack", "role": "benchmark", "region": "eastus", "seq_num": 145, "rtt_ms": 27649.41, "verified": true, "status": "forwarded_no_ack", "mode": "direct"}
{"ts": "2026-06-22T19:09:34.094284+00:00", "level": "metric", "event": "chunk_ack", "role": "benchmark", "region": "eastus", "seq_num": 146, "rtt_ms": 27837.89, "verified": true, "status": "forwarded_no_ack", "mode": "direct"}
{"ts": "2026-06-22T19:09:34.284618+00:00", "level": "metric", "event": "chunk_ack", "role": "benchmark", "region": "eastus", "seq_num": 147, "rtt_ms": 28027.61, "verified": true, "status": "forwarded_no_ack", "mode": "direct"}
{"ts": "2026-06-22T19:09:34.475206+00:00", "level": "metric", "event": "chunk_ack", "role": "benchmark", "region": "eastus", "seq_num": 148, "rtt_ms": 28217.26, "verified": true, "status": "forwarded_no_ack", "mode": "direct"}
{"ts": "2026-06-22T19:09:34.665359+00:00", "level": "metric", "event": "chunk_ack", "role": "benchmark", "region": "eastus", "seq_num": 149, "rtt_ms": 28405.59, "verified": true, "status": "forwarded_no_ack", "mode": "direct"}
{"ts": "2026-06-22T19:09:34.858049+00:00", "level": "metric", "event": "chunk_ack", "role": "benchmark", "region": "eastus", "seq_num": 150, "rtt_ms": 28594.63, "verified": true, "status": "forwarded_no_ack", "mode": "direct"}
{"ts": "2026-06-22T19:09:35.049725+00:00", "level": "metric", "event": "chunk_ack", "role": "benchmark", "region": "eastus", "seq_num": 151, "rtt_ms": 28787.54, "verified": true, "status": "forwarded_no_ack", "mode": "direct"}
{"ts": "2026-06-22T19:09:35.242397+00:00", "level": "metric", "event": "chunk_ack", "role": "benchmark", "region": "eastus", "seq_num": 152, "rtt_ms": 28978.54, "verified": true, "status": "forwarded_no_ack", "mode": "direct"}
{"ts": "2026-06-22T19:09:35.435286+00:00", "level": "metric", "event": "chunk_ack", "role": "benchmark", "region": "eastus", "seq_num": 153, "rtt_ms": 29170.07, "verified": true, "status": "forwarded_no_ack", "mode": "direct"}
{"ts": "2026-06-22T19:09:35.625261+00:00", "level": "metric", "event": "chunk_ack", "role": "benchmark", "region": "eastus", "seq_num": 154, "rtt_ms": 29361.76, "verified": true, "status": "forwarded_no_ack", "mode": "direct"}
{"ts": "2026-06-22T19:09:35.815584+00:00", "level": "metric", "event": "chunk_ack", "role": "benchmark", "region": "eastus", "seq_num": 155, "rtt_ms": 29551.41, "verified": true, "status": "forwarded_no_ack", "mode": "direct"}
{"ts": "2026-06-22T19:09:36.009357+00:00", "level": "metric", "event": "chunk_ack", "role": "benchmark", "region": "eastus", "seq_num": 156, "rtt_ms": 29740.94, "verified": true, "status": "forwarded_no_ack", "mode": "direct"}
{"ts": "2026-06-22T19:09:36.199570+00:00", "level": "metric", "event": "chunk_ack", "role": "benchmark", "region": "eastus", "seq_num": 157, "rtt_ms": 29933.63, "verified": true, "status": "forwarded_no_ack", "mode": "direct"}
{"ts": "2026-06-22T19:09:36.389913+00:00", "level": "metric", "event": "chunk_ack", "role": "benchmark", "region": "eastus", "seq_num": 158, "rtt_ms": 30123.32, "verified": true, "status": "forwarded_no_ack", "mode": "direct"}
{"ts": "2026-06-22T19:09:36.579916+00:00", "level": "metric", "event": "chunk_ack", "role": "benchmark", "region": "eastus", "seq_num": 159, "rtt_ms": 30312.77, "verified": true, "status": "forwarded_no_ack", "mode": "direct"}
{"ts": "2026-06-22T19:09:36.863969+00:00", "level": "metric", "event": "chunk_ack", "role": "benchmark", "region": "eastus", "seq_num": 160, "rtt_ms": 30502.09, "verified": true, "status": "forwarded_no_ack", "mode": "direct"}
{"ts": "2026-06-22T19:09:37.241908+00:00", "level": "metric", "event": "chunk_ack", "role": "benchmark", "region": "eastus", "seq_num": 161, "rtt_ms": 30785.75, "verified": true, "status": "forwarded_no_ack", "mode": "direct"}
{"ts": "2026-06-22T19:09:37.620987+00:00", "level": "metric", "event": "chunk_ack", "role": "benchmark", "region": "eastus", "seq_num": 162, "rtt_ms": 31161.7, "verified": true, "status": "forwarded_no_ack", "mode": "direct"}
{"ts": "2026-06-22T19:09:38.002805+00:00", "level": "metric", "event": "chunk_ack", "role": "benchmark", "region": "eastus", "seq_num": 163, "rtt_ms": 31540.42, "verified": true, "status": "forwarded_no_ack", "mode": "direct"}
{"ts": "2026-06-22T19:09:38.380608+00:00", "level": "metric", "event": "chunk_ack", "role": "benchmark", "region": "eastus", "seq_num": 164, "rtt_ms": 31921.13, "verified": true, "status": "forwarded_no_ack", "mode": "direct"}
{"ts": "2026-06-22T19:09:38.758493+00:00", "level": "metric", "event": "chunk_ack", "role": "benchmark", "region": "eastus", "seq_num": 165, "rtt_ms": 32298.31, "verified": true, "status": "forwarded_no_ack", "mode": "direct"}
{"ts": "2026-06-22T19:09:39.136820+00:00", "level": "metric", "event": "chunk_ack", "role": "benchmark", "region": "eastus", "seq_num": 166, "rtt_ms": 32675.35, "verified": true, "status": "forwarded_no_ack", "mode": "direct"}
{"ts": "2026-06-22T19:09:39.612564+00:00", "level": "metric", "event": "chunk_ack", "role": "benchmark", "region": "eastus", "seq_num": 167, "rtt_ms": 33053.5, "verified": true, "status": "forwarded_no_ack", "mode": "direct"}
{"ts": "2026-06-22T19:09:39.990738+00:00", "level": "metric", "event": "chunk_ack", "role": "benchmark", "region": "eastus", "seq_num": 168, "rtt_ms": 33527.91, "verified": true, "status": "forwarded_no_ack", "mode": "direct"}
{"ts": "2026-06-22T19:09:40.370543+00:00", "level": "metric", "event": "chunk_ack", "role": "benchmark", "region": "eastus", "seq_num": 169, "rtt_ms": 33905.44, "verified": true, "status": "forwarded_no_ack", "mode": "direct"}
{"ts": "2026-06-22T19:09:40.755689+00:00", "level": "metric", "event": "chunk_ack", "role": "benchmark", "region": "eastus", "seq_num": 170, "rtt_ms": 34284.52, "verified": true, "status": "forwarded_no_ack", "mode": "direct"}
{"ts": "2026-06-22T19:09:41.133714+00:00", "level": "metric", "event": "chunk_ack", "role": "benchmark", "region": "eastus", "seq_num": 171, "rtt_ms": 34668.89, "verified": true, "status": "forwarded_no_ack", "mode": "direct"}
{"ts": "2026-06-22T19:09:41.511817+00:00", "level": "metric", "event": "chunk_ack", "role": "benchmark", "region": "eastus", "seq_num": 172, "rtt_ms": 35046.17, "verified": true, "status": "forwarded_no_ack", "mode": "direct"}
{"ts": "2026-06-22T19:09:41.889567+00:00", "level": "metric", "event": "chunk_ack", "role": "benchmark", "region": "eastus", "seq_num": 173, "rtt_ms": 35423.64, "verified": true, "status": "forwarded_no_ack", "mode": "direct"}
{"ts": "2026-06-22T19:09:42.272021+00:00", "level": "metric", "event": "chunk_ack", "role": "benchmark", "region": "eastus", "seq_num": 174, "rtt_ms": 35801.05, "verified": true, "status": "forwarded_no_ack", "mode": "direct"}
{"ts": "2026-06-22T19:09:42.651950+00:00", "level": "metric", "event": "chunk_ack", "role": "benchmark", "region": "eastus", "seq_num": 175, "rtt_ms": 36182.78, "verified": true, "status": "forwarded_no_ack", "mode": "direct"}
{"ts": "2026-06-22T19:09:43.030372+00:00", "level": "metric", "event": "chunk_ack", "role": "benchmark", "region": "eastus", "seq_num": 176, "rtt_ms": 36561.76, "verified": true, "status": "forwarded_no_ack", "mode": "direct"}
{"ts": "2026-06-22T19:09:43.408863+00:00", "level": "metric", "event": "chunk_ack", "role": "benchmark", "region": "eastus", "seq_num": 177, "rtt_ms": 36939.54, "verified": true, "status": "forwarded_no_ack", "mode": "direct"}
{"ts": "2026-06-22T19:09:43.787717+00:00", "level": "metric", "event": "chunk_ack", "role": "benchmark", "region": "eastus", "seq_num": 178, "rtt_ms": 37317.31, "verified": true, "status": "forwarded_no_ack", "mode": "direct"}
{"ts": "2026-06-22T19:09:44.169039+00:00", "level": "metric", "event": "chunk_ack", "role": "benchmark", "region": "eastus", "seq_num": 179, "rtt_ms": 37695.98, "verified": true, "status": "forwarded_no_ack", "mode": "direct"}
{"ts": "2026-06-22T19:09:44.553420+00:00", "level": "metric", "event": "chunk_ack", "role": "benchmark", "region": "eastus", "seq_num": 180, "rtt_ms": 38076.07, "verified": true, "status": "forwarded_no_ack", "mode": "direct"}
{"ts": "2026-06-22T19:09:44.932506+00:00", "level": "metric", "event": "chunk_ack", "role": "benchmark", "region": "eastus", "seq_num": 181, "rtt_ms": 38458.95, "verified": true, "status": "forwarded_no_ack", "mode": "direct"}
{"ts": "2026-06-22T19:09:45.312784+00:00", "level": "metric", "event": "chunk_ack", "role": "benchmark", "region": "eastus", "seq_num": 182, "rtt_ms": 38836.31, "verified": true, "status": "forwarded_no_ack", "mode": "direct"}
{"ts": "2026-06-22T19:09:45.693585+00:00", "level": "metric", "event": "chunk_ack", "role": "benchmark", "region": "eastus", "seq_num": 183, "rtt_ms": 39216.33, "verified": true, "status": "forwarded_no_ack", "mode": "direct"}
{"ts": "2026-06-22T19:09:46.072663+00:00", "level": "metric", "event": "chunk_ack", "role": "benchmark", "region": "eastus", "seq_num": 184, "rtt_ms": 39596.31, "verified": true, "status": "forwarded_no_ack", "mode": "direct"}
{"ts": "2026-06-22T19:09:46.450874+00:00", "level": "metric", "event": "chunk_ack", "role": "benchmark", "region": "eastus", "seq_num": 185, "rtt_ms": 39974.62, "verified": true, "status": "forwarded_no_ack", "mode": "direct"}
{"ts": "2026-06-22T19:09:46.828907+00:00", "level": "metric", "event": "chunk_ack", "role": "benchmark", "region": "eastus", "seq_num": 186, "rtt_ms": 40351.76, "verified": true, "status": "forwarded_no_ack", "mode": "direct"}
{"ts": "2026-06-22T19:09:47.394852+00:00", "level": "metric", "event": "chunk_ack", "role": "benchmark", "region": "eastus", "seq_num": 187, "rtt_ms": 40729.08, "verified": true, "status": "forwarded_no_ack", "mode": "direct"}
{"ts": "2026-06-22T19:09:47.775429+00:00", "level": "metric", "event": "chunk_ack", "role": "benchmark", "region": "eastus", "seq_num": 188, "rtt_ms": 41294.4, "verified": true, "status": "forwarded_no_ack", "mode": "direct"}
{"ts": "2026-06-22T19:09:48.153369+00:00", "level": "metric", "event": "chunk_ack", "role": "benchmark", "region": "eastus", "seq_num": 189, "rtt_ms": 41674.29, "verified": true, "status": "forwarded_no_ack", "mode": "direct"}
{"ts": "2026-06-22T19:09:48.536082+00:00", "level": "metric", "event": "chunk_ack", "role": "benchmark", "region": "eastus", "seq_num": 190, "rtt_ms": 42051.86, "verified": true, "status": "forwarded_no_ack", "mode": "direct"}
{"ts": "2026-06-22T19:09:48.916975+00:00", "level": "metric", "event": "chunk_ack", "role": "benchmark", "region": "eastus", "seq_num": 191, "rtt_ms": 42433.56, "verified": true, "status": "forwarded_no_ack", "mode": "direct"}
{"ts": "2026-06-22T19:09:49.295436+00:00", "level": "metric", "event": "chunk_ack", "role": "benchmark", "region": "eastus", "seq_num": 192, "rtt_ms": 42813.74, "verified": true, "status": "forwarded_no_ack", "mode": "direct"}
{"ts": "2026-06-22T19:09:49.675897+00:00", "level": "metric", "event": "chunk_ack", "role": "benchmark", "region": "eastus", "seq_num": 193, "rtt_ms": 43191.55, "verified": true, "status": "forwarded_no_ack", "mode": "direct"}
{"ts": "2026-06-22T19:09:50.053605+00:00", "level": "metric", "event": "chunk_ack", "role": "benchmark", "region": "eastus", "seq_num": 194, "rtt_ms": 43571.19, "verified": true, "status": "forwarded_no_ack", "mode": "direct"}
{"ts": "2026-06-22T19:09:50.435591+00:00", "level": "metric", "event": "chunk_ack", "role": "benchmark", "region": "eastus", "seq_num": 195, "rtt_ms": 43948.65, "verified": true, "status": "forwarded_no_ack", "mode": "direct"}
{"ts": "2026-06-22T19:09:50.817048+00:00", "level": "metric", "event": "chunk_ack", "role": "benchmark", "region": "eastus", "seq_num": 196, "rtt_ms": 44329.62, "verified": true, "status": "forwarded_no_ack", "mode": "direct"}
{"ts": "2026-06-22T19:09:51.195323+00:00", "level": "metric", "event": "chunk_ack", "role": "benchmark", "region": "eastus", "seq_num": 197, "rtt_ms": 44710.3, "verified": true, "status": "forwarded_no_ack", "mode": "direct"}
{"ts": "2026-06-22T19:09:51.573458+00:00", "level": "metric", "event": "chunk_ack", "role": "benchmark", "region": "eastus", "seq_num": 198, "rtt_ms": 45087.87, "verified": true, "status": "forwarded_no_ack", "mode": "direct"}
{"ts": "2026-06-22T19:09:51.956398+00:00", "level": "metric", "event": "chunk_ack", "role": "benchmark", "region": "eastus", "seq_num": 199, "rtt_ms": 45465.81, "verified": true, "status": "forwarded_no_ack", "mode": "direct"}
{"ts": "2026-06-22T19:09:52.334887+00:00", "level": "metric", "event": "chunk_ack", "role": "benchmark", "region": "eastus", "seq_num": 200, "rtt_ms": 45848.0, "verified": true, "status": "forwarded_no_ack", "mode": "direct"}
{"ts": "2026-06-22T19:09:52.714110+00:00", "level": "metric", "event": "chunk_ack", "role": "benchmark", "region": "eastus", "seq_num": 201, "rtt_ms": 46225.63, "verified": true, "status": "forwarded_no_ack", "mode": "direct"}
{"ts": "2026-06-22T19:09:53.096262+00:00", "level": "metric", "event": "chunk_ack", "role": "benchmark", "region": "eastus", "seq_num": 202, "rtt_ms": 46604.07, "verified": true, "status": "forwarded_no_ack", "mode": "direct"}
{"ts": "2026-06-22T19:09:53.474799+00:00", "level": "metric", "event": "chunk_ack", "role": "benchmark", "region": "eastus", "seq_num": 203, "rtt_ms": 46985.36, "verified": true, "status": "forwarded_no_ack", "mode": "direct"}
{"ts": "2026-06-22T19:09:53.855895+00:00", "level": "metric", "event": "chunk_ack", "role": "benchmark", "region": "eastus", "seq_num": 204, "rtt_ms": 47362.05, "verified": true, "status": "forwarded_no_ack", "mode": "direct"}
{"ts": "2026-06-22T19:09:54.142111+00:00", "level": "info", "event": "mode_complete", "role": "benchmark", "region": "eastus", "mode": "direct", "avg_rtt_ms": 20848.625, "p99_rtt_ms": 46604.069, "throughput_mbps": 0.017, "verified_pct": 100.0}
{"ts": "2026-06-22T19:09:54.142223+00:00", "level": "info", "event": "mode_started", "role": "benchmark", "region": "eastus", "mode": "isolation"}
{"ts": "2026-06-22T19:09:56.186500+00:00", "level": "metric", "event": "chunk_ack", "role": "benchmark", "region": "eastus", "seq_num": 0, "rtt_ms": 161.44, "verified": true, "status": "forwarded_no_ack", "mode": "isolation"}
{"ts": "2026-06-22T19:09:56.335116+00:00", "level": "metric", "event": "chunk_ack", "role": "benchmark", "region": "eastus", "seq_num": 1, "rtt_ms": 303.67, "verified": true, "status": "forwarded_no_ack", "mode": "isolation"}
{"ts": "2026-06-22T19:09:56.483716+00:00", "level": "metric", "event": "chunk_ack", "role": "benchmark", "region": "eastus", "seq_num": 2, "rtt_ms": 451.41, "verified": true, "status": "forwarded_no_ack", "mode": "isolation"}
{"ts": "2026-06-22T19:09:56.632004+00:00", "level": "metric", "event": "chunk_ack", "role": "benchmark", "region": "eastus", "seq_num": 3, "rtt_ms": 598.79, "verified": true, "status": "forwarded_no_ack", "mode": "isolation"}
{"ts": "2026-06-22T19:09:56.781787+00:00", "level": "metric", "event": "chunk_ack", "role": "benchmark", "region": "eastus", "seq_num": 4, "rtt_ms": 747.8, "verified": true, "status": "forwarded_no_ack", "mode": "isolation"}
{"ts": "2026-06-22T19:09:57.311295+00:00", "level": "metric", "event": "chunk_ack", "role": "benchmark", "region": "eastus", "seq_num": 5, "rtt_ms": 896.82, "verified": true, "status": "forwarded_no_ack", "mode": "isolation"}
{"ts": "2026-06-22T19:09:57.689567+00:00", "level": "metric", "event": "chunk_ack", "role": "benchmark", "region": "eastus", "seq_num": 6, "rtt_ms": 1276.2, "verified": true, "status": "forwarded_no_ack", "mode": "isolation"}
{"ts": "2026-06-22T19:09:58.067814+00:00", "level": "metric", "event": "chunk_ack", "role": "benchmark", "region": "eastus", "seq_num": 7, "rtt_ms": 1653.24, "verified": true, "status": "forwarded_no_ack", "mode": "isolation"}
{"ts": "2026-06-22T19:09:58.446326+00:00", "level": "metric", "event": "chunk_ack", "role": "benchmark", "region": "eastus", "seq_num": 8, "rtt_ms": 2031.02, "verified": true, "status": "forwarded_no_ack", "mode": "isolation"}
{"ts": "2026-06-22T19:09:58.824866+00:00", "level": "metric", "event": "chunk_ack", "role": "benchmark", "region": "eastus", "seq_num": 9, "rtt_ms": 2408.72, "verified": true, "status": "forwarded_no_ack", "mode": "isolation"}
{"ts": "2026-06-22T19:09:59.204113+00:00", "level": "metric", "event": "chunk_ack", "role": "benchmark", "region": "eastus", "seq_num": 10, "rtt_ms": 2786.48, "verified": true, "status": "forwarded_no_ack", "mode": "isolation"}
{"ts": "2026-06-22T19:09:59.585569+00:00", "level": "metric", "event": "chunk_ack", "role": "benchmark", "region": "eastus", "seq_num": 11, "rtt_ms": 3164.58, "verified": true, "status": "forwarded_no_ack", "mode": "isolation"}
{"ts": "2026-06-22T19:09:59.963536+00:00", "level": "metric", "event": "chunk_ack", "role": "benchmark", "region": "eastus", "seq_num": 12, "rtt_ms": 3545.3, "verified": true, "status": "forwarded_no_ack", "mode": "isolation"}
{"ts": "2026-06-22T19:10:00.343047+00:00", "level": "metric", "event": "chunk_ack", "role": "benchmark", "region": "eastus", "seq_num": 13, "rtt_ms": 3922.31, "verified": true, "status": "forwarded_no_ack", "mode": "isolation"}
{"ts": "2026-06-22T19:10:00.721818+00:00", "level": "metric", "event": "chunk_ack", "role": "benchmark", "region": "eastus", "seq_num": 14, "rtt_ms": 4300.83, "verified": true, "status": "forwarded_no_ack", "mode": "isolation"}
{"ts": "2026-06-22T19:10:01.100368+00:00", "level": "metric", "event": "chunk_ack", "role": "benchmark", "region": "eastus", "seq_num": 15, "rtt_ms": 4678.85, "verified": true, "status": "forwarded_no_ack", "mode": "isolation"}
{"ts": "2026-06-22T19:10:01.478631+00:00", "level": "metric", "event": "chunk_ack", "role": "benchmark", "region": "eastus", "seq_num": 16, "rtt_ms": 5056.63, "verified": true, "status": "forwarded_no_ack", "mode": "isolation"}
{"ts": "2026-06-22T19:10:01.856480+00:00", "level": "metric", "event": "chunk_ack", "role": "benchmark", "region": "eastus", "seq_num": 17, "rtt_ms": 5433.79, "verified": true, "status": "forwarded_no_ack", "mode": "isolation"}
{"ts": "2026-06-22T19:10:02.239914+00:00", "level": "metric", "event": "chunk_ack", "role": "benchmark", "region": "eastus", "seq_num": 18, "rtt_ms": 5810.8, "verified": true, "status": "forwarded_no_ack", "mode": "isolation"}
{"ts": "2026-06-22T19:10:02.619209+00:00", "level": "metric", "event": "chunk_ack", "role": "benchmark", "region": "eastus", "seq_num": 19, "rtt_ms": 6193.48, "verified": true, "status": "forwarded_no_ack", "mode": "isolation"}
{"ts": "2026-06-22T19:10:02.998717+00:00", "level": "metric", "event": "chunk_ack", "role": "benchmark", "region": "eastus", "seq_num": 20, "rtt_ms": 6572.15, "verified": true, "status": "forwarded_no_ack", "mode": "isolation"}
{"ts": "2026-06-22T19:10:03.565524+00:00", "level": "metric", "event": "chunk_ack", "role": "benchmark", "region": "eastus", "seq_num": 21, "rtt_ms": 6950.98, "verified": true, "status": "forwarded_no_ack", "mode": "isolation"}
{"ts": "2026-06-22T19:10:03.947704+00:00", "level": "metric", "event": "chunk_ack", "role": "benchmark", "region": "eastus", "seq_num": 22, "rtt_ms": 7516.87, "verified": true, "status": "forwarded_no_ack", "mode": "isolation"}
{"ts": "2026-06-22T19:10:04.325434+00:00", "level": "metric", "event": "chunk_ack", "role": "benchmark", "region": "eastus", "seq_num": 23, "rtt_ms": 7898.0, "verified": true, "status": "forwarded_no_ack", "mode": "isolation"}
{"ts": "2026-06-22T19:10:04.703555+00:00", "level": "metric", "event": "chunk_ack", "role": "benchmark", "region": "eastus", "seq_num": 24, "rtt_ms": 8274.67, "verified": true, "status": "forwarded_no_ack", "mode": "isolation"}
{"ts": "2026-06-22T19:10:05.175811+00:00", "level": "metric", "event": "chunk_ack", "role": "benchmark", "region": "eastus", "seq_num": 25, "rtt_ms": 8651.83, "verified": true, "status": "forwarded_no_ack", "mode": "isolation"}
{"ts": "2026-06-22T19:10:05.553869+00:00", "level": "metric", "event": "chunk_ack", "role": "benchmark", "region": "eastus", "seq_num": 26, "rtt_ms": 9123.3, "verified": true, "status": "forwarded_no_ack", "mode": "isolation"}
{"ts": "2026-06-22T19:10:05.931467+00:00", "level": "metric", "event": "chunk_ack", "role": "benchmark", "region": "eastus", "seq_num": 27, "rtt_ms": 9500.45, "verified": true, "status": "forwarded_no_ack", "mode": "isolation"}
{"ts": "2026-06-22T19:10:06.309367+00:00", "level": "metric", "event": "chunk_ack", "role": "benchmark", "region": "eastus", "seq_num": 28, "rtt_ms": 9877.26, "verified": true, "status": "forwarded_no_ack", "mode": "isolation"}
{"ts": "2026-06-22T19:10:06.694126+00:00", "level": "metric", "event": "chunk_ack", "role": "benchmark", "region": "eastus", "seq_num": 29, "rtt_ms": 10254.67, "verified": true, "status": "forwarded_no_ack", "mode": "isolation"}
{"ts": "2026-06-22T19:10:07.074307+00:00", "level": "metric", "event": "chunk_ack", "role": "benchmark", "region": "eastus", "seq_num": 30, "rtt_ms": 10638.42, "verified": true, "status": "forwarded_no_ack", "mode": "isolation"}
{"ts": "2026-06-22T19:10:07.451915+00:00", "level": "metric", "event": "chunk_ack", "role": "benchmark", "region": "eastus", "seq_num": 31, "rtt_ms": 11017.4, "verified": true, "status": "forwarded_no_ack", "mode": "isolation"}
{"ts": "2026-06-22T19:10:07.832011+00:00", "level": "metric", "event": "chunk_ack", "role": "benchmark", "region": "eastus", "seq_num": 32, "rtt_ms": 11394.24, "verified": true, "status": "forwarded_no_ack", "mode": "isolation"}
{"ts": "2026-06-22T19:10:08.211475+00:00", "level": "metric", "event": "chunk_ack", "role": "benchmark", "region": "eastus", "seq_num": 33, "rtt_ms": 11773.73, "verified": true, "status": "forwarded_no_ack", "mode": "isolation"}
{"ts": "2026-06-22T19:10:08.592024+00:00", "level": "metric", "event": "chunk_ack", "role": "benchmark", "region": "eastus", "seq_num": 34, "rtt_ms": 12152.04, "verified": true, "status": "forwarded_no_ack", "mode": "isolation"}
{"ts": "2026-06-22T19:10:08.973486+00:00", "level": "metric", "event": "chunk_ack", "role": "benchmark", "region": "eastus", "seq_num": 35, "rtt_ms": 12531.61, "verified": true, "status": "forwarded_no_ack", "mode": "isolation"}
{"ts": "2026-06-22T19:10:09.351806+00:00", "level": "metric", "event": "chunk_ack", "role": "benchmark", "region": "eastus", "seq_num": 36, "rtt_ms": 12912.76, "verified": true, "status": "forwarded_no_ack", "mode": "isolation"}
{"ts": "2026-06-22T19:10:09.733475+00:00", "level": "metric", "event": "chunk_ack", "role": "benchmark", "region": "eastus", "seq_num": 37, "rtt_ms": 13290.12, "verified": true, "status": "forwarded_no_ack", "mode": "isolation"}
{"ts": "2026-06-22T19:10:10.129927+00:00", "level": "metric", "event": "chunk_ack", "role": "benchmark", "region": "eastus", "seq_num": 38, "rtt_ms": 13671.09, "verified": true, "status": "forwarded_no_ack", "mode": "isolation"}
{"ts": "2026-06-22T19:10:10.508842+00:00", "level": "metric", "event": "chunk_ack", "role": "benchmark", "region": "eastus", "seq_num": 39, "rtt_ms": 14066.49, "verified": true, "status": "forwarded_no_ack", "mode": "isolation"}
{"ts": "2026-06-22T19:10:10.886265+00:00", "level": "metric", "event": "chunk_ack", "role": "benchmark", "region": "eastus", "seq_num": 40, "rtt_ms": 14444.32, "verified": true, "status": "forwarded_no_ack", "mode": "isolation"}
{"ts": "2026-06-22T19:10:11.264582+00:00", "level": "metric", "event": "chunk_ack", "role": "benchmark", "region": "eastus", "seq_num": 41, "rtt_ms": 14820.81, "verified": true, "status": "forwarded_no_ack", "mode": "isolation"}
{"ts": "2026-06-22T19:10:11.644250+00:00", "level": "metric", "event": "chunk_ack", "role": "benchmark", "region": "eastus", "seq_num": 42, "rtt_ms": 15198.46, "verified": true, "status": "forwarded_no_ack", "mode": "isolation"}
{"ts": "2026-06-22T19:10:12.030263+00:00", "level": "metric", "event": "chunk_ack", "role": "benchmark", "region": "eastus", "seq_num": 43, "rtt_ms": 15577.2, "verified": true, "status": "forwarded_no_ack", "mode": "isolation"}
{"ts": "2026-06-22T19:10:12.407901+00:00", "level": "metric", "event": "chunk_ack", "role": "benchmark", "region": "eastus", "seq_num": 44, "rtt_ms": 15962.42, "verified": true, "status": "forwarded_no_ack", "mode": "isolation"}
{"ts": "2026-06-22T19:10:12.786050+00:00", "level": "metric", "event": "chunk_ack", "role": "benchmark", "region": "eastus", "seq_num": 45, "rtt_ms": 16339.02, "verified": true, "status": "forwarded_no_ack", "mode": "isolation"}
{"ts": "2026-06-22T19:10:13.164260+00:00", "level": "metric", "event": "chunk_ack", "role": "benchmark", "region": "eastus", "seq_num": 46, "rtt_ms": 16716.39, "verified": true, "status": "forwarded_no_ack", "mode": "isolation"}
{"ts": "2026-06-22T19:10:13.636792+00:00", "level": "metric", "event": "chunk_ack", "role": "benchmark", "region": "eastus", "seq_num": 47, "rtt_ms": 17093.94, "verified": true, "status": "forwarded_no_ack", "mode": "isolation"}
{"ts": "2026-06-22T19:10:14.018135+00:00", "level": "metric", "event": "chunk_ack", "role": "benchmark", "region": "eastus", "seq_num": 48, "rtt_ms": 17565.23, "verified": true, "status": "forwarded_no_ack", "mode": "isolation"}
{"ts": "2026-06-22T19:10:14.395630+00:00", "level": "metric", "event": "chunk_ack", "role": "benchmark", "region": "eastus", "seq_num": 49, "rtt_ms": 17945.63, "verified": true, "status": "forwarded_no_ack", "mode": "isolation"}
{"ts": "2026-06-22T19:10:14.774339+00:00", "level": "metric", "event": "chunk_ack", "role": "benchmark", "region": "eastus", "seq_num": 50, "rtt_ms": 18323.05, "verified": true, "status": "forwarded_no_ack", "mode": "isolation"}
{"ts": "2026-06-22T19:10:15.153423+00:00", "level": "metric", "event": "chunk_ack", "role": "benchmark", "region": "eastus", "seq_num": 51, "rtt_ms": 18700.98, "verified": true, "status": "forwarded_no_ack", "mode": "isolation"}
{"ts": "2026-06-22T19:10:15.531249+00:00", "level": "metric", "event": "chunk_ack", "role": "benchmark", "region": "eastus", "seq_num": 52, "rtt_ms": 19078.88, "verified": true, "status": "forwarded_no_ack", "mode": "isolation"}
{"ts": "2026-06-22T19:10:15.909485+00:00", "level": "metric", "event": "chunk_ack", "role": "benchmark", "region": "eastus", "seq_num": 53, "rtt_ms": 19455.9, "verified": true, "status": "forwarded_no_ack", "mode": "isolation"}
{"ts": "2026-06-22T19:10:16.286694+00:00", "level": "metric", "event": "chunk_ack", "role": "benchmark", "region": "eastus", "seq_num": 54, "rtt_ms": 19832.92, "verified": true, "status": "forwarded_no_ack", "mode": "isolation"}
{"ts": "2026-06-22T19:10:16.852539+00:00", "level": "metric", "event": "chunk_ack", "role": "benchmark", "region": "eastus", "seq_num": 55, "rtt_ms": 20209.49, "verified": true, "status": "forwarded_no_ack", "mode": "isolation"}
{"ts": "2026-06-22T19:10:17.236283+00:00", "level": "metric", "event": "chunk_ack", "role": "benchmark", "region": "eastus", "seq_num": 56, "rtt_ms": 20774.63, "verified": true, "status": "forwarded_no_ack", "mode": "isolation"}
{"ts": "2026-06-22T19:10:17.614763+00:00", "level": "metric", "event": "chunk_ack", "role": "benchmark", "region": "eastus", "seq_num": 57, "rtt_ms": 21157.38, "verified": true, "status": "forwarded_no_ack", "mode": "isolation"}
{"ts": "2026-06-22T19:10:17.993024+00:00", "level": "metric", "event": "chunk_ack", "role": "benchmark", "region": "eastus", "seq_num": 58, "rtt_ms": 21535.14, "verified": true, "status": "forwarded_no_ack", "mode": "isolation"}
{"ts": "2026-06-22T19:10:18.371177+00:00", "level": "metric", "event": "chunk_ack", "role": "benchmark", "region": "eastus", "seq_num": 59, "rtt_ms": 21912.21, "verified": true, "status": "forwarded_no_ack", "mode": "isolation"}
{"ts": "2026-06-22T19:10:18.749363+00:00", "level": "metric", "event": "chunk_ack", "role": "benchmark", "region": "eastus", "seq_num": 60, "rtt_ms": 22289.83, "verified": true, "status": "forwarded_no_ack", "mode": "isolation"}
{"ts": "2026-06-22T19:10:19.127181+00:00", "level": "metric", "event": "chunk_ack", "role": "benchmark", "region": "eastus", "seq_num": 61, "rtt_ms": 22666.8, "verified": true, "status": "forwarded_no_ack", "mode": "isolation"}
{"ts": "2026-06-22T19:10:19.505077+00:00", "level": "metric", "event": "chunk_ack", "role": "benchmark", "region": "eastus", "seq_num": 62, "rtt_ms": 23044.15, "verified": true, "status": "forwarded_no_ack", "mode": "isolation"}
{"ts": "2026-06-22T19:10:19.887715+00:00", "level": "metric", "event": "chunk_ack", "role": "benchmark", "region": "eastus", "seq_num": 63, "rtt_ms": 23420.84, "verified": true, "status": "forwarded_no_ack", "mode": "isolation"}
{"ts": "2026-06-22T19:10:20.265824+00:00", "level": "metric", "event": "chunk_ack", "role": "benchmark", "region": "eastus", "seq_num": 64, "rtt_ms": 23802.73, "verified": true, "status": "forwarded_no_ack", "mode": "isolation"}
{"ts": "2026-06-22T19:10:20.647378+00:00", "level": "metric", "event": "chunk_ack", "role": "benchmark", "region": "eastus", "seq_num": 65, "rtt_ms": 24180.3, "verified": true, "status": "forwarded_no_ack", "mode": "isolation"}
{"ts": "2026-06-22T19:10:21.042995+00:00", "level": "metric", "event": "chunk_ack", "role": "benchmark", "region": "eastus", "seq_num": 66, "rtt_ms": 24560.91, "verified": true, "status": "forwarded_no_ack", "mode": "isolation"}
{"ts": "2026-06-22T19:10:21.420932+00:00", "level": "metric", "event": "chunk_ack", "role": "benchmark", "region": "eastus", "seq_num": 67, "rtt_ms": 24955.57, "verified": true, "status": "forwarded_no_ack", "mode": "isolation"}
{"ts": "2026-06-22T19:10:21.798747+00:00", "level": "metric", "event": "chunk_ack", "role": "benchmark", "region": "eastus", "seq_num": 68, "rtt_ms": 25332.54, "verified": true, "status": "forwarded_no_ack", "mode": "isolation"}
{"ts": "2026-06-22T19:10:22.181841+00:00", "level": "metric", "event": "chunk_ack", "role": "benchmark", "region": "eastus", "seq_num": 69, "rtt_ms": 25709.28, "verified": true, "status": "forwarded_no_ack", "mode": "isolation"}
{"ts": "2026-06-22T19:10:22.560114+00:00", "level": "metric", "event": "chunk_ack", "role": "benchmark", "region": "eastus", "seq_num": 70, "rtt_ms": 26091.67, "verified": true, "status": "forwarded_no_ack", "mode": "isolation"}
{"ts": "2026-06-22T19:10:22.939540+00:00", "level": "metric", "event": "chunk_ack", "role": "benchmark", "region": "eastus", "seq_num": 71, "rtt_ms": 26469.12, "verified": true, "status": "forwarded_no_ack", "mode": "isolation"}
{"ts": "2026-06-22T19:10:23.318055+00:00", "level": "metric", "event": "chunk_ack", "role": "benchmark", "region": "eastus", "seq_num": 72, "rtt_ms": 26848.48, "verified": true, "status": "forwarded_no_ack", "mode": "isolation"}
{"ts": "2026-06-22T19:10:23.696032+00:00", "level": "metric", "event": "chunk_ack", "role": "benchmark", "region": "eastus", "seq_num": 73, "rtt_ms": 27225.47, "verified": true, "status": "forwarded_no_ack", "mode": "isolation"}
{"ts": "2026-06-22T19:10:24.073833+00:00", "level": "metric", "event": "chunk_ack", "role": "benchmark", "region": "eastus", "seq_num": 74, "rtt_ms": 27602.66, "verified": true, "status": "forwarded_no_ack", "mode": "isolation"}
{"ts": "2026-06-22T19:10:24.453345+00:00", "level": "metric", "event": "chunk_ack", "role": "benchmark", "region": "eastus", "seq_num": 75, "rtt_ms": 27979.56, "verified": true, "status": "error", "mode": "isolation"}
{"ts": "2026-06-22T19:10:24.838577+00:00", "level": "metric", "event": "chunk_ack", "role": "benchmark", "region": "eastus", "seq_num": 76, "rtt_ms": 28359.55, "verified": true, "status": "forwarded_no_ack", "mode": "isolation"}
{"ts": "2026-06-22T19:10:25.217405+00:00", "level": "metric", "event": "chunk_ack", "role": "benchmark", "region": "eastus", "seq_num": 77, "rtt_ms": 28742.66, "verified": true, "status": "forwarded_no_ack", "mode": "isolation"}
{"ts": "2026-06-22T19:10:25.594986+00:00", "level": "metric", "event": "chunk_ack", "role": "benchmark", "region": "eastus", "seq_num": 78, "rtt_ms": 29120.65, "verified": true, "status": "forwarded_no_ack", "mode": "isolation"}
{"ts": "2026-06-22T19:10:25.978013+00:00", "level": "metric", "event": "chunk_ack", "role": "benchmark", "region": "eastus", "seq_num": 79, "rtt_ms": 29497.27, "verified": true, "status": "forwarded_no_ack", "mode": "isolation"}
{"ts": "2026-06-22T19:10:26.357049+00:00", "level": "metric", "event": "chunk_ack", "role": "benchmark", "region": "eastus", "seq_num": 80, "rtt_ms": 29879.77, "verified": true, "status": "forwarded_no_ack", "mode": "isolation"}
{"ts": "2026-06-22T19:10:26.736083+00:00", "level": "metric", "event": "chunk_ack", "role": "benchmark", "region": "eastus", "seq_num": 81, "rtt_ms": 30257.96, "verified": true, "status": "forwarded_no_ack", "mode": "isolation"}
{"ts": "2026-06-22T19:10:27.119327+00:00", "level": "metric", "event": "chunk_ack", "role": "benchmark", "region": "eastus", "seq_num": 82, "rtt_ms": 30636.31, "verified": true, "status": "forwarded_no_ack", "mode": "isolation"}
{"ts": "2026-06-22T19:10:27.499583+00:00", "level": "metric", "event": "chunk_ack", "role": "benchmark", "region": "eastus", "seq_num": 83, "rtt_ms": 31018.31, "verified": true, "status": "forwarded_no_ack", "mode": "isolation"}
{"ts": "2026-06-22T19:10:27.881752+00:00", "level": "metric", "event": "chunk_ack", "role": "benchmark", "region": "eastus", "seq_num": 84, "rtt_ms": 31397.81, "verified": true, "status": "forwarded_no_ack", "mode": "isolation"}
{"ts": "2026-06-22T19:10:28.261346+00:00", "level": "metric", "event": "chunk_ack", "role": "benchmark", "region": "eastus", "seq_num": 85, "rtt_ms": 31778.91, "verified": true, "status": "forwarded_no_ack", "mode": "isolation"}
{"ts": "2026-06-22T19:10:28.641948+00:00", "level": "metric", "event": "chunk_ack", "role": "benchmark", "region": "eastus", "seq_num": 86, "rtt_ms": 32157.85, "verified": true, "status": "forwarded_no_ack", "mode": "isolation"}
{"ts": "2026-06-22T19:10:29.020158+00:00", "level": "metric", "event": "chunk_ack", "role": "benchmark", "region": "eastus", "seq_num": 87, "rtt_ms": 32537.37, "verified": true, "status": "forwarded_no_ack", "mode": "isolation"}
{"ts": "2026-06-22T19:10:29.399084+00:00", "level": "metric", "event": "chunk_ack", "role": "benchmark", "region": "eastus", "seq_num": 88, "rtt_ms": 32914.9, "verified": true, "status": "forwarded_no_ack", "mode": "isolation"}
{"ts": "2026-06-22T19:10:29.965942+00:00", "level": "metric", "event": "chunk_ack", "role": "benchmark", "region": "eastus", "seq_num": 89, "rtt_ms": 33292.89, "verified": true, "status": "forwarded_no_ack", "mode": "isolation"}
{"ts": "2026-06-22T19:10:30.344632+00:00", "level": "metric", "event": "chunk_ack", "role": "benchmark", "region": "eastus", "seq_num": 90, "rtt_ms": 33859.25, "verified": true, "status": "forwarded_no_ack", "mode": "isolation"}
{"ts": "2026-06-22T19:10:30.723423+00:00", "level": "metric", "event": "chunk_ack", "role": "benchmark", "region": "eastus", "seq_num": 91, "rtt_ms": 34236.77, "verified": true, "status": "forwarded_no_ack", "mode": "isolation"}
{"ts": "2026-06-22T19:10:31.103337+00:00", "level": "metric", "event": "chunk_ack", "role": "benchmark", "region": "eastus", "seq_num": 92, "rtt_ms": 34615.05, "verified": true, "status": "forwarded_no_ack", "mode": "isolation"}
{"ts": "2026-06-22T19:10:31.484042+00:00", "level": "metric", "event": "chunk_ack", "role": "benchmark", "region": "eastus", "seq_num": 93, "rtt_ms": 34994.06, "verified": true, "status": "forwarded_no_ack", "mode": "isolation"}
{"ts": "2026-06-22T19:10:31.862870+00:00", "level": "metric", "event": "chunk_ack", "role": "benchmark", "region": "eastus", "seq_num": 94, "rtt_ms": 35373.84, "verified": true, "status": "forwarded_no_ack", "mode": "isolation"}
{"ts": "2026-06-22T19:10:32.240759+00:00", "level": "metric", "event": "chunk_ack", "role": "benchmark", "region": "eastus", "seq_num": 95, "rtt_ms": 35751.58, "verified": true, "status": "forwarded_no_ack", "mode": "isolation"}
{"ts": "2026-06-22T19:10:32.624131+00:00", "level": "metric", "event": "chunk_ack", "role": "benchmark", "region": "eastus", "seq_num": 96, "rtt_ms": 36128.65, "verified": true, "status": "forwarded_no_ack", "mode": "isolation"}
{"ts": "2026-06-22T19:10:33.002228+00:00", "level": "metric", "event": "chunk_ack", "role": "benchmark", "region": "eastus", "seq_num": 97, "rtt_ms": 36511.12, "verified": true, "status": "forwarded_no_ack", "mode": "isolation"}
{"ts": "2026-06-22T19:10:33.387773+00:00", "level": "metric", "event": "chunk_ack", "role": "benchmark", "region": "eastus", "seq_num": 98, "rtt_ms": 36888.4, "verified": true, "status": "forwarded_no_ack", "mode": "isolation"}
{"ts": "2026-06-22T19:10:33.766286+00:00", "level": "metric", "event": "chunk_ack", "role": "benchmark", "region": "eastus", "seq_num": 99, "rtt_ms": 37273.29, "verified": true, "status": "forwarded_no_ack", "mode": "isolation"}
{"ts": "2026-06-22T19:10:34.149937+00:00", "level": "metric", "event": "chunk_ack", "role": "benchmark", "region": "eastus", "seq_num": 100, "rtt_ms": 37650.94, "verified": true, "status": "forwarded_no_ack", "mode": "isolation"}
{"ts": "2026-06-22T19:10:34.528925+00:00", "level": "metric", "event": "chunk_ack", "role": "benchmark", "region": "eastus", "seq_num": 101, "rtt_ms": 38033.52, "verified": true, "status": "error", "mode": "isolation"}
{"ts": "2026-06-22T19:10:34.910297+00:00", "level": "metric", "event": "chunk_ack", "role": "benchmark", "region": "eastus", "seq_num": 102, "rtt_ms": 38411.98, "verified": true, "status": "forwarded_no_ack", "mode": "isolation"}
{"ts": "2026-06-22T19:10:35.288493+00:00", "level": "metric", "event": "chunk_ack", "role": "benchmark", "region": "eastus", "seq_num": 103, "rtt_ms": 38792.29, "verified": true, "status": "forwarded_no_ack", "mode": "isolation"}
{"ts": "2026-06-22T19:10:35.766832+00:00", "level": "metric", "event": "chunk_ack", "role": "benchmark", "region": "eastus", "seq_num": 104, "rtt_ms": 39169.63, "verified": true, "status": "forwarded_no_ack", "mode": "isolation"}
{"ts": "2026-06-22T19:10:36.145419+00:00", "level": "metric", "event": "chunk_ack", "role": "benchmark", "region": "eastus", "seq_num": 105, "rtt_ms": 39646.88, "verified": true, "status": "forwarded_no_ack", "mode": "isolation"}
{"ts": "2026-06-22T19:10:36.523785+00:00", "level": "metric", "event": "chunk_ack", "role": "benchmark", "region": "eastus", "seq_num": 106, "rtt_ms": 40024.97, "verified": true, "status": "forwarded_no_ack", "mode": "isolation"}
{"ts": "2026-06-22T19:10:36.902290+00:00", "level": "metric", "event": "chunk_ack", "role": "benchmark", "region": "eastus", "seq_num": 107, "rtt_ms": 40402.23, "verified": true, "status": "forwarded_no_ack", "mode": "isolation"}
{"ts": "2026-06-22T19:10:37.280326+00:00", "level": "metric", "event": "chunk_ack", "role": "benchmark", "region": "eastus", "seq_num": 108, "rtt_ms": 40779.83, "verified": true, "status": "forwarded_no_ack", "mode": "isolation"}
{"ts": "2026-06-22T19:10:37.658767+00:00", "level": "metric", "event": "chunk_ack", "role": "benchmark", "region": "eastus", "seq_num": 109, "rtt_ms": 41156.97, "verified": true, "status": "forwarded_no_ack", "mode": "isolation"}
{"ts": "2026-06-22T19:10:38.044878+00:00", "level": "metric", "event": "chunk_ack", "role": "benchmark", "region": "eastus", "seq_num": 110, "rtt_ms": 41534.99, "verified": true, "status": "forwarded_no_ack", "mode": "isolation"}
{"ts": "2026-06-22T19:10:38.423472+00:00", "level": "metric", "event": "chunk_ack", "role": "benchmark", "region": "eastus", "seq_num": 111, "rtt_ms": 41920.13, "verified": true, "status": "forwarded_no_ack", "mode": "isolation"}
{"ts": "2026-06-22T19:10:38.802089+00:00", "level": "metric", "event": "chunk_ack", "role": "benchmark", "region": "eastus", "seq_num": 112, "rtt_ms": 42297.71, "verified": true, "status": "forwarded_no_ack", "mode": "isolation"}
{"ts": "2026-06-22T19:10:39.185097+00:00", "level": "metric", "event": "chunk_ack", "role": "benchmark", "region": "eastus", "seq_num": 113, "rtt_ms": 42675.35, "verified": true, "status": "forwarded_no_ack", "mode": "isolation"}
{"ts": "2026-06-22T19:10:39.568092+00:00", "level": "metric", "event": "chunk_ack", "role": "benchmark", "region": "eastus", "seq_num": 114, "rtt_ms": 43058.46, "verified": true, "status": "forwarded_no_ack", "mode": "isolation"}
{"ts": "2026-06-22T19:10:39.946688+00:00", "level": "metric", "event": "chunk_ack", "role": "benchmark", "region": "eastus", "seq_num": 115, "rtt_ms": 43440.16, "verified": true, "status": "forwarded_no_ack", "mode": "isolation"}
{"ts": "2026-06-22T19:10:40.329814+00:00", "level": "metric", "event": "chunk_ack", "role": "benchmark", "region": "eastus", "seq_num": 116, "rtt_ms": 43817.38, "verified": true, "status": "forwarded_no_ack", "mode": "isolation"}
{"ts": "2026-06-22T19:10:40.711134+00:00", "level": "metric", "event": "chunk_ack", "role": "benchmark", "region": "eastus", "seq_num": 117, "rtt_ms": 44199.63, "verified": true, "status": "forwarded_no_ack", "mode": "isolation"}
{"ts": "2026-06-22T19:10:41.089458+00:00", "level": "metric", "event": "chunk_ack", "role": "benchmark", "region": "eastus", "seq_num": 118, "rtt_ms": 44580.17, "verified": true, "status": "forwarded_no_ack", "mode": "isolation"}
{"ts": "2026-06-22T19:10:41.467677+00:00", "level": "metric", "event": "chunk_ack", "role": "benchmark", "region": "eastus", "seq_num": 119, "rtt_ms": 44957.65, "verified": true, "status": "forwarded_no_ack", "mode": "isolation"}
{"ts": "2026-06-22T19:10:41.845256+00:00", "level": "metric", "event": "chunk_ack", "role": "benchmark", "region": "eastus", "seq_num": 120, "rtt_ms": 45335.21, "verified": true, "status": "forwarded_no_ack", "mode": "isolation"}
{"ts": "2026-06-22T19:10:42.224192+00:00", "level": "metric", "event": "chunk_ack", "role": "benchmark", "region": "eastus", "seq_num": 121, "rtt_ms": 45711.89, "verified": true, "status": "forwarded_no_ack", "mode": "isolation"}
{"ts": "2026-06-22T19:10:42.603613+00:00", "level": "metric", "event": "chunk_ack", "role": "benchmark", "region": "eastus", "seq_num": 122, "rtt_ms": 46091.21, "verified": true, "status": "forwarded_no_ack", "mode": "isolation"}
{"ts": "2026-06-22T19:10:43.170932+00:00", "level": "metric", "event": "chunk_ack", "role": "benchmark", "region": "eastus", "seq_num": 123, "rtt_ms": 46468.66, "verified": true, "status": "forwarded_no_ack", "mode": "isolation"}
{"ts": "2026-06-22T19:10:43.549516+00:00", "level": "metric", "event": "chunk_ack", "role": "benchmark", "region": "eastus", "seq_num": 124, "rtt_ms": 47034.67, "verified": true, "status": "forwarded_no_ack", "mode": "isolation"}
{"ts": "2026-06-22T19:10:43.927727+00:00", "level": "metric", "event": "chunk_ack", "role": "benchmark", "region": "eastus", "seq_num": 125, "rtt_ms": 47412.4, "verified": true, "status": "forwarded_no_ack", "mode": "isolation"}
{"ts": "2026-06-22T19:10:44.306512+00:00", "level": "metric", "event": "chunk_ack", "role": "benchmark", "region": "eastus", "seq_num": 126, "rtt_ms": 47789.91, "verified": true, "status": "forwarded_no_ack", "mode": "isolation"}
{"ts": "2026-06-22T19:10:44.684919+00:00", "level": "metric", "event": "chunk_ack", "role": "benchmark", "region": "eastus", "seq_num": 127, "rtt_ms": 48167.7, "verified": true, "status": "forwarded_no_ack", "mode": "isolation"}
{"ts": "2026-06-22T19:10:45.063344+00:00", "level": "metric", "event": "chunk_ack", "role": "benchmark", "region": "eastus", "seq_num": 128, "rtt_ms": 48545.25, "verified": true, "status": "forwarded_no_ack", "mode": "isolation"}
{"ts": "2026-06-22T19:10:45.347117+00:00", "level": "metric", "event": "chunk_ack", "role": "benchmark", "region": "eastus", "seq_num": 129, "rtt_ms": 48922.72, "verified": true, "status": "forwarded_no_ack", "mode": "isolation"}
{"ts": "2026-06-22T19:10:45.818958+00:00", "level": "metric", "event": "chunk_ack", "role": "benchmark", "region": "eastus", "seq_num": 130, "rtt_ms": 49205.64, "verified": true, "status": "forwarded_no_ack", "mode": "isolation"}
{"ts": "2026-06-22T19:10:46.202619+00:00", "level": "metric", "event": "chunk_ack", "role": "benchmark", "region": "eastus", "seq_num": 131, "rtt_ms": 49676.58, "verified": true, "status": "forwarded_no_ack", "mode": "isolation"}
{"ts": "2026-06-22T19:10:46.589316+00:00", "level": "metric", "event": "chunk_ack", "role": "benchmark", "region": "eastus", "seq_num": 132, "rtt_ms": 50059.47, "verified": true, "status": "forwarded_no_ack", "mode": "isolation"}
{"ts": "2026-06-22T19:10:46.967391+00:00", "level": "metric", "event": "chunk_ack", "role": "benchmark", "region": "eastus", "seq_num": 133, "rtt_ms": 50445.25, "verified": true, "status": "forwarded_no_ack", "mode": "isolation"}
{"ts": "2026-06-22T19:10:47.345664+00:00", "level": "metric", "event": "chunk_ack", "role": "benchmark", "region": "eastus", "seq_num": 134, "rtt_ms": 50822.55, "verified": true, "status": "forwarded_no_ack", "mode": "isolation"}
{"ts": "2026-06-22T19:10:47.724531+00:00", "level": "metric", "event": "chunk_ack", "role": "benchmark", "region": "eastus", "seq_num": 135, "rtt_ms": 51200.38, "verified": true, "status": "forwarded_no_ack", "mode": "isolation"}
{"ts": "2026-06-22T19:10:48.102993+00:00", "level": "metric", "event": "chunk_ack", "role": "benchmark", "region": "eastus", "seq_num": 136, "rtt_ms": 51578.15, "verified": true, "status": "forwarded_no_ack", "mode": "isolation"}
{"ts": "2026-06-22T19:10:48.483710+00:00", "level": "metric", "event": "chunk_ack", "role": "benchmark", "region": "eastus", "seq_num": 137, "rtt_ms": 51955.43, "verified": true, "status": "forwarded_no_ack", "mode": "isolation"}
{"ts": "2026-06-22T19:10:48.861146+00:00", "level": "metric", "event": "chunk_ack", "role": "benchmark", "region": "eastus", "seq_num": 138, "rtt_ms": 52335.44, "verified": true, "status": "forwarded_no_ack", "mode": "isolation"}
{"ts": "2026-06-22T19:10:49.238495+00:00", "level": "metric", "event": "chunk_ack", "role": "benchmark", "region": "eastus", "seq_num": 139, "rtt_ms": 52711.96, "verified": true, "status": "forwarded_no_ack", "mode": "isolation"}
{"ts": "2026-06-22T19:10:49.616770+00:00", "level": "metric", "event": "chunk_ack", "role": "benchmark", "region": "eastus", "seq_num": 140, "rtt_ms": 53086.87, "verified": true, "status": "forwarded_no_ack", "mode": "isolation"}
{"ts": "2026-06-22T19:10:49.996368+00:00", "level": "metric", "event": "chunk_ack", "role": "benchmark", "region": "eastus", "seq_num": 141, "rtt_ms": 53464.44, "verified": true, "status": "forwarded_no_ack", "mode": "isolation"}
{"ts": "2026-06-22T19:10:50.374978+00:00", "level": "metric", "event": "chunk_ack", "role": "benchmark", "region": "eastus", "seq_num": 142, "rtt_ms": 53843.35, "verified": true, "status": "forwarded_no_ack", "mode": "isolation"}
{"ts": "2026-06-22T19:10:50.752683+00:00", "level": "metric", "event": "chunk_ack", "role": "benchmark", "region": "eastus", "seq_num": 143, "rtt_ms": 54220.67, "verified": true, "status": "forwarded_no_ack", "mode": "isolation"}
{"ts": "2026-06-22T19:10:51.138346+00:00", "level": "metric", "event": "chunk_ack", "role": "benchmark", "region": "eastus", "seq_num": 144, "rtt_ms": 54597.58, "verified": true, "status": "forwarded_no_ack", "mode": "isolation"}
{"ts": "2026-06-22T19:10:51.523824+00:00", "level": "metric", "event": "chunk_ack", "role": "benchmark", "region": "eastus", "seq_num": 145, "rtt_ms": 54982.32, "verified": true, "status": "forwarded_no_ack", "mode": "isolation"}
{"ts": "2026-06-22T19:10:51.901891+00:00", "level": "metric", "event": "chunk_ack", "role": "benchmark", "region": "eastus", "seq_num": 146, "rtt_ms": 55367.11, "verified": true, "status": "forwarded_no_ack", "mode": "isolation"}
{"ts": "2026-06-22T19:10:52.282776+00:00", "level": "metric", "event": "chunk_ack", "role": "benchmark", "region": "eastus", "seq_num": 147, "rtt_ms": 55744.13, "verified": true, "status": "forwarded_no_ack", "mode": "isolation"}
{"ts": "2026-06-22T19:10:52.662361+00:00", "level": "metric", "event": "chunk_ack", "role": "benchmark", "region": "eastus", "seq_num": 148, "rtt_ms": 56124.26, "verified": true, "status": "forwarded_no_ack", "mode": "isolation"}
{"ts": "2026-06-22T19:10:53.041228+00:00", "level": "metric", "event": "chunk_ack", "role": "benchmark", "region": "eastus", "seq_num": 149, "rtt_ms": 56502.82, "verified": true, "status": "forwarded_no_ack", "mode": "isolation"}
{"ts": "2026-06-22T19:10:53.424146+00:00", "level": "metric", "event": "chunk_ack", "role": "benchmark", "region": "eastus", "seq_num": 150, "rtt_ms": 56880.72, "verified": true, "status": "forwarded_no_ack", "mode": "isolation"}
{"ts": "2026-06-22T19:10:53.802591+00:00", "level": "metric", "event": "chunk_ack", "role": "benchmark", "region": "eastus", "seq_num": 151, "rtt_ms": 57263.03, "verified": true, "status": "forwarded_no_ack", "mode": "isolation"}
{"ts": "2026-06-22T19:10:54.180525+00:00", "level": "metric", "event": "chunk_ack", "role": "benchmark", "region": "eastus", "seq_num": 152, "rtt_ms": 57640.48, "verified": true, "status": "forwarded_no_ack", "mode": "isolation"}
{"ts": "2026-06-22T19:10:54.562202+00:00", "level": "metric", "event": "chunk_ack", "role": "benchmark", "region": "eastus", "seq_num": 153, "rtt_ms": 58017.59, "verified": true, "status": "forwarded_no_ack", "mode": "isolation"}
{"ts": "2026-06-22T19:10:54.941256+00:00", "level": "metric", "event": "chunk_ack", "role": "benchmark", "region": "eastus", "seq_num": 154, "rtt_ms": 58398.39, "verified": true, "status": "forwarded_no_ack", "mode": "isolation"}
{"ts": "2026-06-22T19:10:55.318727+00:00", "level": "metric", "event": "chunk_ack", "role": "benchmark", "region": "eastus", "seq_num": 155, "rtt_ms": 58776.58, "verified": true, "status": "forwarded_no_ack", "mode": "isolation"}
{"ts": "2026-06-22T19:10:55.699773+00:00", "level": "metric", "event": "chunk_ack", "role": "benchmark", "region": "eastus", "seq_num": 156, "rtt_ms": 59153.01, "verified": true, "status": "forwarded_no_ack", "mode": "isolation"}
{"ts": "2026-06-22T19:10:56.270912+00:00", "level": "metric", "event": "chunk_ack", "role": "benchmark", "region": "eastus", "seq_num": 157, "rtt_ms": 59533.6, "verified": true, "status": "forwarded_no_ack", "mode": "isolation"}
{"ts": "2026-06-22T19:10:56.648874+00:00", "level": "metric", "event": "chunk_ack", "role": "benchmark", "region": "eastus", "seq_num": 158, "rtt_ms": 60103.76, "verified": true, "status": "forwarded_no_ack", "mode": "isolation"}
{"ts": "2026-06-22T19:10:57.028220+00:00", "level": "metric", "event": "chunk_ack", "role": "benchmark", "region": "eastus", "seq_num": 159, "rtt_ms": 60480.68, "verified": true, "status": "forwarded_no_ack", "mode": "isolation"}
{"ts": "2026-06-22T19:10:57.408402+00:00", "level": "metric", "event": "chunk_ack", "role": "benchmark", "region": "eastus", "seq_num": 160, "rtt_ms": 60859.12, "verified": true, "status": "forwarded_no_ack", "mode": "isolation"}
{"ts": "2026-06-22T19:10:57.786821+00:00", "level": "metric", "event": "chunk_ack", "role": "benchmark", "region": "eastus", "seq_num": 161, "rtt_ms": 61238.56, "verified": true, "status": "forwarded_no_ack", "mode": "isolation"}
{"ts": "2026-06-22T19:10:58.166214+00:00", "level": "metric", "event": "chunk_ack", "role": "benchmark", "region": "eastus", "seq_num": 162, "rtt_ms": 61616.06, "verified": true, "status": "forwarded_no_ack", "mode": "isolation"}
{"ts": "2026-06-22T19:10:58.543814+00:00", "level": "metric", "event": "chunk_ack", "role": "benchmark", "region": "eastus", "seq_num": 163, "rtt_ms": 61994.61, "verified": true, "status": "forwarded_no_ack", "mode": "isolation"}
{"ts": "2026-06-22T19:10:58.943109+00:00", "level": "metric", "event": "chunk_ack", "role": "benchmark", "region": "eastus", "seq_num": 164, "rtt_ms": 62371.29, "verified": true, "status": "forwarded_no_ack", "mode": "isolation"}
{"ts": "2026-06-22T19:10:59.322800+00:00", "level": "metric", "event": "chunk_ack", "role": "benchmark", "region": "eastus", "seq_num": 165, "rtt_ms": 62769.83, "verified": true, "status": "forwarded_no_ack", "mode": "isolation"}
{"ts": "2026-06-22T19:10:59.716791+00:00", "level": "metric", "event": "chunk_ack", "role": "benchmark", "region": "eastus", "seq_num": 166, "rtt_ms": 63148.63, "verified": true, "status": "forwarded_no_ack", "mode": "isolation"}
{"ts": "2026-06-22T19:11:00.102011+00:00", "level": "metric", "event": "chunk_ack", "role": "benchmark", "region": "eastus", "seq_num": 167, "rtt_ms": 63541.85, "verified": true, "status": "forwarded_no_ack", "mode": "isolation"}
{"ts": "2026-06-22T19:11:00.480353+00:00", "level": "metric", "event": "chunk_ack", "role": "benchmark", "region": "eastus", "seq_num": 168, "rtt_ms": 63926.18, "verified": true, "status": "forwarded_no_ack", "mode": "isolation"}
{"ts": "2026-06-22T19:11:00.861449+00:00", "level": "metric", "event": "chunk_ack", "role": "benchmark", "region": "eastus", "seq_num": 169, "rtt_ms": 64304.14, "verified": true, "status": "forwarded_no_ack", "mode": "isolation"}
{"ts": "2026-06-22T19:11:01.245790+00:00", "level": "metric", "event": "chunk_ack", "role": "benchmark", "region": "eastus", "seq_num": 170, "rtt_ms": 64683.88, "verified": true, "status": "forwarded_no_ack", "mode": "isolation"}
{"ts": "2026-06-22T19:11:01.623896+00:00", "level": "metric", "event": "chunk_ack", "role": "benchmark", "region": "eastus", "seq_num": 171, "rtt_ms": 65067.63, "verified": true, "status": "forwarded_no_ack", "mode": "isolation"}
{"ts": "2026-06-22T19:11:02.006421+00:00", "level": "metric", "event": "chunk_ack", "role": "benchmark", "region": "eastus", "seq_num": 172, "rtt_ms": 65444.67, "verified": true, "status": "forwarded_no_ack", "mode": "isolation"}
{"ts": "2026-06-22T19:11:02.390776+00:00", "level": "metric", "event": "chunk_ack", "role": "benchmark", "region": "eastus", "seq_num": 173, "rtt_ms": 65827.0, "verified": true, "status": "forwarded_no_ack", "mode": "isolation"}
{"ts": "2026-06-22T19:11:02.771133+00:00", "level": "metric", "event": "chunk_ack", "role": "benchmark", "region": "eastus", "seq_num": 174, "rtt_ms": 66209.8, "verified": true, "status": "forwarded_no_ack", "mode": "isolation"}
{"ts": "2026-06-22T19:11:03.148823+00:00", "level": "metric", "event": "chunk_ack", "role": "benchmark", "region": "eastus", "seq_num": 175, "rtt_ms": 66589.31, "verified": true, "status": "forwarded_no_ack", "mode": "isolation"}
{"ts": "2026-06-22T19:11:03.528539+00:00", "level": "metric", "event": "chunk_ack", "role": "benchmark", "region": "eastus", "seq_num": 176, "rtt_ms": 66966.06, "verified": true, "status": "forwarded_no_ack", "mode": "isolation"}
{"ts": "2026-06-22T19:11:03.912046+00:00", "level": "metric", "event": "chunk_ack", "role": "benchmark", "region": "eastus", "seq_num": 177, "rtt_ms": 67345.53, "verified": true, "status": "forwarded_no_ack", "mode": "isolation"}
{"ts": "2026-06-22T19:11:04.290006+00:00", "level": "metric", "event": "chunk_ack", "role": "benchmark", "region": "eastus", "seq_num": 178, "rtt_ms": 67727.54, "verified": true, "status": "forwarded_no_ack", "mode": "isolation"}
{"ts": "2026-06-22T19:11:04.670753+00:00", "level": "metric", "event": "chunk_ack", "role": "benchmark", "region": "eastus", "seq_num": 179, "rtt_ms": 68104.77, "verified": true, "status": "forwarded_no_ack", "mode": "isolation"}
{"ts": "2026-06-22T19:11:05.049280+00:00", "level": "metric", "event": "chunk_ack", "role": "benchmark", "region": "eastus", "seq_num": 180, "rtt_ms": 68483.74, "verified": true, "status": "forwarded_no_ack", "mode": "isolation"}
{"ts": "2026-06-22T19:11:05.427558+00:00", "level": "metric", "event": "chunk_ack", "role": "benchmark", "region": "eastus", "seq_num": 181, "rtt_ms": 68861.89, "verified": true, "status": "forwarded_no_ack", "mode": "isolation"}
{"ts": "2026-06-22T19:11:05.805952+00:00", "level": "metric", "event": "chunk_ack", "role": "benchmark", "region": "eastus", "seq_num": 182, "rtt_ms": 69238.66, "verified": true, "status": "forwarded_no_ack", "mode": "isolation"}
{"ts": "2026-06-22T19:11:06.185134+00:00", "level": "metric", "event": "chunk_ack", "role": "benchmark", "region": "eastus", "seq_num": 183, "rtt_ms": 69615.83, "verified": true, "status": "forwarded_no_ack", "mode": "isolation"}
{"ts": "2026-06-22T19:11:06.569147+00:00", "level": "metric", "event": "chunk_ack", "role": "benchmark", "region": "eastus", "seq_num": 184, "rtt_ms": 69993.93, "verified": true, "status": "forwarded_no_ack", "mode": "isolation"}
{"ts": "2026-06-22T19:11:07.042287+00:00", "level": "metric", "event": "chunk_ack", "role": "benchmark", "region": "eastus", "seq_num": 185, "rtt_ms": 70377.35, "verified": true, "status": "forwarded_no_ack", "mode": "isolation"}
{"ts": "2026-06-22T19:11:07.422786+00:00", "level": "metric", "event": "chunk_ack", "role": "benchmark", "region": "eastus", "seq_num": 186, "rtt_ms": 70848.76, "verified": true, "status": "forwarded_no_ack", "mode": "isolation"}
{"ts": "2026-06-22T19:11:07.800672+00:00", "level": "metric", "event": "chunk_ack", "role": "benchmark", "region": "eastus", "seq_num": 187, "rtt_ms": 71228.37, "verified": true, "status": "forwarded_no_ack", "mode": "isolation"}
{"ts": "2026-06-22T19:11:08.180833+00:00", "level": "metric", "event": "chunk_ack", "role": "benchmark", "region": "eastus", "seq_num": 188, "rtt_ms": 71605.36, "verified": true, "status": "forwarded_no_ack", "mode": "isolation"}
{"ts": "2026-06-22T19:11:08.563615+00:00", "level": "metric", "event": "chunk_ack", "role": "benchmark", "region": "eastus", "seq_num": 189, "rtt_ms": 71984.15, "verified": true, "status": "forwarded_no_ack", "mode": "isolation"}
{"ts": "2026-06-22T19:11:08.944837+00:00", "level": "metric", "event": "chunk_ack", "role": "benchmark", "region": "eastus", "seq_num": 190, "rtt_ms": 72365.94, "verified": true, "status": "forwarded_no_ack", "mode": "isolation"}
{"ts": "2026-06-22T19:11:09.514377+00:00", "level": "metric", "event": "chunk_ack", "role": "benchmark", "region": "eastus", "seq_num": 191, "rtt_ms": 72746.51, "verified": true, "status": "forwarded_no_ack", "mode": "isolation"}
{"ts": "2026-06-22T19:11:09.895268+00:00", "level": "metric", "event": "chunk_ack", "role": "benchmark", "region": "eastus", "seq_num": 192, "rtt_ms": 73314.94, "verified": true, "status": "forwarded_no_ack", "mode": "isolation"}
{"ts": "2026-06-22T19:11:10.276328+00:00", "level": "metric", "event": "chunk_ack", "role": "benchmark", "region": "eastus", "seq_num": 193, "rtt_ms": 73695.43, "verified": true, "status": "forwarded_no_ack", "mode": "isolation"}
{"ts": "2026-06-22T19:11:10.655233+00:00", "level": "metric", "event": "chunk_ack", "role": "benchmark", "region": "eastus", "seq_num": 194, "rtt_ms": 74075.68, "verified": true, "status": "forwarded_no_ack", "mode": "isolation"}
{"ts": "2026-06-22T19:11:11.033236+00:00", "level": "metric", "event": "chunk_ack", "role": "benchmark", "region": "eastus", "seq_num": 195, "rtt_ms": 74453.76, "verified": true, "status": "forwarded_no_ack", "mode": "isolation"}
{"ts": "2026-06-22T19:11:11.412089+00:00", "level": "metric", "event": "chunk_ack", "role": "benchmark", "region": "eastus", "seq_num": 196, "rtt_ms": 74830.85, "verified": true, "status": "forwarded_no_ack", "mode": "isolation"}
{"ts": "2026-06-22T19:11:11.795138+00:00", "level": "metric", "event": "chunk_ack", "role": "benchmark", "region": "eastus", "seq_num": 197, "rtt_ms": 75211.89, "verified": true, "status": "forwarded_no_ack", "mode": "isolation"}
{"ts": "2026-06-22T19:11:12.172969+00:00", "level": "metric", "event": "chunk_ack", "role": "benchmark", "region": "eastus", "seq_num": 198, "rtt_ms": 75590.83, "verified": true, "status": "forwarded_no_ack", "mode": "isolation"}
{"ts": "2026-06-22T19:11:12.555623+00:00", "level": "metric", "event": "chunk_ack", "role": "benchmark", "region": "eastus", "seq_num": 199, "rtt_ms": 75967.69, "verified": true, "status": "forwarded_no_ack", "mode": "isolation"}
{"ts": "2026-06-22T19:11:12.935184+00:00", "level": "metric", "event": "chunk_ack", "role": "benchmark", "region": "eastus", "seq_num": 200, "rtt_ms": 76349.46, "verified": true, "status": "forwarded_no_ack", "mode": "isolation"}
{"ts": "2026-06-22T19:11:13.889435+00:00", "level": "metric", "event": "chunk_ack", "role": "benchmark", "region": "eastus", "seq_num": 201, "rtt_ms": 76728.64, "verified": true, "status": "forwarded_no_ack", "mode": "isolation"}
{"ts": "2026-06-22T19:11:14.274943+00:00", "level": "metric", "event": "chunk_ack", "role": "benchmark", "region": "eastus", "seq_num": 202, "rtt_ms": 77682.64, "verified": true, "status": "forwarded_no_ack", "mode": "isolation"}
{"ts": "2026-06-22T19:11:14.469126+00:00", "level": "metric", "event": "chunk_ack", "role": "benchmark", "region": "eastus", "seq_num": 203, "rtt_ms": 78066.21, "verified": true, "status": "forwarded_no_ack", "mode": "isolation"}
{"ts": "2026-06-22T19:11:14.659471+00:00", "level": "metric", "event": "chunk_ack", "role": "benchmark", "region": "eastus", "seq_num": 204, "rtt_ms": 78259.47, "verified": true, "status": "forwarded_no_ack", "mode": "isolation"}
{"ts": "2026-06-22T19:11:14.852994+00:00", "level": "info", "event": "mode_complete", "role": "benchmark", "region": "eastus", "mode": "isolation", "avg_rtt_ms": 39383.962, "p99_rtt_ms": 77682.637, "throughput_mbps": 0.01, "verified_pct": 100.0}
{"ts": "2026-06-22T19:11:14.853093+00:00", "level": "info", "event": "mode_started", "role": "benchmark", "region": "eastus", "mode": "superposition"}
{"ts": "2026-06-22T19:11:16.282457+00:00", "level": "metric", "event": "chunk_ack", "role": "benchmark", "region": "eastus", "seq_num": 0, "rtt_ms": 200.46, "verified": true, "status": "forwarded_no_ack", "mode": "superposition"}
{"ts": "2026-06-22T19:11:16.441816+00:00", "level": "metric", "event": "chunk_ack", "role": "benchmark", "region": "eastus", "seq_num": 1, "rtt_ms": 315.07, "verified": true, "status": "forwarded_no_ack", "mode": "superposition"}
{"ts": "2026-06-22T19:11:16.592075+00:00", "level": "metric", "event": "chunk_ack", "role": "benchmark", "region": "eastus", "seq_num": 2, "rtt_ms": 463.11, "verified": true, "status": "forwarded_no_ack", "mode": "superposition"}
{"ts": "2026-06-22T19:11:16.743211+00:00", "level": "metric", "event": "chunk_ack", "role": "benchmark", "region": "eastus", "seq_num": 3, "rtt_ms": 613.37, "verified": true, "status": "forwarded_no_ack", "mode": "superposition"}
{"ts": "2026-06-22T19:11:16.935223+00:00", "level": "metric", "event": "chunk_ack", "role": "benchmark", "region": "eastus", "seq_num": 4, "rtt_ms": 803.28, "verified": true, "status": "error", "mode": "superposition"}
{"ts": "2026-06-22T19:11:17.325489+00:00", "level": "metric", "event": "chunk_ack", "role": "benchmark", "region": "eastus", "seq_num": 5, "rtt_ms": 998.65, "verified": true, "status": "error", "mode": "superposition"}
{"ts": "2026-06-22T19:11:17.515697+00:00", "level": "metric", "event": "chunk_ack", "role": "benchmark", "region": "eastus", "seq_num": 6, "rtt_ms": 1189.11, "verified": true, "status": "forwarded_no_ack", "mode": "superposition"}
{"ts": "2026-06-22T19:11:17.706383+00:00", "level": "metric", "event": "chunk_ack", "role": "benchmark", "region": "eastus", "seq_num": 7, "rtt_ms": 1377.89, "verified": true, "status": "forwarded_no_ack", "mode": "superposition"}
{"ts": "2026-06-22T19:11:17.901396+00:00", "level": "metric", "event": "chunk_ack", "role": "benchmark", "region": "eastus", "seq_num": 8, "rtt_ms": 1565.54, "verified": true, "status": "forwarded_no_ack", "mode": "superposition"}
{"ts": "2026-06-22T19:11:18.092766+00:00", "level": "metric", "event": "chunk_ack", "role": "benchmark", "region": "eastus", "seq_num": 9, "rtt_ms": 1756.98, "verified": true, "status": "forwarded_no_ack", "mode": "superposition"}
{"ts": "2026-06-22T19:11:18.288925+00:00", "level": "metric", "event": "chunk_ack", "role": "benchmark", "region": "eastus", "seq_num": 10, "rtt_ms": 1946.48, "verified": true, "status": "forwarded_no_ack", "mode": "superposition"}
{"ts": "2026-06-22T19:11:18.479741+00:00", "level": "metric", "event": "chunk_ack", "role": "benchmark", "region": "eastus", "seq_num": 11, "rtt_ms": 2139.97, "verified": true, "status": "forwarded_no_ack", "mode": "superposition"}
{"ts": "2026-06-22T19:11:18.671672+00:00", "level": "metric", "event": "chunk_ack", "role": "benchmark", "region": "eastus", "seq_num": 12, "rtt_ms": 2328.6, "verified": true, "status": "forwarded_no_ack", "mode": "superposition"}
{"ts": "2026-06-22T19:11:18.872529+00:00", "level": "metric", "event": "chunk_ack", "role": "benchmark", "region": "eastus", "seq_num": 13, "rtt_ms": 2517.5, "verified": true, "status": "forwarded_no_ack", "mode": "superposition"}
{"ts": "2026-06-22T19:11:19.063165+00:00", "level": "metric", "event": "chunk_ack", "role": "benchmark", "region": "eastus", "seq_num": 14, "rtt_ms": 2716.55, "verified": true, "status": "forwarded_no_ack", "mode": "superposition"}
{"ts": "2026-06-22T19:11:19.253492+00:00", "level": "metric", "event": "chunk_ack", "role": "benchmark", "region": "eastus", "seq_num": 15, "rtt_ms": 2903.92, "verified": true, "status": "forwarded_no_ack", "mode": "superposition"}
{"ts": "2026-06-22T19:11:19.444110+00:00", "level": "metric", "event": "chunk_ack", "role": "benchmark", "region": "eastus", "seq_num": 16, "rtt_ms": 3092.23, "verified": true, "status": "forwarded_no_ack", "mode": "superposition"}
{"ts": "2026-06-22T19:11:19.634130+00:00", "level": "metric", "event": "chunk_ack", "role": "benchmark", "region": "eastus", "seq_num": 17, "rtt_ms": 3280.02, "verified": true, "status": "forwarded_no_ack", "mode": "superposition"}
{"ts": "2026-06-22T19:11:19.824605+00:00", "level": "metric", "event": "chunk_ack", "role": "benchmark", "region": "eastus", "seq_num": 18, "rtt_ms": 3467.23, "verified": true, "status": "forwarded_no_ack", "mode": "superposition"}
{"ts": "2026-06-22T19:11:20.015025+00:00", "level": "metric", "event": "chunk_ack", "role": "benchmark", "region": "eastus", "seq_num": 19, "rtt_ms": 3655.48, "verified": true, "status": "forwarded_no_ack", "mode": "superposition"}
{"ts": "2026-06-22T19:11:20.211624+00:00", "level": "metric", "event": "chunk_ack", "role": "benchmark", "region": "eastus", "seq_num": 20, "rtt_ms": 3843.08, "verified": true, "status": "forwarded_no_ack", "mode": "superposition"}
{"ts": "2026-06-22T19:11:20.401570+00:00", "level": "metric", "event": "chunk_ack", "role": "benchmark", "region": "eastus", "seq_num": 21, "rtt_ms": 4035.49, "verified": true, "status": "forwarded_no_ack", "mode": "superposition"}
{"ts": "2026-06-22T19:11:20.593452+00:00", "level": "metric", "event": "chunk_ack", "role": "benchmark", "region": "eastus", "seq_num": 22, "rtt_ms": 4223.8, "verified": true, "status": "forwarded_no_ack", "mode": "superposition"}
{"ts": "2026-06-22T19:11:20.788681+00:00", "level": "metric", "event": "chunk_ack", "role": "benchmark", "region": "eastus", "seq_num": 23, "rtt_ms": 4413.69, "verified": true, "status": "forwarded_no_ack", "mode": "superposition"}
{"ts": "2026-06-22T19:11:20.978739+00:00", "level": "metric", "event": "chunk_ack", "role": "benchmark", "region": "eastus", "seq_num": 24, "rtt_ms": 4605.65, "verified": true, "status": "forwarded_no_ack", "mode": "superposition"}
{"ts": "2026-06-22T19:11:21.168857+00:00", "level": "metric", "event": "chunk_ack", "role": "benchmark", "region": "eastus", "seq_num": 25, "rtt_ms": 4792.87, "verified": true, "status": "forwarded_no_ack", "mode": "superposition"}
{"ts": "2026-06-22T19:11:21.383047+00:00", "level": "metric", "event": "chunk_ack", "role": "benchmark", "region": "eastus", "seq_num": 26, "rtt_ms": 4979.99, "verified": true, "status": "forwarded_no_ack", "mode": "superposition"}
{"ts": "2026-06-22T19:11:21.578171+00:00", "level": "metric", "event": "chunk_ack", "role": "benchmark", "region": "eastus", "seq_num": 27, "rtt_ms": 5190.82, "verified": true, "status": "forwarded_no_ack", "mode": "superposition"}
{"ts": "2026-06-22T19:11:21.768276+00:00", "level": "metric", "event": "chunk_ack", "role": "benchmark", "region": "eastus", "seq_num": 28, "rtt_ms": 5384.0, "verified": true, "status": "forwarded_no_ack", "mode": "superposition"}
{"ts": "2026-06-22T19:11:21.958495+00:00", "level": "metric", "event": "chunk_ack", "role": "benchmark", "region": "eastus", "seq_num": 29, "rtt_ms": 5572.44, "verified": true, "status": "forwarded_no_ack", "mode": "superposition"}
{"ts": "2026-06-22T19:11:22.148718+00:00", "level": "metric", "event": "chunk_ack", "role": "benchmark", "region": "eastus", "seq_num": 30, "rtt_ms": 5757.2, "verified": true, "status": "forwarded_no_ack", "mode": "superposition"}
{"ts": "2026-06-22T19:11:22.344173+00:00", "level": "metric", "event": "chunk_ack", "role": "benchmark", "region": "eastus", "seq_num": 31, "rtt_ms": 5944.22, "verified": true, "status": "forwarded_no_ack", "mode": "superposition"}
{"ts": "2026-06-22T19:11:22.537720+00:00", "level": "metric", "event": "chunk_ack", "role": "benchmark", "region": "eastus", "seq_num": 32, "rtt_ms": 6136.93, "verified": true, "status": "forwarded_no_ack", "mode": "superposition"}
{"ts": "2026-06-22T19:11:22.727852+00:00", "level": "metric", "event": "chunk_ack", "role": "benchmark", "region": "eastus", "seq_num": 33, "rtt_ms": 6328.34, "verified": true, "status": "forwarded_no_ack", "mode": "superposition"}
{"ts": "2026-06-22T19:11:22.918620+00:00", "level": "metric", "event": "chunk_ack", "role": "benchmark", "region": "eastus", "seq_num": 34, "rtt_ms": 6516.74, "verified": true, "status": "forwarded_no_ack", "mode": "superposition"}
{"ts": "2026-06-22T19:11:23.108991+00:00", "level": "metric", "event": "chunk_ack", "role": "benchmark", "region": "eastus", "seq_num": 35, "rtt_ms": 6704.22, "verified": true, "status": "forwarded_no_ack", "mode": "superposition"}
{"ts": "2026-06-22T19:11:23.303791+00:00", "level": "metric", "event": "chunk_ack", "role": "benchmark", "region": "eastus", "seq_num": 36, "rtt_ms": 6891.84, "verified": true, "status": "forwarded_no_ack", "mode": "superposition"}
{"ts": "2026-06-22T19:11:23.494404+00:00", "level": "metric", "event": "chunk_ack", "role": "benchmark", "region": "eastus", "seq_num": 37, "rtt_ms": 7084.14, "verified": true, "status": "forwarded_no_ack", "mode": "superposition"}
{"ts": "2026-06-22T19:11:23.686296+00:00", "level": "metric", "event": "chunk_ack", "role": "benchmark", "region": "eastus", "seq_num": 38, "rtt_ms": 7270.94, "verified": true, "status": "forwarded_no_ack", "mode": "superposition"}
{"ts": "2026-06-22T19:11:23.876524+00:00", "level": "metric", "event": "chunk_ack", "role": "benchmark", "region": "eastus", "seq_num": 39, "rtt_ms": 7460.9, "verified": true, "status": "forwarded_no_ack", "mode": "superposition"}
{"ts": "2026-06-22T19:11:24.066895+00:00", "level": "metric", "event": "chunk_ack", "role": "benchmark", "region": "eastus", "seq_num": 40, "rtt_ms": 7649.03, "verified": true, "status": "forwarded_no_ack", "mode": "superposition"}
{"ts": "2026-06-22T19:11:24.261440+00:00", "level": "metric", "event": "chunk_ack", "role": "benchmark", "region": "eastus", "seq_num": 41, "rtt_ms": 7836.09, "verified": true, "status": "forwarded_no_ack", "mode": "superposition"}
{"ts": "2026-06-22T19:11:24.452047+00:00", "level": "metric", "event": "chunk_ack", "role": "benchmark", "region": "eastus", "seq_num": 42, "rtt_ms": 8028.26, "verified": true, "status": "forwarded_no_ack", "mode": "superposition"}
{"ts": "2026-06-22T19:11:24.642121+00:00", "level": "metric", "event": "chunk_ack", "role": "benchmark", "region": "eastus", "seq_num": 43, "rtt_ms": 8216.06, "verified": true, "status": "forwarded_no_ack", "mode": "superposition"}
{"ts": "2026-06-22T19:11:24.833326+00:00", "level": "metric", "event": "chunk_ack", "role": "benchmark", "region": "eastus", "seq_num": 44, "rtt_ms": 8402.94, "verified": true, "status": "forwarded_no_ack", "mode": "superposition"}
{"ts": "2026-06-22T19:11:25.023144+00:00", "level": "metric", "event": "chunk_ack", "role": "benchmark", "region": "eastus", "seq_num": 45, "rtt_ms": 8591.75, "verified": true, "status": "forwarded_no_ack", "mode": "superposition"}
{"ts": "2026-06-22T19:11:25.213555+00:00", "level": "metric", "event": "chunk_ack", "role": "benchmark", "region": "eastus", "seq_num": 46, "rtt_ms": 8778.48, "verified": true, "status": "forwarded_no_ack", "mode": "superposition"}
{"ts": "2026-06-22T19:11:25.405927+00:00", "level": "metric", "event": "chunk_ack", "role": "benchmark", "region": "eastus", "seq_num": 47, "rtt_ms": 8966.0, "verified": true, "status": "forwarded_no_ack", "mode": "superposition"}
{"ts": "2026-06-22T19:11:25.596174+00:00", "level": "metric", "event": "chunk_ack", "role": "benchmark", "region": "eastus", "seq_num": 48, "rtt_ms": 9156.9, "verified": true, "status": "forwarded_no_ack", "mode": "superposition"}
{"ts": "2026-06-22T19:11:25.790604+00:00", "level": "metric", "event": "chunk_ack", "role": "benchmark", "region": "eastus", "seq_num": 49, "rtt_ms": 9345.16, "verified": true, "status": "forwarded_no_ack", "mode": "superposition"}
{"ts": "2026-06-22T19:11:25.981091+00:00", "level": "metric", "event": "chunk_ack", "role": "benchmark", "region": "eastus", "seq_num": 50, "rtt_ms": 9537.81, "verified": true, "status": "forwarded_no_ack", "mode": "superposition"}
{"ts": "2026-06-22T19:11:26.182175+00:00", "level": "metric", "event": "chunk_ack", "role": "benchmark", "region": "eastus", "seq_num": 51, "rtt_ms": 9725.61, "verified": true, "status": "forwarded_no_ack", "mode": "superposition"}
{"ts": "2026-06-22T19:11:26.372477+00:00", "level": "metric", "event": "chunk_ack", "role": "benchmark", "region": "eastus", "seq_num": 52, "rtt_ms": 9923.64, "verified": true, "status": "forwarded_no_ack", "mode": "superposition"}
{"ts": "2026-06-22T19:11:26.570800+00:00", "level": "metric", "event": "chunk_ack", "role": "benchmark", "region": "eastus", "seq_num": 53, "rtt_ms": 10111.41, "verified": true, "status": "forwarded_no_ack", "mode": "superposition"}
{"ts": "2026-06-22T19:11:26.761493+00:00", "level": "metric", "event": "chunk_ack", "role": "benchmark", "region": "eastus", "seq_num": 54, "rtt_ms": 10306.14, "verified": true, "status": "forwarded_no_ack", "mode": "superposition"}
{"ts": "2026-06-22T19:11:26.951905+00:00", "level": "metric", "event": "chunk_ack", "role": "benchmark", "region": "eastus", "seq_num": 55, "rtt_ms": 10494.46, "verified": true, "status": "forwarded_no_ack", "mode": "superposition"}
{"ts": "2026-06-22T19:11:27.143822+00:00", "level": "metric", "event": "chunk_ack", "role": "benchmark", "region": "eastus", "seq_num": 56, "rtt_ms": 10682.27, "verified": true, "status": "forwarded_no_ack", "mode": "superposition"}
{"ts": "2026-06-22T19:11:27.337385+00:00", "level": "metric", "event": "chunk_ack", "role": "benchmark", "region": "eastus", "seq_num": 57, "rtt_ms": 10870.54, "verified": true, "status": "forwarded_no_ack", "mode": "superposition"}
{"ts": "2026-06-22T19:11:27.527457+00:00", "level": "metric", "event": "chunk_ack", "role": "benchmark", "region": "eastus", "seq_num": 58, "rtt_ms": 11060.94, "verified": true, "status": "forwarded_no_ack", "mode": "superposition"}
{"ts": "2026-06-22T19:11:27.717577+00:00", "level": "metric", "event": "chunk_ack", "role": "benchmark", "region": "eastus", "seq_num": 59, "rtt_ms": 11248.11, "verified": true, "status": "forwarded_no_ack", "mode": "superposition"}
{"ts": "2026-06-22T19:11:27.907554+00:00", "level": "metric", "event": "chunk_ack", "role": "benchmark", "region": "eastus", "seq_num": 60, "rtt_ms": 11435.73, "verified": true, "status": "forwarded_no_ack", "mode": "superposition"}
{"ts": "2026-06-22T19:11:28.101631+00:00", "level": "metric", "event": "chunk_ack", "role": "benchmark", "region": "eastus", "seq_num": 61, "rtt_ms": 11618.58, "verified": true, "status": "forwarded_no_ack", "mode": "superposition"}
{"ts": "2026-06-22T19:11:28.292014+00:00", "level": "metric", "event": "chunk_ack", "role": "benchmark", "region": "eastus", "seq_num": 62, "rtt_ms": 11807.79, "verified": true, "status": "forwarded_no_ack", "mode": "superposition"}
{"ts": "2026-06-22T19:11:28.488753+00:00", "level": "metric", "event": "chunk_ack", "role": "benchmark", "region": "eastus", "seq_num": 63, "rtt_ms": 11995.14, "verified": true, "status": "forwarded_no_ack", "mode": "superposition"}
{"ts": "2026-06-22T19:11:28.678748+00:00", "level": "metric", "event": "chunk_ack", "role": "benchmark", "region": "eastus", "seq_num": 64, "rtt_ms": 12189.02, "verified": true, "status": "forwarded_no_ack", "mode": "superposition"}
{"ts": "2026-06-22T19:11:28.868847+00:00", "level": "metric", "event": "chunk_ack", "role": "benchmark", "region": "eastus", "seq_num": 65, "rtt_ms": 12376.88, "verified": true, "status": "forwarded_no_ack", "mode": "superposition"}
{"ts": "2026-06-22T19:11:29.066739+00:00", "level": "metric", "event": "chunk_ack", "role": "benchmark", "region": "eastus", "seq_num": 66, "rtt_ms": 12564.18, "verified": true, "status": "forwarded_no_ack", "mode": "superposition"}
{"ts": "2026-06-22T19:11:29.259138+00:00", "level": "metric", "event": "chunk_ack", "role": "benchmark", "region": "eastus", "seq_num": 67, "rtt_ms": 12758.86, "verified": true, "status": "forwarded_no_ack", "mode": "superposition"}
{"ts": "2026-06-22T19:11:29.449006+00:00", "level": "metric", "event": "chunk_ack", "role": "benchmark", "region": "eastus", "seq_num": 68, "rtt_ms": 12948.06, "verified": true, "status": "forwarded_no_ack", "mode": "superposition"}
{"ts": "2026-06-22T19:11:29.640224+00:00", "level": "metric", "event": "chunk_ack", "role": "benchmark", "region": "eastus", "seq_num": 69, "rtt_ms": 13134.62, "verified": true, "status": "forwarded_no_ack", "mode": "superposition"}
{"ts": "2026-06-22T19:11:29.830251+00:00", "level": "metric", "event": "chunk_ack", "role": "benchmark", "region": "eastus", "seq_num": 70, "rtt_ms": 13321.91, "verified": true, "status": "forwarded_no_ack", "mode": "superposition"}
{"ts": "2026-06-22T19:11:30.020892+00:00", "level": "metric", "event": "chunk_ack", "role": "benchmark", "region": "eastus", "seq_num": 71, "rtt_ms": 13508.66, "verified": true, "status": "forwarded_no_ack", "mode": "superposition"}
{"ts": "2026-06-22T19:11:30.214172+00:00", "level": "metric", "event": "chunk_ack", "role": "benchmark", "region": "eastus", "seq_num": 72, "rtt_ms": 13695.42, "verified": true, "status": "forwarded_no_ack", "mode": "superposition"}
{"ts": "2026-06-22T19:11:30.404456+00:00", "level": "metric", "event": "chunk_ack", "role": "benchmark", "region": "eastus", "seq_num": 73, "rtt_ms": 13886.19, "verified": true, "status": "forwarded_no_ack", "mode": "superposition"}
{"ts": "2026-06-22T19:11:30.595334+00:00", "level": "metric", "event": "chunk_ack", "role": "benchmark", "region": "eastus", "seq_num": 74, "rtt_ms": 14074.12, "verified": true, "status": "forwarded_no_ack", "mode": "superposition"}
{"ts": "2026-06-22T19:11:30.785519+00:00", "level": "metric", "event": "chunk_ack", "role": "benchmark", "region": "eastus", "seq_num": 75, "rtt_ms": 14262.69, "verified": true, "status": "forwarded_no_ack", "mode": "superposition"}
{"ts": "2026-06-22T19:11:30.976964+00:00", "level": "metric", "event": "chunk_ack", "role": "benchmark", "region": "eastus", "seq_num": 76, "rtt_ms": 14450.15, "verified": true, "status": "forwarded_no_ack", "mode": "superposition"}
{"ts": "2026-06-22T19:11:31.166960+00:00", "level": "metric", "event": "chunk_ack", "role": "benchmark", "region": "eastus", "seq_num": 77, "rtt_ms": 14637.38, "verified": true, "status": "forwarded_no_ack", "mode": "superposition"}
{"ts": "2026-06-22T19:11:31.358893+00:00", "level": "metric", "event": "chunk_ack", "role": "benchmark", "region": "eastus", "seq_num": 78, "rtt_ms": 14824.07, "verified": true, "status": "forwarded_no_ack", "mode": "superposition"}
{"ts": "2026-06-22T19:11:31.549560+00:00", "level": "metric", "event": "chunk_ack", "role": "benchmark", "region": "eastus", "seq_num": 79, "rtt_ms": 15013.32, "verified": true, "status": "forwarded_no_ack", "mode": "superposition"}
{"ts": "2026-06-22T19:11:31.739914+00:00", "level": "metric", "event": "chunk_ack", "role": "benchmark", "region": "eastus", "seq_num": 80, "rtt_ms": 15202.4, "verified": true, "status": "forwarded_no_ack", "mode": "superposition"}
{"ts": "2026-06-22T19:11:31.930855+00:00", "level": "metric", "event": "chunk_ack", "role": "benchmark", "region": "eastus", "seq_num": 81, "rtt_ms": 15389.43, "verified": true, "status": "forwarded_no_ack", "mode": "superposition"}
{"ts": "2026-06-22T19:11:32.121162+00:00", "level": "metric", "event": "chunk_ack", "role": "benchmark", "region": "eastus", "seq_num": 82, "rtt_ms": 15577.19, "verified": true, "status": "error", "mode": "superposition"}
{"ts": "2026-06-22T19:11:32.315247+00:00", "level": "metric", "event": "chunk_ack", "role": "benchmark", "region": "eastus", "seq_num": 83, "rtt_ms": 15764.64, "verified": true, "status": "forwarded_no_ack", "mode": "superposition"}
{"ts": "2026-06-22T19:11:32.507359+00:00", "level": "metric", "event": "chunk_ack", "role": "benchmark", "region": "eastus", "seq_num": 84, "rtt_ms": 15956.01, "verified": true, "status": "forwarded_no_ack", "mode": "superposition"}
{"ts": "2026-06-22T19:11:32.697957+00:00", "level": "metric", "event": "chunk_ack", "role": "benchmark", "region": "eastus", "seq_num": 85, "rtt_ms": 16145.86, "verified": true, "status": "forwarded_no_ack", "mode": "superposition"}
{"ts": "2026-06-22T19:11:32.894578+00:00", "level": "metric", "event": "chunk_ack", "role": "benchmark", "region": "eastus", "seq_num": 86, "rtt_ms": 16333.79, "verified": true, "status": "forwarded_no_ack", "mode": "superposition"}
{"ts": "2026-06-22T19:11:33.089574+00:00", "level": "metric", "event": "chunk_ack", "role": "benchmark", "region": "eastus", "seq_num": 87, "rtt_ms": 16526.91, "verified": true, "status": "forwarded_no_ack", "mode": "superposition"}
{"ts": "2026-06-22T19:11:33.279870+00:00", "level": "metric", "event": "chunk_ack", "role": "benchmark", "region": "eastus", "seq_num": 88, "rtt_ms": 16720.0, "verified": true, "status": "forwarded_no_ack", "mode": "superposition"}
{"ts": "2026-06-22T19:11:33.471343+00:00", "level": "metric", "event": "chunk_ack", "role": "benchmark", "region": "eastus", "seq_num": 89, "rtt_ms": 16906.16, "verified": true, "status": "forwarded_no_ack", "mode": "superposition"}
{"ts": "2026-06-22T19:11:33.667360+00:00", "level": "metric", "event": "chunk_ack", "role": "benchmark", "region": "eastus", "seq_num": 90, "rtt_ms": 17095.75, "verified": true, "status": "forwarded_no_ack", "mode": "superposition"}
{"ts": "2026-06-22T19:11:33.864212+00:00", "level": "metric", "event": "chunk_ack", "role": "benchmark", "region": "eastus", "seq_num": 91, "rtt_ms": 17289.41, "verified": true, "status": "forwarded_no_ack", "mode": "superposition"}
{"ts": "2026-06-22T19:11:34.056178+00:00", "level": "metric", "event": "chunk_ack", "role": "benchmark", "region": "eastus", "seq_num": 92, "rtt_ms": 17483.31, "verified": true, "status": "forwarded_no_ack", "mode": "superposition"}
{"ts": "2026-06-22T19:11:34.246970+00:00", "level": "metric", "event": "chunk_ack", "role": "benchmark", "region": "eastus", "seq_num": 93, "rtt_ms": 17672.45, "verified": true, "status": "forwarded_no_ack", "mode": "superposition"}
{"ts": "2026-06-22T19:11:34.440344+00:00", "level": "metric", "event": "chunk_ack", "role": "benchmark", "region": "eastus", "seq_num": 94, "rtt_ms": 17862.25, "verified": true, "status": "forwarded_no_ack", "mode": "superposition"}
{"ts": "2026-06-22T19:11:34.630442+00:00", "level": "metric", "event": "chunk_ack", "role": "benchmark", "region": "eastus", "seq_num": 95, "rtt_ms": 18053.11, "verified": true, "status": "forwarded_no_ack", "mode": "superposition"}
{"ts": "2026-06-22T19:11:34.822330+00:00", "level": "metric", "event": "chunk_ack", "role": "benchmark", "region": "eastus", "seq_num": 96, "rtt_ms": 18241.91, "verified": true, "status": "forwarded_no_ack", "mode": "superposition"}
{"ts": "2026-06-22T19:11:35.016866+00:00", "level": "metric", "event": "chunk_ack", "role": "benchmark", "region": "eastus", "seq_num": 97, "rtt_ms": 18430.63, "verified": true, "status": "forwarded_no_ack", "mode": "superposition"}
{"ts": "2026-06-22T19:11:35.212164+00:00", "level": "metric", "event": "chunk_ack", "role": "benchmark", "region": "eastus", "seq_num": 98, "rtt_ms": 18617.75, "verified": true, "status": "forwarded_no_ack", "mode": "superposition"}
{"ts": "2026-06-22T19:11:35.402278+00:00", "level": "metric", "event": "chunk_ack", "role": "benchmark", "region": "eastus", "seq_num": 99, "rtt_ms": 18809.76, "verified": true, "status": "forwarded_no_ack", "mode": "superposition"}
{"ts": "2026-06-22T19:11:35.599257+00:00", "level": "metric", "event": "chunk_ack", "role": "benchmark", "region": "eastus", "seq_num": 100, "rtt_ms": 18998.1, "verified": true, "status": "forwarded_no_ack", "mode": "superposition"}
{"ts": "2026-06-22T19:11:35.789796+00:00", "level": "metric", "event": "chunk_ack", "role": "benchmark", "region": "eastus", "seq_num": 101, "rtt_ms": 19192.2, "verified": true, "status": "forwarded_no_ack", "mode": "superposition"}
{"ts": "2026-06-22T19:11:35.981249+00:00", "level": "metric", "event": "chunk_ack", "role": "benchmark", "region": "eastus", "seq_num": 102, "rtt_ms": 19381.01, "verified": true, "status": "forwarded_no_ack", "mode": "superposition"}
{"ts": "2026-06-22T19:11:36.171451+00:00", "level": "metric", "event": "chunk_ack", "role": "benchmark", "region": "eastus", "seq_num": 103, "rtt_ms": 19569.58, "verified": true, "status": "forwarded_no_ack", "mode": "superposition"}
{"ts": "2026-06-22T19:11:36.363109+00:00", "level": "metric", "event": "chunk_ack", "role": "benchmark", "region": "eastus", "seq_num": 104, "rtt_ms": 19757.43, "verified": true, "status": "forwarded_no_ack", "mode": "superposition"}
{"ts": "2026-06-22T19:11:36.559458+00:00", "level": "metric", "event": "chunk_ack", "role": "benchmark", "region": "eastus", "seq_num": 105, "rtt_ms": 19946.24, "verified": true, "status": "forwarded_no_ack", "mode": "superposition"}
{"ts": "2026-06-22T19:11:36.752740+00:00", "level": "metric", "event": "chunk_ack", "role": "benchmark", "region": "eastus", "seq_num": 106, "rtt_ms": 20141.69, "verified": true, "status": "forwarded_no_ack", "mode": "superposition"}
{"ts": "2026-06-22T19:11:36.943759+00:00", "level": "metric", "event": "chunk_ack", "role": "benchmark", "region": "eastus", "seq_num": 107, "rtt_ms": 20332.45, "verified": true, "status": "forwarded_no_ack", "mode": "superposition"}
{"ts": "2026-06-22T19:11:37.134291+00:00", "level": "metric", "event": "chunk_ack", "role": "benchmark", "region": "eastus", "seq_num": 108, "rtt_ms": 20520.95, "verified": true, "status": "forwarded_no_ack", "mode": "superposition"}
{"ts": "2026-06-22T19:11:37.324805+00:00", "level": "metric", "event": "chunk_ack", "role": "benchmark", "region": "eastus", "seq_num": 109, "rtt_ms": 20709.14, "verified": true, "status": "forwarded_no_ack", "mode": "superposition"}
{"ts": "2026-06-22T19:11:37.526077+00:00", "level": "metric", "event": "chunk_ack", "role": "benchmark", "region": "eastus", "seq_num": 110, "rtt_ms": 20897.18, "verified": true, "status": "forwarded_no_ack", "mode": "superposition"}
{"ts": "2026-06-22T19:11:37.807122+00:00", "level": "metric", "event": "chunk_ack", "role": "benchmark", "region": "eastus", "seq_num": 111, "rtt_ms": 21094.27, "verified": true, "status": "forwarded_no_ack", "mode": "superposition"}
{"ts": "2026-06-22T19:11:37.997359+00:00", "level": "metric", "event": "chunk_ack", "role": "benchmark", "region": "eastus", "seq_num": 112, "rtt_ms": 21367.56, "verified": true, "status": "forwarded_no_ack", "mode": "superposition"}
{"ts": "2026-06-22T19:11:38.188144+00:00", "level": "metric", "event": "chunk_ack", "role": "benchmark", "region": "eastus", "seq_num": 113, "rtt_ms": 21553.95, "verified": true, "status": "forwarded_no_ack", "mode": "superposition"}
{"ts": "2026-06-22T19:11:38.383819+00:00", "level": "metric", "event": "chunk_ack", "role": "benchmark", "region": "eastus", "seq_num": 114, "rtt_ms": 21741.83, "verified": true, "status": "forwarded_no_ack", "mode": "superposition"}
{"ts": "2026-06-22T19:11:38.581005+00:00", "level": "metric", "event": "chunk_ack", "role": "benchmark", "region": "eastus", "seq_num": 115, "rtt_ms": 21933.21, "verified": true, "status": "forwarded_no_ack", "mode": "superposition"}
{"ts": "2026-06-22T19:11:38.771404+00:00", "level": "metric", "event": "chunk_ack", "role": "benchmark", "region": "eastus", "seq_num": 116, "rtt_ms": 22125.66, "verified": true, "status": "forwarded_no_ack", "mode": "superposition"}
{"ts": "2026-06-22T19:11:38.962204+00:00", "level": "metric", "event": "chunk_ack", "role": "benchmark", "region": "eastus", "seq_num": 117, "rtt_ms": 22313.54, "verified": true, "status": "forwarded_no_ack", "mode": "superposition"}
{"ts": "2026-06-22T19:11:39.156069+00:00", "level": "metric", "event": "chunk_ack", "role": "benchmark", "region": "eastus", "seq_num": 118, "rtt_ms": 22501.6, "verified": true, "status": "forwarded_no_ack", "mode": "superposition"}
{"ts": "2026-06-22T19:11:39.346494+00:00", "level": "metric", "event": "chunk_ack", "role": "benchmark", "region": "eastus", "seq_num": 119, "rtt_ms": 22689.73, "verified": true, "status": "forwarded_no_ack", "mode": "superposition"}
{"ts": "2026-06-22T19:11:39.537042+00:00", "level": "metric", "event": "chunk_ack", "role": "benchmark", "region": "eastus", "seq_num": 120, "rtt_ms": 22876.09, "verified": true, "status": "forwarded_no_ack", "mode": "superposition"}
{"ts": "2026-06-22T19:11:39.728199+00:00", "level": "metric", "event": "chunk_ack", "role": "benchmark", "region": "eastus", "seq_num": 121, "rtt_ms": 23063.56, "verified": true, "status": "forwarded_no_ack", "mode": "superposition"}
{"ts": "2026-06-22T19:11:39.918390+00:00", "level": "metric", "event": "chunk_ack", "role": "benchmark", "region": "eastus", "seq_num": 122, "rtt_ms": 23250.27, "verified": true, "status": "error", "mode": "superposition"}
{"ts": "2026-06-22T19:11:40.110996+00:00", "level": "metric", "event": "chunk_ack", "role": "benchmark", "region": "eastus", "seq_num": 123, "rtt_ms": 23437.92, "verified": true, "status": "forwarded_no_ack", "mode": "superposition"}
{"ts": "2026-06-22T19:11:40.304296+00:00", "level": "metric", "event": "chunk_ack", "role": "benchmark", "region": "eastus", "seq_num": 124, "rtt_ms": 23626.41, "verified": true, "status": "forwarded_no_ack", "mode": "superposition"}
{"ts": "2026-06-22T19:11:40.500673+00:00", "level": "metric", "event": "chunk_ack", "role": "benchmark", "region": "eastus", "seq_num": 125, "rtt_ms": 23815.7, "verified": true, "status": "forwarded_no_ack", "mode": "superposition"}
{"ts": "2026-06-22T19:11:40.690513+00:00", "level": "metric", "event": "chunk_ack", "role": "benchmark", "region": "eastus", "seq_num": 126, "rtt_ms": 24010.04, "verified": true, "status": "forwarded_no_ack", "mode": "superposition"}
{"ts": "2026-06-22T19:11:40.886927+00:00", "level": "metric", "event": "chunk_ack", "role": "benchmark", "region": "eastus", "seq_num": 127, "rtt_ms": 24199.17, "verified": true, "status": "forwarded_no_ack", "mode": "superposition"}
{"ts": "2026-06-22T19:11:41.083965+00:00", "level": "metric", "event": "chunk_ack", "role": "benchmark", "region": "eastus", "seq_num": 128, "rtt_ms": 24394.75, "verified": true, "status": "forwarded_no_ack", "mode": "superposition"}
{"ts": "2026-06-22T19:11:41.273827+00:00", "level": "metric", "event": "chunk_ack", "role": "benchmark", "region": "eastus", "seq_num": 129, "rtt_ms": 24590.56, "verified": true, "status": "forwarded_no_ack", "mode": "superposition"}
{"ts": "2026-06-22T19:11:41.463915+00:00", "level": "metric", "event": "chunk_ack", "role": "benchmark", "region": "eastus", "seq_num": 130, "rtt_ms": 24779.56, "verified": true, "status": "forwarded_no_ack", "mode": "superposition"}
{"ts": "2026-06-22T19:11:41.660778+00:00", "level": "metric", "event": "chunk_ack", "role": "benchmark", "region": "eastus", "seq_num": 131, "rtt_ms": 24968.33, "verified": true, "status": "forwarded_no_ack", "mode": "superposition"}
{"ts": "2026-06-22T19:11:41.851255+00:00", "level": "metric", "event": "chunk_ack", "role": "benchmark", "region": "eastus", "seq_num": 132, "rtt_ms": 25164.25, "verified": true, "status": "forwarded_no_ack", "mode": "superposition"}
{"ts": "2026-06-22T19:11:42.041766+00:00", "level": "metric", "event": "chunk_ack", "role": "benchmark", "region": "eastus", "seq_num": 133, "rtt_ms": 25354.22, "verified": true, "status": "forwarded_no_ack", "mode": "superposition"}
{"ts": "2026-06-22T19:11:42.231870+00:00", "level": "metric", "event": "chunk_ack", "role": "benchmark", "region": "eastus", "seq_num": 134, "rtt_ms": 25543.7, "verified": true, "status": "forwarded_no_ack", "mode": "superposition"}
{"ts": "2026-06-22T19:11:42.426615+00:00", "level": "metric", "event": "chunk_ack", "role": "benchmark", "region": "eastus", "seq_num": 135, "rtt_ms": 25733.04, "verified": true, "status": "forwarded_no_ack", "mode": "superposition"}
{"ts": "2026-06-22T19:11:42.616416+00:00", "level": "metric", "event": "chunk_ack", "role": "benchmark", "region": "eastus", "seq_num": 136, "rtt_ms": 25926.52, "verified": true, "status": "forwarded_no_ack", "mode": "superposition"}
{"ts": "2026-06-22T19:11:42.812579+00:00", "level": "metric", "event": "chunk_ack", "role": "benchmark", "region": "eastus", "seq_num": 137, "rtt_ms": 26115.59, "verified": true, "status": "forwarded_no_ack", "mode": "superposition"}
{"ts": "2026-06-22T19:11:43.002251+00:00", "level": "metric", "event": "chunk_ack", "role": "benchmark", "region": "eastus", "seq_num": 138, "rtt_ms": 26310.45, "verified": true, "status": "forwarded_no_ack", "mode": "superposition"}
{"ts": "2026-06-22T19:11:43.195179+00:00", "level": "metric", "event": "chunk_ack", "role": "benchmark", "region": "eastus", "seq_num": 139, "rtt_ms": 26499.13, "verified": true, "status": "forwarded_no_ack", "mode": "superposition"}
{"ts": "2026-06-22T19:11:43.385306+00:00", "level": "metric", "event": "chunk_ack", "role": "benchmark", "region": "eastus", "seq_num": 140, "rtt_ms": 26691.14, "verified": true, "status": "forwarded_no_ack", "mode": "superposition"}
{"ts": "2026-06-22T19:11:43.576913+00:00", "level": "metric", "event": "chunk_ack", "role": "benchmark", "region": "eastus", "seq_num": 141, "rtt_ms": 26880.76, "verified": true, "status": "forwarded_no_ack", "mode": "superposition"}
{"ts": "2026-06-22T19:11:43.767209+00:00", "level": "metric", "event": "chunk_ack", "role": "benchmark", "region": "eastus", "seq_num": 142, "rtt_ms": 27069.87, "verified": true, "status": "forwarded_no_ack", "mode": "superposition"}
{"ts": "2026-06-22T19:11:43.958837+00:00", "level": "metric", "event": "chunk_ack", "role": "benchmark", "region": "eastus", "seq_num": 143, "rtt_ms": 27257.18, "verified": true, "status": "forwarded_no_ack", "mode": "superposition"}
{"ts": "2026-06-22T19:11:44.154317+00:00", "level": "metric", "event": "chunk_ack", "role": "benchmark", "region": "eastus", "seq_num": 144, "rtt_ms": 27446.49, "verified": true, "status": "forwarded_no_ack", "mode": "superposition"}
{"ts": "2026-06-22T19:11:44.348893+00:00", "level": "metric", "event": "chunk_ack", "role": "benchmark", "region": "eastus", "seq_num": 145, "rtt_ms": 27640.65, "verified": true, "status": "forwarded_no_ack", "mode": "superposition"}
{"ts": "2026-06-22T19:11:44.569168+00:00", "level": "metric", "event": "chunk_ack", "role": "benchmark", "region": "eastus", "seq_num": 146, "rtt_ms": 27833.16, "verified": true, "status": "forwarded_no_ack", "mode": "superposition"}
{"ts": "2026-06-22T19:11:44.761038+00:00", "level": "metric", "event": "chunk_ack", "role": "benchmark", "region": "eastus", "seq_num": 147, "rtt_ms": 28052.32, "verified": true, "status": "forwarded_no_ack", "mode": "superposition"}
{"ts": "2026-06-22T19:11:44.957411+00:00", "level": "metric", "event": "chunk_ack", "role": "benchmark", "region": "eastus", "seq_num": 148, "rtt_ms": 28242.88, "verified": true, "status": "forwarded_no_ack", "mode": "superposition"}
{"ts": "2026-06-22T19:11:45.148374+00:00", "level": "metric", "event": "chunk_ack", "role": "benchmark", "region": "eastus", "seq_num": 149, "rtt_ms": 28438.45, "verified": true, "status": "forwarded_no_ack", "mode": "superposition"}
{"ts": "2026-06-22T19:11:45.338398+00:00", "level": "metric", "event": "chunk_ack", "role": "benchmark", "region": "eastus", "seq_num": 150, "rtt_ms": 28628.41, "verified": true, "status": "forwarded_no_ack", "mode": "superposition"}
{"ts": "2026-06-22T19:11:45.528462+00:00", "level": "metric", "event": "chunk_ack", "role": "benchmark", "region": "eastus", "seq_num": 151, "rtt_ms": 28817.52, "verified": true, "status": "forwarded_no_ack", "mode": "superposition"}
{"ts": "2026-06-22T19:11:45.725948+00:00", "level": "metric", "event": "chunk_ack", "role": "benchmark", "region": "eastus", "seq_num": 152, "rtt_ms": 29006.06, "verified": true, "status": "forwarded_no_ack", "mode": "superposition"}
{"ts": "2026-06-22T19:11:45.928008+00:00", "level": "metric", "event": "chunk_ack", "role": "benchmark", "region": "eastus", "seq_num": 153, "rtt_ms": 29203.02, "verified": true, "status": "forwarded_no_ack", "mode": "superposition"}
{"ts": "2026-06-22T19:11:46.119364+00:00", "level": "metric", "event": "chunk_ack", "role": "benchmark", "region": "eastus", "seq_num": 154, "rtt_ms": 29404.24, "verified": true, "status": "forwarded_no_ack", "mode": "superposition"}
{"ts": "2026-06-22T19:11:46.316417+00:00", "level": "metric", "event": "chunk_ack", "role": "benchmark", "region": "eastus", "seq_num": 155, "rtt_ms": 29594.71, "verified": true, "status": "forwarded_no_ack", "mode": "superposition"}
{"ts": "2026-06-22T19:11:46.507362+00:00", "level": "metric", "event": "chunk_ack", "role": "benchmark", "region": "eastus", "seq_num": 156, "rtt_ms": 29790.72, "verified": true, "status": "forwarded_no_ack", "mode": "superposition"}
{"ts": "2026-06-22T19:11:46.697806+00:00", "level": "metric", "event": "chunk_ack", "role": "benchmark", "region": "eastus", "seq_num": 157, "rtt_ms": 29981.02, "verified": true, "status": "forwarded_no_ack", "mode": "superposition"}
{"ts": "2026-06-22T19:11:46.894555+00:00", "level": "metric", "event": "chunk_ack", "role": "benchmark", "region": "eastus", "seq_num": 158, "rtt_ms": 30170.2, "verified": true, "status": "forwarded_no_ack", "mode": "superposition"}
{"ts": "2026-06-22T19:11:47.091566+00:00", "level": "metric", "event": "chunk_ack", "role": "benchmark", "region": "eastus", "seq_num": 159, "rtt_ms": 30366.49, "verified": true, "status": "forwarded_no_ack", "mode": "superposition"}
{"ts": "2026-06-22T19:11:47.283277+00:00", "level": "metric", "event": "chunk_ack", "role": "benchmark", "region": "eastus", "seq_num": 160, "rtt_ms": 30563.0, "verified": true, "status": "forwarded_no_ack", "mode": "superposition"}
{"ts": "2026-06-22T19:11:47.473380+00:00", "level": "metric", "event": "chunk_ack", "role": "benchmark", "region": "eastus", "seq_num": 161, "rtt_ms": 30753.92, "verified": true, "status": "forwarded_no_ack", "mode": "superposition"}
{"ts": "2026-06-22T19:11:47.670532+00:00", "level": "metric", "event": "chunk_ack", "role": "benchmark", "region": "eastus", "seq_num": 162, "rtt_ms": 30943.3, "verified": true, "status": "forwarded_no_ack", "mode": "superposition"}
{"ts": "2026-06-22T19:11:47.861922+00:00", "level": "metric", "event": "chunk_ack", "role": "benchmark", "region": "eastus", "seq_num": 163, "rtt_ms": 31139.84, "verified": true, "status": "forwarded_no_ack", "mode": "superposition"}
{"ts": "2026-06-22T19:11:48.053551+00:00", "level": "metric", "event": "chunk_ack", "role": "benchmark", "region": "eastus", "seq_num": 164, "rtt_ms": 31329.33, "verified": true, "status": "forwarded_no_ack", "mode": "superposition"}
{"ts": "2026-06-22T19:11:48.248892+00:00", "level": "metric", "event": "chunk_ack", "role": "benchmark", "region": "eastus", "seq_num": 165, "rtt_ms": 31519.8, "verified": true, "status": "forwarded_no_ack", "mode": "superposition"}
{"ts": "2026-06-22T19:11:48.439318+00:00", "level": "metric", "event": "chunk_ack", "role": "benchmark", "region": "eastus", "seq_num": 166, "rtt_ms": 31714.39, "verified": true, "status": "forwarded_no_ack", "mode": "superposition"}
{"ts": "2026-06-22T19:11:48.636273+00:00", "level": "metric", "event": "chunk_ack", "role": "benchmark", "region": "eastus", "seq_num": 167, "rtt_ms": 31904.14, "verified": true, "status": "forwarded_no_ack", "mode": "superposition"}
{"ts": "2026-06-22T19:11:48.829870+00:00", "level": "metric", "event": "chunk_ack", "role": "benchmark", "region": "eastus", "seq_num": 168, "rtt_ms": 32100.44, "verified": true, "status": "forwarded_no_ack", "mode": "superposition"}
{"ts": "2026-06-22T19:11:49.021458+00:00", "level": "metric", "event": "chunk_ack", "role": "benchmark", "region": "eastus", "seq_num": 169, "rtt_ms": 32293.68, "verified": true, "status": "forwarded_no_ack", "mode": "superposition"}
{"ts": "2026-06-22T19:11:49.212529+00:00", "level": "metric", "event": "chunk_ack", "role": "benchmark", "region": "eastus", "seq_num": 170, "rtt_ms": 32484.62, "verified": true, "status": "forwarded_no_ack", "mode": "superposition"}
{"ts": "2026-06-22T19:11:49.402466+00:00", "level": "metric", "event": "chunk_ack", "role": "benchmark", "region": "eastus", "seq_num": 171, "rtt_ms": 32674.5, "verified": true, "status": "forwarded_no_ack", "mode": "superposition"}
{"ts": "2026-06-22T19:11:49.598312+00:00", "level": "metric", "event": "chunk_ack", "role": "benchmark", "region": "eastus", "seq_num": 172, "rtt_ms": 32864.17, "verified": true, "status": "forwarded_no_ack", "mode": "superposition"}
{"ts": "2026-06-22T19:11:49.792414+00:00", "level": "metric", "event": "chunk_ack", "role": "benchmark", "region": "eastus", "seq_num": 173, "rtt_ms": 33058.94, "verified": true, "status": "forwarded_no_ack", "mode": "superposition"}
{"ts": "2026-06-22T19:11:49.988928+00:00", "level": "metric", "event": "chunk_ack", "role": "benchmark", "region": "eastus", "seq_num": 174, "rtt_ms": 33252.23, "verified": true, "status": "forwarded_no_ack", "mode": "superposition"}
{"ts": "2026-06-22T19:11:50.182050+00:00", "level": "metric", "event": "chunk_ack", "role": "benchmark", "region": "eastus", "seq_num": 175, "rtt_ms": 33447.87, "verified": true, "status": "forwarded_no_ack", "mode": "superposition"}
{"ts": "2026-06-22T19:11:50.372655+00:00", "level": "metric", "event": "chunk_ack", "role": "benchmark", "region": "eastus", "seq_num": 176, "rtt_ms": 33640.71, "verified": true, "status": "forwarded_no_ack", "mode": "superposition"}
{"ts": "2026-06-22T19:11:50.567063+00:00", "level": "metric", "event": "chunk_ack", "role": "benchmark", "region": "eastus", "seq_num": 177, "rtt_ms": 33830.25, "verified": true, "status": "forwarded_no_ack", "mode": "superposition"}
{"ts": "2026-06-22T19:11:50.756924+00:00", "level": "metric", "event": "chunk_ack", "role": "benchmark", "region": "eastus", "seq_num": 178, "rtt_ms": 34023.53, "verified": true, "status": "forwarded_no_ack", "mode": "superposition"}
{"ts": "2026-06-22T19:11:50.946978+00:00", "level": "metric", "event": "chunk_ack", "role": "benchmark", "region": "eastus", "seq_num": 179, "rtt_ms": 34212.7, "verified": true, "status": "forwarded_no_ack", "mode": "superposition"}
{"ts": "2026-06-22T19:11:51.139334+00:00", "level": "metric", "event": "chunk_ack", "role": "benchmark", "region": "eastus", "seq_num": 180, "rtt_ms": 34402.34, "verified": true, "status": "forwarded_no_ack", "mode": "superposition"}
{"ts": "2026-06-22T19:11:51.335895+00:00", "level": "metric", "event": "chunk_ack", "role": "benchmark", "region": "eastus", "seq_num": 181, "rtt_ms": 34593.78, "verified": true, "status": "forwarded_no_ack", "mode": "superposition"}
{"ts": "2026-06-22T19:11:51.532711+00:00", "level": "metric", "event": "chunk_ack", "role": "benchmark", "region": "eastus", "seq_num": 182, "rtt_ms": 34789.46, "verified": true, "status": "forwarded_no_ack", "mode": "superposition"}
{"ts": "2026-06-22T19:11:51.734703+00:00", "level": "metric", "event": "chunk_ack", "role": "benchmark", "region": "eastus", "seq_num": 183, "rtt_ms": 34985.52, "verified": true, "status": "forwarded_no_ack", "mode": "superposition"}
{"ts": "2026-06-22T19:11:51.925938+00:00", "level": "metric", "event": "chunk_ack", "role": "benchmark", "region": "eastus", "seq_num": 184, "rtt_ms": 35187.01, "verified": true, "status": "forwarded_no_ack", "mode": "superposition"}
{"ts": "2026-06-22T19:11:52.117751+00:00", "level": "metric", "event": "chunk_ack", "role": "benchmark", "region": "eastus", "seq_num": 185, "rtt_ms": 35377.28, "verified": true, "status": "forwarded_no_ack", "mode": "superposition"}
{"ts": "2026-06-22T19:11:52.313357+00:00", "level": "metric", "event": "chunk_ack", "role": "benchmark", "region": "eastus", "seq_num": 186, "rtt_ms": 35568.26, "verified": true, "status": "forwarded_no_ack", "mode": "superposition"}
{"ts": "2026-06-22T19:11:52.503675+00:00", "level": "metric", "event": "chunk_ack", "role": "benchmark", "region": "eastus", "seq_num": 187, "rtt_ms": 35762.93, "verified": true, "status": "forwarded_no_ack", "mode": "superposition"}
{"ts": "2026-06-22T19:11:52.694279+00:00", "level": "metric", "event": "chunk_ack", "role": "benchmark", "region": "eastus", "seq_num": 188, "rtt_ms": 35952.8, "verified": true, "status": "forwarded_no_ack", "mode": "superposition"}
{"ts": "2026-06-22T19:11:52.884211+00:00", "level": "metric", "event": "chunk_ack", "role": "benchmark", "region": "eastus", "seq_num": 189, "rtt_ms": 36142.47, "verified": true, "status": "forwarded_no_ack", "mode": "superposition"}
{"ts": "2026-06-22T19:11:53.076225+00:00", "level": "metric", "event": "chunk_ack", "role": "benchmark", "region": "eastus", "seq_num": 190, "rtt_ms": 36331.8, "verified": true, "status": "forwarded_no_ack", "mode": "superposition"}
{"ts": "2026-06-22T19:11:53.272409+00:00", "level": "metric", "event": "chunk_ack", "role": "benchmark", "region": "eastus", "seq_num": 191, "rtt_ms": 36522.7, "verified": true, "status": "forwarded_no_ack", "mode": "superposition"}
{"ts": "2026-06-22T19:11:53.462984+00:00", "level": "metric", "event": "chunk_ack", "role": "benchmark", "region": "eastus", "seq_num": 192, "rtt_ms": 36718.28, "verified": true, "status": "forwarded_no_ack", "mode": "superposition"}
{"ts": "2026-06-22T19:11:53.653126+00:00", "level": "metric", "event": "chunk_ack", "role": "benchmark", "region": "eastus", "seq_num": 193, "rtt_ms": 36908.11, "verified": true, "status": "forwarded_no_ack", "mode": "superposition"}
{"ts": "2026-06-22T19:11:53.843069+00:00", "level": "metric", "event": "chunk_ack", "role": "benchmark", "region": "eastus", "seq_num": 194, "rtt_ms": 37097.53, "verified": true, "status": "forwarded_no_ack", "mode": "superposition"}
{"ts": "2026-06-22T19:11:54.036286+00:00", "level": "metric", "event": "chunk_ack", "role": "benchmark", "region": "eastus", "seq_num": 195, "rtt_ms": 37286.8, "verified": true, "status": "forwarded_no_ack", "mode": "superposition"}
{"ts": "2026-06-22T19:11:54.232192+00:00", "level": "metric", "event": "chunk_ack", "role": "benchmark", "region": "eastus", "seq_num": 196, "rtt_ms": 37479.38, "verified": true, "status": "forwarded_no_ack", "mode": "superposition"}
{"ts": "2026-06-22T19:11:54.424087+00:00", "level": "metric", "event": "chunk_ack", "role": "benchmark", "region": "eastus", "seq_num": 197, "rtt_ms": 37674.53, "verified": true, "status": "forwarded_no_ack", "mode": "superposition"}
{"ts": "2026-06-22T19:11:54.618974+00:00", "level": "metric", "event": "chunk_ack", "role": "benchmark", "region": "eastus", "seq_num": 198, "rtt_ms": 37865.53, "verified": true, "status": "forwarded_no_ack", "mode": "superposition"}
{"ts": "2026-06-22T19:11:54.811485+00:00", "level": "metric", "event": "chunk_ack", "role": "benchmark", "region": "eastus", "seq_num": 199, "rtt_ms": 38059.65, "verified": true, "status": "forwarded_no_ack", "mode": "superposition"}
{"ts": "2026-06-22T19:11:55.001822+00:00", "level": "metric", "event": "chunk_ack", "role": "benchmark", "region": "eastus", "seq_num": 200, "rtt_ms": 38251.52, "verified": true, "status": "forwarded_no_ack", "mode": "superposition"}
{"ts": "2026-06-22T19:11:55.200477+00:00", "level": "metric", "event": "chunk_ack", "role": "benchmark", "region": "eastus", "seq_num": 201, "rtt_ms": 38441.46, "verified": true, "status": "forwarded_no_ack", "mode": "superposition"}
{"ts": "2026-06-22T19:11:55.395114+00:00", "level": "metric", "event": "chunk_ack", "role": "benchmark", "region": "eastus", "seq_num": 202, "rtt_ms": 38639.43, "verified": true, "status": "forwarded_no_ack", "mode": "superposition"}
{"ts": "2026-06-22T19:11:55.584893+00:00", "level": "metric", "event": "chunk_ack", "role": "benchmark", "region": "eastus", "seq_num": 203, "rtt_ms": 38833.0, "verified": true, "status": "forwarded_no_ack", "mode": "superposition"}
{"ts": "2026-06-22T19:11:55.775810+00:00", "level": "metric", "event": "chunk_ack", "role": "benchmark", "region": "eastus", "seq_num": 204, "rtt_ms": 39022.39, "verified": true, "status": "forwarded_no_ack", "mode": "superposition"}
{"ts": "2026-06-22T19:11:55.967105+00:00", "level": "info", "event": "mode_complete", "role": "benchmark", "region": "eastus", "mode": "superposition", "avg_rtt_ms": 19940.868, "p99_rtt_ms": 38639.425, "throughput_mbps": 0.021, "verified_pct": 100.0}
{"ts": "2026-06-22T19:11:55.967704+00:00", "level": "info", "event": "benchmark_complete", "role": "benchmark", "region": "eastus", "modes": ["direct", "isolation", "superposition"], "log_file": "/data/chorus_benchmark_20260622T190902Z.log", "db": "/data/chorus_benchmark.db"}
{"ts": "2026-06-22T19:11:55.967804+00:00", "level": "info", "event": "log_closed", "role": "benchmark", "region": "eastus", "elapsed_s": 173.83, "total_info": 8, "total_warnings": 0, "total_errors": 0, "log_path": "/data/chorus_benchmark_20260622T190902Z.log"}
