{"ts": "2026-06-22T18:51:50.547023+00:00", "level": "info", "event": "log_opened", "role": "benchmark", "region": "eastus", "path": "/data/chorus_benchmark_20260622T185150Z.log"}
{"ts": "2026-06-22T18:51:51.768350+00:00", "level": "info", "event": "benchmark_started", "role": "benchmark", "region": "eastus", "source": "eastus", "target": "germanywestcentral", "chunks_per_mode": 200, "warmup": 5, "db": "/data/chorus_benchmark.db", "log_file": "/data/chorus_benchmark_20260622T185150Z.log"}
{"ts": "2026-06-22T18:51:52.036505+00:00", "level": "info", "event": "mode_started", "role": "benchmark", "region": "eastus", "mode": "direct"}
{"ts": "2026-06-22T18:51:54.393784+00:00", "level": "metric", "event": "chunk_ack", "role": "benchmark", "region": "eastus", "seq_num": 0, "rtt_ms": 378.99, "verified": true, "status": "forwarded_no_ack", "mode": "direct"}
{"ts": "2026-06-22T18:51:54.548540+00:00", "level": "metric", "event": "chunk_ack", "role": "benchmark", "region": "eastus", "seq_num": 1, "rtt_ms": 511.83, "verified": true, "status": "forwarded_no_ack", "mode": "direct"}
{"ts": "2026-06-22T18:51:54.696800+00:00", "level": "metric", "event": "chunk_ack", "role": "benchmark", "region": "eastus", "seq_num": 2, "rtt_ms": 657.94, "verified": true, "status": "forwarded_no_ack", "mode": "direct"}
{"ts": "2026-06-22T18:51:54.855147+00:00", "level": "metric", "event": "chunk_ack", "role": "benchmark", "region": "eastus", "seq_num": 3, "rtt_ms": 814.56, "verified": true, "status": "forwarded_no_ack", "mode": "direct"}
{"ts": "2026-06-22T18:51:55.000906+00:00", "level": "metric", "event": "chunk_ack", "role": "benchmark", "region": "eastus", "seq_num": 4, "rtt_ms": 958.3, "verified": true, "status": "forwarded_no_ack", "mode": "direct"}
{"ts": "2026-06-22T18:51:55.425393+00:00", "level": "metric", "event": "chunk_ack", "role": "benchmark", "region": "eastus", "seq_num": 5, "rtt_ms": 1104.21, "verified": true, "status": "forwarded_no_ack", "mode": "direct"}
{"ts": "2026-06-22T18:51:55.611047+00:00", "level": "metric", "event": "chunk_ack", "role": "benchmark", "region": "eastus", "seq_num": 6, "rtt_ms": 1379.48, "verified": true, "status": "forwarded_no_ack", "mode": "direct"}
{"ts": "2026-06-22T18:51:55.796607+00:00", "level": "metric", "event": "chunk_ack", "role": "benchmark", "region": "eastus", "seq_num": 7, "rtt_ms": 1559.35, "verified": true, "status": "forwarded_no_ack", "mode": "direct"}
{"ts": "2026-06-22T18:51:55.981672+00:00", "level": "metric", "event": "chunk_ack", "role": "benchmark", "region": "eastus", "seq_num": 8, "rtt_ms": 1739.59, "verified": true, "status": "forwarded_no_ack", "mode": "direct"}
{"ts": "2026-06-22T18:51:56.167631+00:00", "level": "metric", "event": "chunk_ack", "role": "benchmark", "region": "eastus", "seq_num": 9, "rtt_ms": 1922.13, "verified": true, "status": "forwarded_no_ack", "mode": "direct"}
{"ts": "2026-06-22T18:51:56.352940+00:00", "level": "metric", "event": "chunk_ack", "role": "benchmark", "region": "eastus", "seq_num": 10, "rtt_ms": 2106.35, "verified": true, "status": "forwarded_no_ack", "mode": "direct"}
{"ts": "2026-06-22T18:51:56.538544+00:00", "level": "metric", "event": "chunk_ack", "role": "benchmark", "region": "eastus", "seq_num": 11, "rtt_ms": 2289.32, "verified": true, "status": "forwarded_no_ack", "mode": "direct"}
{"ts": "2026-06-22T18:51:56.724100+00:00", "level": "metric", "event": "chunk_ack", "role": "benchmark", "region": "eastus", "seq_num": 12, "rtt_ms": 2472.78, "verified": true, "status": "forwarded_no_ack", "mode": "direct"}
{"ts": "2026-06-22T18:51:56.912348+00:00", "level": "metric", "event": "chunk_ack", "role": "benchmark", "region": "eastus", "seq_num": 13, "rtt_ms": 2657.22, "verified": true, "status": "forwarded_no_ack", "mode": "direct"}
{"ts": "2026-06-22T18:51:57.098156+00:00", "level": "metric", "event": "chunk_ack", "role": "benchmark", "region": "eastus", "seq_num": 14, "rtt_ms": 2843.43, "verified": true, "status": "forwarded_no_ack", "mode": "direct"}
{"ts": "2026-06-22T18:51:57.283262+00:00", "level": "metric", "event": "chunk_ack", "role": "benchmark", "region": "eastus", "seq_num": 15, "rtt_ms": 3025.8, "verified": true, "status": "forwarded_no_ack", "mode": "direct"}
{"ts": "2026-06-22T18:51:57.468608+00:00", "level": "metric", "event": "chunk_ack", "role": "benchmark", "region": "eastus", "seq_num": 16, "rtt_ms": 3207.78, "verified": true, "status": "forwarded_no_ack", "mode": "direct"}
{"ts": "2026-06-22T18:51:57.654483+00:00", "level": "metric", "event": "chunk_ack", "role": "benchmark", "region": "eastus", "seq_num": 17, "rtt_ms": 3391.19, "verified": true, "status": "forwarded_no_ack", "mode": "direct"}
{"ts": "2026-06-22T18:51:57.839791+00:00", "level": "metric", "event": "chunk_ack", "role": "benchmark", "region": "eastus", "seq_num": 18, "rtt_ms": 3572.39, "verified": true, "status": "forwarded_no_ack", "mode": "direct"}
{"ts": "2026-06-22T18:51:58.025038+00:00", "level": "metric", "event": "chunk_ack", "role": "benchmark", "region": "eastus", "seq_num": 19, "rtt_ms": 3755.59, "verified": true, "status": "forwarded_no_ack", "mode": "direct"}
{"ts": "2026-06-22T18:51:58.210040+00:00", "level": "metric", "event": "chunk_ack", "role": "benchmark", "region": "eastus", "seq_num": 20, "rtt_ms": 3938.39, "verified": true, "status": "forwarded_no_ack", "mode": "direct"}
{"ts": "2026-06-22T18:51:58.395938+00:00", "level": "metric", "event": "chunk_ack", "role": "benchmark", "region": "eastus", "seq_num": 21, "rtt_ms": 4120.95, "verified": true, "status": "forwarded_no_ack", "mode": "direct"}
{"ts": "2026-06-22T18:51:58.581114+00:00", "level": "metric", "event": "chunk_ack", "role": "benchmark", "region": "eastus", "seq_num": 22, "rtt_ms": 4304.36, "verified": true, "status": "forwarded_no_ack", "mode": "direct"}
{"ts": "2026-06-22T18:51:58.766478+00:00", "level": "metric", "event": "chunk_ack", "role": "benchmark", "region": "eastus", "seq_num": 23, "rtt_ms": 4487.46, "verified": true, "status": "forwarded_no_ack", "mode": "direct"}
{"ts": "2026-06-22T18:51:58.951993+00:00", "level": "metric", "event": "chunk_ack", "role": "benchmark", "region": "eastus", "seq_num": 24, "rtt_ms": 4670.56, "verified": true, "status": "forwarded_no_ack", "mode": "direct"}
{"ts": "2026-06-22T18:51:59.137823+00:00", "level": "metric", "event": "chunk_ack", "role": "benchmark", "region": "eastus", "seq_num": 25, "rtt_ms": 4853.07, "verified": true, "status": "forwarded_no_ack", "mode": "direct"}
{"ts": "2026-06-22T18:51:59.323027+00:00", "level": "metric", "event": "chunk_ack", "role": "benchmark", "region": "eastus", "seq_num": 26, "rtt_ms": 5035.4, "verified": true, "status": "forwarded_no_ack", "mode": "direct"}
{"ts": "2026-06-22T18:51:59.508221+00:00", "level": "metric", "event": "chunk_ack", "role": "benchmark", "region": "eastus", "seq_num": 27, "rtt_ms": 5219.77, "verified": true, "status": "forwarded_no_ack", "mode": "direct"}
{"ts": "2026-06-22T18:51:59.693391+00:00", "level": "metric", "event": "chunk_ack", "role": "benchmark", "region": "eastus", "seq_num": 28, "rtt_ms": 5402.3, "verified": true, "status": "forwarded_no_ack", "mode": "direct"}
{"ts": "2026-06-22T18:51:59.879105+00:00", "level": "metric", "event": "chunk_ack", "role": "benchmark", "region": "eastus", "seq_num": 29, "rtt_ms": 5584.12, "verified": true, "status": "forwarded_no_ack", "mode": "direct"}
{"ts": "2026-06-22T18:52:00.065194+00:00", "level": "metric", "event": "chunk_ack", "role": "benchmark", "region": "eastus", "seq_num": 30, "rtt_ms": 5767.92, "verified": true, "status": "forwarded_no_ack", "mode": "direct"}
{"ts": "2026-06-22T18:52:00.251196+00:00", "level": "metric", "event": "chunk_ack", "role": "benchmark", "region": "eastus", "seq_num": 31, "rtt_ms": 5951.48, "verified": true, "status": "forwarded_no_ack", "mode": "direct"}
{"ts": "2026-06-22T18:52:00.436710+00:00", "level": "metric", "event": "chunk_ack", "role": "benchmark", "region": "eastus", "seq_num": 32, "rtt_ms": 6135.42, "verified": true, "status": "forwarded_no_ack", "mode": "direct"}
{"ts": "2026-06-22T18:52:00.622507+00:00", "level": "metric", "event": "chunk_ack", "role": "benchmark", "region": "eastus", "seq_num": 33, "rtt_ms": 6317.12, "verified": true, "status": "forwarded_no_ack", "mode": "direct"}
{"ts": "2026-06-22T18:52:00.808262+00:00", "level": "metric", "event": "chunk_ack", "role": "benchmark", "region": "eastus", "seq_num": 34, "rtt_ms": 6500.91, "verified": true, "status": "forwarded_no_ack", "mode": "direct"}
{"ts": "2026-06-22T18:52:00.994026+00:00", "level": "metric", "event": "chunk_ack", "role": "benchmark", "region": "eastus", "seq_num": 35, "rtt_ms": 6684.46, "verified": true, "status": "forwarded_no_ack", "mode": "direct"}
{"ts": "2026-06-22T18:52:01.183630+00:00", "level": "metric", "event": "chunk_ack", "role": "benchmark", "region": "eastus", "seq_num": 36, "rtt_ms": 6867.87, "verified": true, "status": "forwarded_no_ack", "mode": "direct"}
{"ts": "2026-06-22T18:52:01.369376+00:00", "level": "metric", "event": "chunk_ack", "role": "benchmark", "region": "eastus", "seq_num": 37, "rtt_ms": 7055.28, "verified": true, "status": "forwarded_no_ack", "mode": "direct"}
{"ts": "2026-06-22T18:52:01.555635+00:00", "level": "metric", "event": "chunk_ack", "role": "benchmark", "region": "eastus", "seq_num": 38, "rtt_ms": 7238.59, "verified": true, "status": "forwarded_no_ack", "mode": "direct"}
{"ts": "2026-06-22T18:52:01.744464+00:00", "level": "metric", "event": "chunk_ack", "role": "benchmark", "region": "eastus", "seq_num": 39, "rtt_ms": 7423.19, "verified": true, "status": "forwarded_no_ack", "mode": "direct"}
{"ts": "2026-06-22T18:52:01.931030+00:00", "level": "metric", "event": "chunk_ack", "role": "benchmark", "region": "eastus", "seq_num": 40, "rtt_ms": 7608.83, "verified": true, "status": "forwarded_no_ack", "mode": "direct"}
{"ts": "2026-06-22T18:52:02.120065+00:00", "level": "metric", "event": "chunk_ack", "role": "benchmark", "region": "eastus", "seq_num": 41, "rtt_ms": 7793.62, "verified": true, "status": "forwarded_no_ack", "mode": "direct"}
{"ts": "2026-06-22T18:52:02.310750+00:00", "level": "metric", "event": "chunk_ack", "role": "benchmark", "region": "eastus", "seq_num": 42, "rtt_ms": 7980.4, "verified": true, "status": "forwarded_no_ack", "mode": "direct"}
{"ts": "2026-06-22T18:52:02.495940+00:00", "level": "metric", "event": "chunk_ack", "role": "benchmark", "region": "eastus", "seq_num": 43, "rtt_ms": 8168.85, "verified": true, "status": "forwarded_no_ack", "mode": "direct"}
{"ts": "2026-06-22T18:52:02.684479+00:00", "level": "metric", "event": "chunk_ack", "role": "benchmark", "region": "eastus", "seq_num": 44, "rtt_ms": 8351.45, "verified": true, "status": "forwarded_no_ack", "mode": "direct"}
{"ts": "2026-06-22T18:52:02.875290+00:00", "level": "metric", "event": "chunk_ack", "role": "benchmark", "region": "eastus", "seq_num": 45, "rtt_ms": 8538.41, "verified": true, "status": "forwarded_no_ack", "mode": "direct"}
{"ts": "2026-06-22T18:52:03.061101+00:00", "level": "metric", "event": "chunk_ack", "role": "benchmark", "region": "eastus", "seq_num": 46, "rtt_ms": 8725.58, "verified": true, "status": "forwarded_no_ack", "mode": "direct"}
{"ts": "2026-06-22T18:52:03.246973+00:00", "level": "metric", "event": "chunk_ack", "role": "benchmark", "region": "eastus", "seq_num": 47, "rtt_ms": 8908.63, "verified": true, "status": "forwarded_no_ack", "mode": "direct"}
{"ts": "2026-06-22T18:52:03.432223+00:00", "level": "metric", "event": "chunk_ack", "role": "benchmark", "region": "eastus", "seq_num": 48, "rtt_ms": 9092.19, "verified": true, "status": "forwarded_no_ack", "mode": "direct"}
{"ts": "2026-06-22T18:52:03.617593+00:00", "level": "metric", "event": "chunk_ack", "role": "benchmark", "region": "eastus", "seq_num": 49, "rtt_ms": 9275.59, "verified": true, "status": "forwarded_no_ack", "mode": "direct"}
{"ts": "2026-06-22T18:52:03.803821+00:00", "level": "metric", "event": "chunk_ack", "role": "benchmark", "region": "eastus", "seq_num": 50, "rtt_ms": 9458.97, "verified": true, "status": "forwarded_no_ack", "mode": "direct"}
{"ts": "2026-06-22T18:52:03.988940+00:00", "level": "metric", "event": "chunk_ack", "role": "benchmark", "region": "eastus", "seq_num": 51, "rtt_ms": 9642.68, "verified": true, "status": "forwarded_no_ack", "mode": "direct"}
{"ts": "2026-06-22T18:52:04.174891+00:00", "level": "metric", "event": "chunk_ack", "role": "benchmark", "region": "eastus", "seq_num": 52, "rtt_ms": 9826.05, "verified": true, "status": "forwarded_no_ack", "mode": "direct"}
{"ts": "2026-06-22T18:52:04.360944+00:00", "level": "metric", "event": "chunk_ack", "role": "benchmark", "region": "eastus", "seq_num": 53, "rtt_ms": 10009.98, "verified": true, "status": "forwarded_no_ack", "mode": "direct"}
{"ts": "2026-06-22T18:52:04.546853+00:00", "level": "metric", "event": "chunk_ack", "role": "benchmark", "region": "eastus", "seq_num": 54, "rtt_ms": 10192.71, "verified": true, "status": "forwarded_no_ack", "mode": "direct"}
{"ts": "2026-06-22T18:52:04.732577+00:00", "level": "metric", "event": "chunk_ack", "role": "benchmark", "region": "eastus", "seq_num": 55, "rtt_ms": 10376.07, "verified": true, "status": "forwarded_no_ack", "mode": "direct"}
{"ts": "2026-06-22T18:52:04.917902+00:00", "level": "metric", "event": "chunk_ack", "role": "benchmark", "region": "eastus", "seq_num": 56, "rtt_ms": 10559.48, "verified": true, "status": "forwarded_no_ack", "mode": "direct"}
{"ts": "2026-06-22T18:52:05.104565+00:00", "level": "metric", "event": "chunk_ack", "role": "benchmark", "region": "eastus", "seq_num": 57, "rtt_ms": 10742.13, "verified": true, "status": "forwarded_no_ack", "mode": "direct"}
{"ts": "2026-06-22T18:52:05.290814+00:00", "level": "metric", "event": "chunk_ack", "role": "benchmark", "region": "eastus", "seq_num": 58, "rtt_ms": 10926.73, "verified": true, "status": "forwarded_no_ack", "mode": "direct"}
{"ts": "2026-06-22T18:52:05.477117+00:00", "level": "metric", "event": "chunk_ack", "role": "benchmark", "region": "eastus", "seq_num": 59, "rtt_ms": 11111.41, "verified": true, "status": "forwarded_no_ack", "mode": "direct"}
{"ts": "2026-06-22T18:52:05.662958+00:00", "level": "metric", "event": "chunk_ack", "role": "benchmark", "region": "eastus", "seq_num": 60, "rtt_ms": 11294.51, "verified": true, "status": "forwarded_no_ack", "mode": "direct"}
{"ts": "2026-06-22T18:52:05.849273+00:00", "level": "metric", "event": "chunk_ack", "role": "benchmark", "region": "eastus", "seq_num": 61, "rtt_ms": 11477.93, "verified": true, "status": "forwarded_no_ack", "mode": "direct"}
{"ts": "2026-06-22T18:52:06.035634+00:00", "level": "metric", "event": "chunk_ack", "role": "benchmark", "region": "eastus", "seq_num": 62, "rtt_ms": 11661.96, "verified": true, "status": "forwarded_no_ack", "mode": "direct"}
{"ts": "2026-06-22T18:52:06.220922+00:00", "level": "metric", "event": "chunk_ack", "role": "benchmark", "region": "eastus", "seq_num": 63, "rtt_ms": 11845.71, "verified": true, "status": "forwarded_no_ack", "mode": "direct"}
{"ts": "2026-06-22T18:52:06.408407+00:00", "level": "metric", "event": "chunk_ack", "role": "benchmark", "region": "eastus", "seq_num": 64, "rtt_ms": 12028.84, "verified": true, "status": "forwarded_no_ack", "mode": "direct"}
{"ts": "2026-06-22T18:52:06.597025+00:00", "level": "metric", "event": "chunk_ack", "role": "benchmark", "region": "eastus", "seq_num": 65, "rtt_ms": 12214.15, "verified": true, "status": "forwarded_no_ack", "mode": "direct"}
{"ts": "2026-06-22T18:52:06.782414+00:00", "level": "metric", "event": "chunk_ack", "role": "benchmark", "region": "eastus", "seq_num": 66, "rtt_ms": 12400.28, "verified": true, "status": "forwarded_no_ack", "mode": "direct"}
{"ts": "2026-06-22T18:52:06.969508+00:00", "level": "metric", "event": "chunk_ack", "role": "benchmark", "region": "eastus", "seq_num": 67, "rtt_ms": 12583.29, "verified": true, "status": "forwarded_no_ack", "mode": "direct"}
{"ts": "2026-06-22T18:52:07.154789+00:00", "level": "metric", "event": "chunk_ack", "role": "benchmark", "region": "eastus", "seq_num": 68, "rtt_ms": 12768.2, "verified": true, "status": "forwarded_no_ack", "mode": "direct"}
{"ts": "2026-06-22T18:52:07.341243+00:00", "level": "metric", "event": "chunk_ack", "role": "benchmark", "region": "eastus", "seq_num": 69, "rtt_ms": 12951.57, "verified": true, "status": "forwarded_no_ack", "mode": "direct"}
{"ts": "2026-06-22T18:52:07.527806+00:00", "level": "metric", "event": "chunk_ack", "role": "benchmark", "region": "eastus", "seq_num": 70, "rtt_ms": 13134.93, "verified": true, "status": "forwarded_no_ack", "mode": "direct"}
{"ts": "2026-06-22T18:52:07.714049+00:00", "level": "metric", "event": "chunk_ack", "role": "benchmark", "region": "eastus", "seq_num": 71, "rtt_ms": 13318.52, "verified": true, "status": "forwarded_no_ack", "mode": "direct"}
{"ts": "2026-06-22T18:52:07.901240+00:00", "level": "metric", "event": "chunk_ack", "role": "benchmark", "region": "eastus", "seq_num": 72, "rtt_ms": 13501.73, "verified": true, "status": "forwarded_no_ack", "mode": "direct"}
{"ts": "2026-06-22T18:52:08.089338+00:00", "level": "metric", "event": "chunk_ack", "role": "benchmark", "region": "eastus", "seq_num": 73, "rtt_ms": 13688.13, "verified": true, "status": "forwarded_no_ack", "mode": "direct"}
{"ts": "2026-06-22T18:52:08.274597+00:00", "level": "metric", "event": "chunk_ack", "role": "benchmark", "region": "eastus", "seq_num": 74, "rtt_ms": 13872.24, "verified": true, "status": "forwarded_no_ack", "mode": "direct"}
{"ts": "2026-06-22T18:52:08.460292+00:00", "level": "metric", "event": "chunk_ack", "role": "benchmark", "region": "eastus", "seq_num": 75, "rtt_ms": 14054.71, "verified": true, "status": "forwarded_no_ack", "mode": "direct"}
{"ts": "2026-06-22T18:52:08.646515+00:00", "level": "metric", "event": "chunk_ack", "role": "benchmark", "region": "eastus", "seq_num": 76, "rtt_ms": 14237.52, "verified": true, "status": "forwarded_no_ack", "mode": "direct"}
{"ts": "2026-06-22T18:52:08.834872+00:00", "level": "metric", "event": "chunk_ack", "role": "benchmark", "region": "eastus", "seq_num": 77, "rtt_ms": 14420.87, "verified": true, "status": "forwarded_no_ack", "mode": "direct"}
{"ts": "2026-06-22T18:52:09.020353+00:00", "level": "metric", "event": "chunk_ack", "role": "benchmark", "region": "eastus", "seq_num": 78, "rtt_ms": 14608.35, "verified": true, "status": "forwarded_no_ack", "mode": "direct"}
{"ts": "2026-06-22T18:52:09.207016+00:00", "level": "metric", "event": "chunk_ack", "role": "benchmark", "region": "eastus", "seq_num": 79, "rtt_ms": 14791.4, "verified": true, "status": "forwarded_no_ack", "mode": "direct"}
{"ts": "2026-06-22T18:52:09.392650+00:00", "level": "metric", "event": "chunk_ack", "role": "benchmark", "region": "eastus", "seq_num": 80, "rtt_ms": 14976.16, "verified": true, "status": "forwarded_no_ack", "mode": "direct"}
{"ts": "2026-06-22T18:52:09.578069+00:00", "level": "metric", "event": "chunk_ack", "role": "benchmark", "region": "eastus", "seq_num": 81, "rtt_ms": 15159.78, "verified": true, "status": "forwarded_no_ack", "mode": "direct"}
{"ts": "2026-06-22T18:52:09.763836+00:00", "level": "metric", "event": "chunk_ack", "role": "benchmark", "region": "eastus", "seq_num": 82, "rtt_ms": 15343.52, "verified": true, "status": "forwarded_no_ack", "mode": "direct"}
{"ts": "2026-06-22T18:52:09.949686+00:00", "level": "metric", "event": "chunk_ack", "role": "benchmark", "region": "eastus", "seq_num": 83, "rtt_ms": 15525.82, "verified": true, "status": "forwarded_no_ack", "mode": "direct"}
{"ts": "2026-06-22T18:52:10.135938+00:00", "level": "metric", "event": "chunk_ack", "role": "benchmark", "region": "eastus", "seq_num": 84, "rtt_ms": 15710.13, "verified": true, "status": "forwarded_no_ack", "mode": "direct"}
{"ts": "2026-06-22T18:52:10.321238+00:00", "level": "metric", "event": "chunk_ack", "role": "benchmark", "region": "eastus", "seq_num": 85, "rtt_ms": 15894.23, "verified": true, "status": "forwarded_no_ack", "mode": "direct"}
{"ts": "2026-06-22T18:52:10.506915+00:00", "level": "metric", "event": "chunk_ack", "role": "benchmark", "region": "eastus", "seq_num": 86, "rtt_ms": 16076.75, "verified": true, "status": "forwarded_no_ack", "mode": "direct"}
{"ts": "2026-06-22T18:52:10.692260+00:00", "level": "metric", "event": "chunk_ack", "role": "benchmark", "region": "eastus", "seq_num": 87, "rtt_ms": 16260.77, "verified": true, "status": "forwarded_no_ack", "mode": "direct"}
{"ts": "2026-06-22T18:52:10.878203+00:00", "level": "metric", "event": "chunk_ack", "role": "benchmark", "region": "eastus", "seq_num": 88, "rtt_ms": 16443.98, "verified": true, "status": "forwarded_no_ack", "mode": "direct"}
{"ts": "2026-06-22T18:52:11.064706+00:00", "level": "metric", "event": "chunk_ack", "role": "benchmark", "region": "eastus", "seq_num": 89, "rtt_ms": 16627.57, "verified": true, "status": "forwarded_no_ack", "mode": "direct"}
{"ts": "2026-06-22T18:52:11.250172+00:00", "level": "metric", "event": "chunk_ack", "role": "benchmark", "region": "eastus", "seq_num": 90, "rtt_ms": 16812.0, "verified": true, "status": "forwarded_no_ack", "mode": "direct"}
{"ts": "2026-06-22T18:52:11.435338+00:00", "level": "metric", "event": "chunk_ack", "role": "benchmark", "region": "eastus", "seq_num": 91, "rtt_ms": 16994.9, "verified": true, "status": "forwarded_no_ack", "mode": "direct"}
{"ts": "2026-06-22T18:52:11.621036+00:00", "level": "metric", "event": "chunk_ack", "role": "benchmark", "region": "eastus", "seq_num": 92, "rtt_ms": 17177.88, "verified": true, "status": "forwarded_no_ack", "mode": "direct"}
{"ts": "2026-06-22T18:52:11.806019+00:00", "level": "metric", "event": "chunk_ack", "role": "benchmark", "region": "eastus", "seq_num": 93, "rtt_ms": 17359.63, "verified": true, "status": "forwarded_no_ack", "mode": "direct"}
{"ts": "2026-06-22T18:52:11.992945+00:00", "level": "metric", "event": "chunk_ack", "role": "benchmark", "region": "eastus", "seq_num": 94, "rtt_ms": 17541.88, "verified": true, "status": "forwarded_no_ack", "mode": "direct"}
{"ts": "2026-06-22T18:52:12.178422+00:00", "level": "metric", "event": "chunk_ack", "role": "benchmark", "region": "eastus", "seq_num": 95, "rtt_ms": 17727.12, "verified": true, "status": "forwarded_no_ack", "mode": "direct"}
{"ts": "2026-06-22T18:52:12.364573+00:00", "level": "metric", "event": "chunk_ack", "role": "benchmark", "region": "eastus", "seq_num": 96, "rtt_ms": 17910.34, "verified": true, "status": "forwarded_no_ack", "mode": "direct"}
{"ts": "2026-06-22T18:52:12.550083+00:00", "level": "metric", "event": "chunk_ack", "role": "benchmark", "region": "eastus", "seq_num": 97, "rtt_ms": 18093.85, "verified": true, "status": "forwarded_no_ack", "mode": "direct"}
{"ts": "2026-06-22T18:52:12.735446+00:00", "level": "metric", "event": "chunk_ack", "role": "benchmark", "region": "eastus", "seq_num": 98, "rtt_ms": 18277.14, "verified": true, "status": "forwarded_no_ack", "mode": "direct"}
{"ts": "2026-06-22T18:52:12.923972+00:00", "level": "metric", "event": "chunk_ack", "role": "benchmark", "region": "eastus", "seq_num": 99, "rtt_ms": 18460.24, "verified": true, "status": "forwarded_no_ack", "mode": "direct"}
{"ts": "2026-06-22T18:52:13.110192+00:00", "level": "metric", "event": "chunk_ack", "role": "benchmark", "region": "eastus", "seq_num": 100, "rtt_ms": 18646.33, "verified": true, "status": "forwarded_no_ack", "mode": "direct"}
{"ts": "2026-06-22T18:52:13.295795+00:00", "level": "metric", "event": "chunk_ack", "role": "benchmark", "region": "eastus", "seq_num": 101, "rtt_ms": 18830.23, "verified": true, "status": "forwarded_no_ack", "mode": "direct"}
{"ts": "2026-06-22T18:52:13.482549+00:00", "level": "metric", "event": "chunk_ack", "role": "benchmark", "region": "eastus", "seq_num": 102, "rtt_ms": 19014.07, "verified": true, "status": "forwarded_no_ack", "mode": "direct"}
{"ts": "2026-06-22T18:52:13.667664+00:00", "level": "metric", "event": "chunk_ack", "role": "benchmark", "region": "eastus", "seq_num": 103, "rtt_ms": 19197.18, "verified": true, "status": "forwarded_no_ack", "mode": "direct"}
{"ts": "2026-06-22T18:52:13.853704+00:00", "level": "metric", "event": "chunk_ack", "role": "benchmark", "region": "eastus", "seq_num": 104, "rtt_ms": 19381.55, "verified": true, "status": "forwarded_no_ack", "mode": "direct"}
{"ts": "2026-06-22T18:52:14.043645+00:00", "level": "metric", "event": "chunk_ack", "role": "benchmark", "region": "eastus", "seq_num": 105, "rtt_ms": 19565.03, "verified": true, "status": "forwarded_no_ack", "mode": "direct"}
{"ts": "2026-06-22T18:52:14.229029+00:00", "level": "metric", "event": "chunk_ack", "role": "benchmark", "region": "eastus", "seq_num": 106, "rtt_ms": 19752.54, "verified": true, "status": "forwarded_no_ack", "mode": "direct"}
{"ts": "2026-06-22T18:52:14.415261+00:00", "level": "metric", "event": "chunk_ack", "role": "benchmark", "region": "eastus", "seq_num": 107, "rtt_ms": 19935.97, "verified": true, "status": "forwarded_no_ack", "mode": "direct"}
{"ts": "2026-06-22T18:52:14.601897+00:00", "level": "metric", "event": "chunk_ack", "role": "benchmark", "region": "eastus", "seq_num": 108, "rtt_ms": 20119.46, "verified": true, "status": "forwarded_no_ack", "mode": "direct"}
{"ts": "2026-06-22T18:52:14.787597+00:00", "level": "metric", "event": "chunk_ack", "role": "benchmark", "region": "eastus", "seq_num": 109, "rtt_ms": 20303.56, "verified": true, "status": "forwarded_no_ack", "mode": "direct"}
{"ts": "2026-06-22T18:52:14.973622+00:00", "level": "metric", "event": "chunk_ack", "role": "benchmark", "region": "eastus", "seq_num": 110, "rtt_ms": 20486.96, "verified": true, "status": "forwarded_no_ack", "mode": "direct"}
{"ts": "2026-06-22T18:52:15.159775+00:00", "level": "metric", "event": "chunk_ack", "role": "benchmark", "region": "eastus", "seq_num": 111, "rtt_ms": 20670.27, "verified": true, "status": "forwarded_no_ack", "mode": "direct"}
{"ts": "2026-06-22T18:52:15.345444+00:00", "level": "metric", "event": "chunk_ack", "role": "benchmark", "region": "eastus", "seq_num": 112, "rtt_ms": 20854.78, "verified": true, "status": "forwarded_no_ack", "mode": "direct"}
{"ts": "2026-06-22T18:52:15.531089+00:00", "level": "metric", "event": "chunk_ack", "role": "benchmark", "region": "eastus", "seq_num": 113, "rtt_ms": 21037.2, "verified": true, "status": "forwarded_no_ack", "mode": "direct"}
{"ts": "2026-06-22T18:52:15.717285+00:00", "level": "metric", "event": "chunk_ack", "role": "benchmark", "region": "eastus", "seq_num": 114, "rtt_ms": 21220.37, "verified": true, "status": "forwarded_no_ack", "mode": "direct"}
{"ts": "2026-06-22T18:52:15.904079+00:00", "level": "metric", "event": "chunk_ack", "role": "benchmark", "region": "eastus", "seq_num": 115, "rtt_ms": 21403.6, "verified": true, "status": "forwarded_no_ack", "mode": "direct"}
{"ts": "2026-06-22T18:52:16.089825+00:00", "level": "metric", "event": "chunk_ack", "role": "benchmark", "region": "eastus", "seq_num": 116, "rtt_ms": 21588.02, "verified": true, "status": "forwarded_no_ack", "mode": "direct"}
{"ts": "2026-06-22T18:52:16.276331+00:00", "level": "metric", "event": "chunk_ack", "role": "benchmark", "region": "eastus", "seq_num": 117, "rtt_ms": 21771.15, "verified": true, "status": "forwarded_no_ack", "mode": "direct"}
{"ts": "2026-06-22T18:52:16.461989+00:00", "level": "metric", "event": "chunk_ack", "role": "benchmark", "region": "eastus", "seq_num": 118, "rtt_ms": 21955.54, "verified": true, "status": "forwarded_no_ack", "mode": "direct"}
{"ts": "2026-06-22T18:52:16.650104+00:00", "level": "metric", "event": "chunk_ack", "role": "benchmark", "region": "eastus", "seq_num": 119, "rtt_ms": 22137.8, "verified": true, "status": "forwarded_no_ack", "mode": "direct"}
{"ts": "2026-06-22T18:52:16.835826+00:00", "level": "metric", "event": "chunk_ack", "role": "benchmark", "region": "eastus", "seq_num": 120, "rtt_ms": 22323.71, "verified": true, "status": "forwarded_no_ack", "mode": "direct"}
{"ts": "2026-06-22T18:52:17.021271+00:00", "level": "metric", "event": "chunk_ack", "role": "benchmark", "region": "eastus", "seq_num": 121, "rtt_ms": 22507.25, "verified": true, "status": "forwarded_no_ack", "mode": "direct"}
{"ts": "2026-06-22T18:52:17.207256+00:00", "level": "metric", "event": "chunk_ack", "role": "benchmark", "region": "eastus", "seq_num": 122, "rtt_ms": 22690.55, "verified": true, "status": "forwarded_no_ack", "mode": "direct"}
{"ts": "2026-06-22T18:52:17.393540+00:00", "level": "metric", "event": "chunk_ack", "role": "benchmark", "region": "eastus", "seq_num": 123, "rtt_ms": 22874.94, "verified": true, "status": "forwarded_no_ack", "mode": "direct"}
{"ts": "2026-06-22T18:52:17.579040+00:00", "level": "metric", "event": "chunk_ack", "role": "benchmark", "region": "eastus", "seq_num": 124, "rtt_ms": 23058.24, "verified": true, "status": "forwarded_no_ack", "mode": "direct"}
{"ts": "2026-06-22T18:52:17.764809+00:00", "level": "metric", "event": "chunk_ack", "role": "benchmark", "region": "eastus", "seq_num": 125, "rtt_ms": 23241.76, "verified": true, "status": "forwarded_no_ack", "mode": "direct"}
{"ts": "2026-06-22T18:52:17.950058+00:00", "level": "metric", "event": "chunk_ack", "role": "benchmark", "region": "eastus", "seq_num": 126, "rtt_ms": 23424.64, "verified": true, "status": "forwarded_no_ack", "mode": "direct"}
{"ts": "2026-06-22T18:52:18.136081+00:00", "level": "metric", "event": "chunk_ack", "role": "benchmark", "region": "eastus", "seq_num": 127, "rtt_ms": 23607.05, "verified": true, "status": "forwarded_no_ack", "mode": "direct"}
{"ts": "2026-06-22T18:52:18.321610+00:00", "level": "metric", "event": "chunk_ack", "role": "benchmark", "region": "eastus", "seq_num": 128, "rtt_ms": 23791.09, "verified": true, "status": "forwarded_no_ack", "mode": "direct"}
{"ts": "2026-06-22T18:52:18.507706+00:00", "level": "metric", "event": "chunk_ack", "role": "benchmark", "region": "eastus", "seq_num": 129, "rtt_ms": 23974.25, "verified": true, "status": "forwarded_no_ack", "mode": "direct"}
{"ts": "2026-06-22T18:52:18.693616+00:00", "level": "metric", "event": "chunk_ack", "role": "benchmark", "region": "eastus", "seq_num": 130, "rtt_ms": 24158.42, "verified": true, "status": "forwarded_no_ack", "mode": "direct"}
{"ts": "2026-06-22T18:52:18.878934+00:00", "level": "metric", "event": "chunk_ack", "role": "benchmark", "region": "eastus", "seq_num": 131, "rtt_ms": 24340.63, "verified": true, "status": "forwarded_no_ack", "mode": "direct"}
{"ts": "2026-06-22T18:52:19.065260+00:00", "level": "metric", "event": "chunk_ack", "role": "benchmark", "region": "eastus", "seq_num": 132, "rtt_ms": 24522.64, "verified": true, "status": "forwarded_no_ack", "mode": "direct"}
{"ts": "2026-06-22T18:52:19.251023+00:00", "level": "metric", "event": "chunk_ack", "role": "benchmark", "region": "eastus", "seq_num": 133, "rtt_ms": 24706.75, "verified": true, "status": "forwarded_no_ack", "mode": "direct"}
{"ts": "2026-06-22T18:52:19.438082+00:00", "level": "metric", "event": "chunk_ack", "role": "benchmark", "region": "eastus", "seq_num": 134, "rtt_ms": 24890.45, "verified": true, "status": "forwarded_no_ack", "mode": "direct"}
{"ts": "2026-06-22T18:52:19.623974+00:00", "level": "metric", "event": "chunk_ack", "role": "benchmark", "region": "eastus", "seq_num": 135, "rtt_ms": 25074.66, "verified": true, "status": "forwarded_no_ack", "mode": "direct"}
{"ts": "2026-06-22T18:52:19.809254+00:00", "level": "metric", "event": "chunk_ack", "role": "benchmark", "region": "eastus", "seq_num": 136, "rtt_ms": 25257.71, "verified": true, "status": "forwarded_no_ack", "mode": "direct"}
{"ts": "2026-06-22T18:52:19.995994+00:00", "level": "metric", "event": "chunk_ack", "role": "benchmark", "region": "eastus", "seq_num": 137, "rtt_ms": 25440.37, "verified": true, "status": "forwarded_no_ack", "mode": "direct"}
{"ts": "2026-06-22T18:52:20.184907+00:00", "level": "metric", "event": "chunk_ack", "role": "benchmark", "region": "eastus", "seq_num": 138, "rtt_ms": 25625.54, "verified": true, "status": "forwarded_no_ack", "mode": "direct"}
{"ts": "2026-06-22T18:52:20.371876+00:00", "level": "metric", "event": "chunk_ack", "role": "benchmark", "region": "eastus", "seq_num": 139, "rtt_ms": 25811.47, "verified": true, "status": "forwarded_no_ack", "mode": "direct"}
{"ts": "2026-06-22T18:52:20.558179+00:00", "level": "metric", "event": "chunk_ack", "role": "benchmark", "region": "eastus", "seq_num": 140, "rtt_ms": 25996.93, "verified": true, "status": "forwarded_no_ack", "mode": "direct"}
{"ts": "2026-06-22T18:52:20.749483+00:00", "level": "metric", "event": "chunk_ack", "role": "benchmark", "region": "eastus", "seq_num": 141, "rtt_ms": 26180.39, "verified": true, "status": "forwarded_no_ack", "mode": "direct"}
{"ts": "2026-06-22T18:52:20.935015+00:00", "level": "metric", "event": "chunk_ack", "role": "benchmark", "region": "eastus", "seq_num": 142, "rtt_ms": 26369.34, "verified": true, "status": "forwarded_no_ack", "mode": "direct"}
{"ts": "2026-06-22T18:52:21.121707+00:00", "level": "metric", "event": "chunk_ack", "role": "benchmark", "region": "eastus", "seq_num": 143, "rtt_ms": 26552.5, "verified": true, "status": "forwarded_no_ack", "mode": "direct"}
{"ts": "2026-06-22T18:52:21.306828+00:00", "level": "metric", "event": "chunk_ack", "role": "benchmark", "region": "eastus", "seq_num": 144, "rtt_ms": 26736.99, "verified": true, "status": "forwarded_no_ack", "mode": "direct"}
{"ts": "2026-06-22T18:52:21.492489+00:00", "level": "metric", "event": "chunk_ack", "role": "benchmark", "region": "eastus", "seq_num": 145, "rtt_ms": 26919.97, "verified": true, "status": "forwarded_no_ack", "mode": "direct"}
{"ts": "2026-06-22T18:52:21.678066+00:00", "level": "metric", "event": "chunk_ack", "role": "benchmark", "region": "eastus", "seq_num": 146, "rtt_ms": 27103.68, "verified": true, "status": "forwarded_no_ack", "mode": "direct"}
{"ts": "2026-06-22T18:52:21.863780+00:00", "level": "metric", "event": "chunk_ack", "role": "benchmark", "region": "eastus", "seq_num": 147, "rtt_ms": 27287.16, "verified": true, "status": "forwarded_no_ack", "mode": "direct"}
{"ts": "2026-06-22T18:52:22.048893+00:00", "level": "metric", "event": "chunk_ack", "role": "benchmark", "region": "eastus", "seq_num": 148, "rtt_ms": 27470.5, "verified": true, "status": "forwarded_no_ack", "mode": "direct"}
{"ts": "2026-06-22T18:52:22.235301+00:00", "level": "metric", "event": "chunk_ack", "role": "benchmark", "region": "eastus", "seq_num": 149, "rtt_ms": 27651.83, "verified": true, "status": "forwarded_no_ack", "mode": "direct"}
{"ts": "2026-06-22T18:52:22.425975+00:00", "level": "metric", "event": "chunk_ack", "role": "benchmark", "region": "eastus", "seq_num": 150, "rtt_ms": 27834.43, "verified": true, "status": "forwarded_no_ack", "mode": "direct"}
{"ts": "2026-06-22T18:52:22.612792+00:00", "level": "metric", "event": "chunk_ack", "role": "benchmark", "region": "eastus", "seq_num": 151, "rtt_ms": 28023.22, "verified": true, "status": "forwarded_no_ack", "mode": "direct"}
{"ts": "2026-06-22T18:52:22.800497+00:00", "level": "metric", "event": "chunk_ack", "role": "benchmark", "region": "eastus", "seq_num": 152, "rtt_ms": 28206.38, "verified": true, "status": "forwarded_no_ack", "mode": "direct"}
{"ts": "2026-06-22T18:52:22.986507+00:00", "level": "metric", "event": "chunk_ack", "role": "benchmark", "region": "eastus", "seq_num": 153, "rtt_ms": 28391.53, "verified": true, "status": "forwarded_no_ack", "mode": "direct"}
{"ts": "2026-06-22T18:52:23.172455+00:00", "level": "metric", "event": "chunk_ack", "role": "benchmark", "region": "eastus", "seq_num": 154, "rtt_ms": 28574.82, "verified": true, "status": "forwarded_no_ack", "mode": "direct"}
{"ts": "2026-06-22T18:52:23.371016+00:00", "level": "metric", "event": "chunk_ack", "role": "benchmark", "region": "eastus", "seq_num": 155, "rtt_ms": 28759.11, "verified": true, "status": "forwarded_no_ack", "mode": "direct"}
{"ts": "2026-06-22T18:52:23.556751+00:00", "level": "metric", "event": "chunk_ack", "role": "benchmark", "region": "eastus", "seq_num": 156, "rtt_ms": 28955.44, "verified": true, "status": "forwarded_no_ack", "mode": "direct"}
{"ts": "2026-06-22T18:52:23.742368+00:00", "level": "metric", "event": "chunk_ack", "role": "benchmark", "region": "eastus", "seq_num": 157, "rtt_ms": 29139.14, "verified": true, "status": "forwarded_no_ack", "mode": "direct"}
{"ts": "2026-06-22T18:52:23.927898+00:00", "level": "metric", "event": "chunk_ack", "role": "benchmark", "region": "eastus", "seq_num": 158, "rtt_ms": 29322.38, "verified": true, "status": "forwarded_no_ack", "mode": "direct"}
{"ts": "2026-06-22T18:52:24.114496+00:00", "level": "metric", "event": "chunk_ack", "role": "benchmark", "region": "eastus", "seq_num": 159, "rtt_ms": 29506.7, "verified": true, "status": "forwarded_no_ack", "mode": "direct"}
{"ts": "2026-06-22T18:52:24.300095+00:00", "level": "metric", "event": "chunk_ack", "role": "benchmark", "region": "eastus", "seq_num": 160, "rtt_ms": 29690.7, "verified": true, "status": "forwarded_no_ack", "mode": "direct"}
{"ts": "2026-06-22T18:52:24.489318+00:00", "level": "metric", "event": "chunk_ack", "role": "benchmark", "region": "eastus", "seq_num": 161, "rtt_ms": 29874.67, "verified": true, "status": "forwarded_no_ack", "mode": "direct"}
{"ts": "2026-06-22T18:52:24.674909+00:00", "level": "metric", "event": "chunk_ack", "role": "benchmark", "region": "eastus", "seq_num": 162, "rtt_ms": 30061.01, "verified": true, "status": "forwarded_no_ack", "mode": "direct"}
{"ts": "2026-06-22T18:52:24.860827+00:00", "level": "metric", "event": "chunk_ack", "role": "benchmark", "region": "eastus", "seq_num": 163, "rtt_ms": 30243.99, "verified": true, "status": "forwarded_no_ack", "mode": "direct"}
{"ts": "2026-06-22T18:52:25.046409+00:00", "level": "metric", "event": "chunk_ack", "role": "benchmark", "region": "eastus", "seq_num": 164, "rtt_ms": 30427.63, "verified": true, "status": "forwarded_no_ack", "mode": "direct"}
{"ts": "2026-06-22T18:52:25.232139+00:00", "level": "metric", "event": "chunk_ack", "role": "benchmark", "region": "eastus", "seq_num": 165, "rtt_ms": 30610.1, "verified": true, "status": "forwarded_no_ack", "mode": "direct"}
{"ts": "2026-06-22T18:52:25.417579+00:00", "level": "metric", "event": "chunk_ack", "role": "benchmark", "region": "eastus", "seq_num": 166, "rtt_ms": 30793.53, "verified": true, "status": "forwarded_no_ack", "mode": "direct"}
{"ts": "2026-06-22T18:52:25.603145+00:00", "level": "metric", "event": "chunk_ack", "role": "benchmark", "region": "eastus", "seq_num": 167, "rtt_ms": 30976.45, "verified": true, "status": "forwarded_no_ack", "mode": "direct"}
{"ts": "2026-06-22T18:52:25.795311+00:00", "level": "metric", "event": "chunk_ack", "role": "benchmark", "region": "eastus", "seq_num": 168, "rtt_ms": 31159.17, "verified": true, "status": "forwarded_no_ack", "mode": "direct"}
{"ts": "2026-06-22T18:52:25.980991+00:00", "level": "metric", "event": "chunk_ack", "role": "benchmark", "region": "eastus", "seq_num": 169, "rtt_ms": 31350.5, "verified": true, "status": "forwarded_no_ack", "mode": "direct"}
{"ts": "2026-06-22T18:52:26.166304+00:00", "level": "metric", "event": "chunk_ack", "role": "benchmark", "region": "eastus", "seq_num": 170, "rtt_ms": 31533.06, "verified": true, "status": "forwarded_no_ack", "mode": "direct"}
{"ts": "2026-06-22T18:52:26.469040+00:00", "level": "metric", "event": "chunk_ack", "role": "benchmark", "region": "eastus", "seq_num": 171, "rtt_ms": 31717.13, "verified": true, "status": "forwarded_no_ack", "mode": "direct"}
{"ts": "2026-06-22T18:52:26.655374+00:00", "level": "metric", "event": "chunk_ack", "role": "benchmark", "region": "eastus", "seq_num": 172, "rtt_ms": 32019.44, "verified": true, "status": "forwarded_no_ack", "mode": "direct"}
{"ts": "2026-06-22T18:52:26.840659+00:00", "level": "metric", "event": "chunk_ack", "role": "benchmark", "region": "eastus", "seq_num": 173, "rtt_ms": 32204.74, "verified": true, "status": "forwarded_no_ack", "mode": "direct"}
{"ts": "2026-06-22T18:52:27.034232+00:00", "level": "metric", "event": "chunk_ack", "role": "benchmark", "region": "eastus", "seq_num": 174, "rtt_ms": 32389.41, "verified": true, "status": "forwarded_no_ack", "mode": "direct"}
{"ts": "2026-06-22T18:52:27.220669+00:00", "level": "metric", "event": "chunk_ack", "role": "benchmark", "region": "eastus", "seq_num": 175, "rtt_ms": 32582.26, "verified": true, "status": "forwarded_no_ack", "mode": "direct"}
{"ts": "2026-06-22T18:52:27.406160+00:00", "level": "metric", "event": "chunk_ack", "role": "benchmark", "region": "eastus", "seq_num": 176, "rtt_ms": 32768.03, "verified": true, "status": "forwarded_no_ack", "mode": "direct"}
{"ts": "2026-06-22T18:52:27.591974+00:00", "level": "metric", "event": "chunk_ack", "role": "benchmark", "region": "eastus", "seq_num": 177, "rtt_ms": 32952.74, "verified": true, "status": "forwarded_no_ack", "mode": "direct"}
{"ts": "2026-06-22T18:52:27.777865+00:00", "level": "metric", "event": "chunk_ack", "role": "benchmark", "region": "eastus", "seq_num": 178, "rtt_ms": 33138.2, "verified": true, "status": "forwarded_no_ack", "mode": "direct"}
{"ts": "2026-06-22T18:52:27.964682+00:00", "level": "metric", "event": "chunk_ack", "role": "benchmark", "region": "eastus", "seq_num": 179, "rtt_ms": 33324.46, "verified": true, "status": "forwarded_no_ack", "mode": "direct"}
{"ts": "2026-06-22T18:52:28.150377+00:00", "level": "metric", "event": "chunk_ack", "role": "benchmark", "region": "eastus", "seq_num": 180, "rtt_ms": 33509.24, "verified": true, "status": "forwarded_no_ack", "mode": "direct"}
{"ts": "2026-06-22T18:52:28.335972+00:00", "level": "metric", "event": "chunk_ack", "role": "benchmark", "region": "eastus", "seq_num": 181, "rtt_ms": 33694.24, "verified": true, "status": "forwarded_no_ack", "mode": "direct"}
{"ts": "2026-06-22T18:52:28.523999+00:00", "level": "metric", "event": "chunk_ack", "role": "benchmark", "region": "eastus", "seq_num": 182, "rtt_ms": 33879.66, "verified": true, "status": "forwarded_no_ack", "mode": "direct"}
{"ts": "2026-06-22T18:52:28.709254+00:00", "level": "metric", "event": "chunk_ack", "role": "benchmark", "region": "eastus", "seq_num": 183, "rtt_ms": 34066.37, "verified": true, "status": "forwarded_no_ack", "mode": "direct"}
{"ts": "2026-06-22T18:52:28.894922+00:00", "level": "metric", "event": "chunk_ack", "role": "benchmark", "region": "eastus", "seq_num": 184, "rtt_ms": 34251.36, "verified": true, "status": "forwarded_no_ack", "mode": "direct"}
{"ts": "2026-06-22T18:52:29.080880+00:00", "level": "metric", "event": "chunk_ack", "role": "benchmark", "region": "eastus", "seq_num": 185, "rtt_ms": 34436.52, "verified": true, "status": "forwarded_no_ack", "mode": "direct"}
{"ts": "2026-06-22T18:52:29.266136+00:00", "level": "metric", "event": "chunk_ack", "role": "benchmark", "region": "eastus", "seq_num": 186, "rtt_ms": 34621.23, "verified": true, "status": "forwarded_no_ack", "mode": "direct"}
{"ts": "2026-06-22T18:52:29.454776+00:00", "level": "metric", "event": "chunk_ack", "role": "benchmark", "region": "eastus", "seq_num": 187, "rtt_ms": 34808.98, "verified": true, "status": "forwarded_no_ack", "mode": "direct"}
{"ts": "2026-06-22T18:52:29.639672+00:00", "level": "metric", "event": "chunk_ack", "role": "benchmark", "region": "eastus", "seq_num": 188, "rtt_ms": 34993.81, "verified": true, "status": "forwarded_no_ack", "mode": "direct"}
{"ts": "2026-06-22T18:52:29.824869+00:00", "level": "metric", "event": "chunk_ack", "role": "benchmark", "region": "eastus", "seq_num": 189, "rtt_ms": 35178.22, "verified": true, "status": "forwarded_no_ack", "mode": "direct"}
{"ts": "2026-06-22T18:52:30.010235+00:00", "level": "metric", "event": "chunk_ack", "role": "benchmark", "region": "eastus", "seq_num": 190, "rtt_ms": 35362.89, "verified": true, "status": "forwarded_no_ack", "mode": "direct"}
{"ts": "2026-06-22T18:52:30.196099+00:00", "level": "metric", "event": "chunk_ack", "role": "benchmark", "region": "eastus", "seq_num": 191, "rtt_ms": 35547.09, "verified": true, "status": "forwarded_no_ack", "mode": "direct"}
{"ts": "2026-06-22T18:52:30.381782+00:00", "level": "metric", "event": "chunk_ack", "role": "benchmark", "region": "eastus", "seq_num": 192, "rtt_ms": 35732.19, "verified": true, "status": "forwarded_no_ack", "mode": "direct"}
{"ts": "2026-06-22T18:52:30.567469+00:00", "level": "metric", "event": "chunk_ack", "role": "benchmark", "region": "eastus", "seq_num": 193, "rtt_ms": 35917.48, "verified": true, "status": "forwarded_no_ack", "mode": "direct"}
{"ts": "2026-06-22T18:52:30.754488+00:00", "level": "metric", "event": "chunk_ack", "role": "benchmark", "region": "eastus", "seq_num": 194, "rtt_ms": 36103.5, "verified": true, "status": "forwarded_no_ack", "mode": "direct"}
{"ts": "2026-06-22T18:52:30.940091+00:00", "level": "metric", "event": "chunk_ack", "role": "benchmark", "region": "eastus", "seq_num": 195, "rtt_ms": 36288.72, "verified": true, "status": "forwarded_no_ack", "mode": "direct"}
{"ts": "2026-06-22T18:52:31.138837+00:00", "level": "metric", "event": "chunk_ack", "role": "benchmark", "region": "eastus", "seq_num": 196, "rtt_ms": 36473.34, "verified": true, "status": "forwarded_no_ack", "mode": "direct"}
{"ts": "2026-06-22T18:52:31.324202+00:00", "level": "metric", "event": "chunk_ack", "role": "benchmark", "region": "eastus", "seq_num": 197, "rtt_ms": 36671.3, "verified": true, "status": "forwarded_no_ack", "mode": "direct"}
{"ts": "2026-06-22T18:52:31.513981+00:00", "level": "metric", "event": "chunk_ack", "role": "benchmark", "region": "eastus", "seq_num": 198, "rtt_ms": 36856.03, "verified": true, "status": "forwarded_no_ack", "mode": "direct"}
{"ts": "2026-06-22T18:52:31.701468+00:00", "level": "metric", "event": "chunk_ack", "role": "benchmark", "region": "eastus", "seq_num": 199, "rtt_ms": 37045.08, "verified": true, "status": "forwarded_no_ack", "mode": "direct"}
{"ts": "2026-06-22T18:52:31.887065+00:00", "level": "metric", "event": "chunk_ack", "role": "benchmark", "region": "eastus", "seq_num": 200, "rtt_ms": 37232.26, "verified": true, "status": "forwarded_no_ack", "mode": "direct"}
{"ts": "2026-06-22T18:52:32.076058+00:00", "level": "metric", "event": "chunk_ack", "role": "benchmark", "region": "eastus", "seq_num": 201, "rtt_ms": 37417.38, "verified": true, "status": "forwarded_no_ack", "mode": "direct"}
{"ts": "2026-06-22T18:52:32.262416+00:00", "level": "metric", "event": "chunk_ack", "role": "benchmark", "region": "eastus", "seq_num": 202, "rtt_ms": 37605.48, "verified": true, "status": "forwarded_no_ack", "mode": "direct"}
{"ts": "2026-06-22T18:52:32.448193+00:00", "level": "metric", "event": "chunk_ack", "role": "benchmark", "region": "eastus", "seq_num": 203, "rtt_ms": 37790.91, "verified": true, "status": "forwarded_no_ack", "mode": "direct"}
{"ts": "2026-06-22T18:52:32.633939+00:00", "level": "metric", "event": "chunk_ack", "role": "benchmark", "region": "eastus", "seq_num": 204, "rtt_ms": 37975.98, "verified": true, "status": "forwarded_no_ack", "mode": "direct"}
{"ts": "2026-06-22T18:52:32.829141+00:00", "level": "info", "event": "mode_complete", "role": "benchmark", "region": "eastus", "mode": "direct", "avg_rtt_ms": 19502.781, "p99_rtt_ms": 37605.481, "throughput_mbps": 0.021, "verified_pct": 100.0}
{"ts": "2026-06-22T18:52:32.829373+00:00", "level": "info", "event": "mode_started", "role": "benchmark", "region": "eastus", "mode": "isolation"}
{"ts": "2026-06-22T18:52:34.399694+00:00", "level": "metric", "event": "chunk_ack", "role": "benchmark", "region": "eastus", "seq_num": 0, "rtt_ms": 158.14, "verified": true, "status": "forwarded_no_ack", "mode": "isolation"}
{"ts": "2026-06-22T18:52:34.546171+00:00", "level": "metric", "event": "chunk_ack", "role": "benchmark", "region": "eastus", "seq_num": 1, "rtt_ms": 295.85, "verified": true, "status": "forwarded_no_ack", "mode": "isolation"}
{"ts": "2026-06-22T18:52:34.693819+00:00", "level": "metric", "event": "chunk_ack", "role": "benchmark", "region": "eastus", "seq_num": 2, "rtt_ms": 442.51, "verified": true, "status": "forwarded_no_ack", "mode": "isolation"}
{"ts": "2026-06-22T18:52:34.847393+00:00", "level": "metric", "event": "chunk_ack", "role": "benchmark", "region": "eastus", "seq_num": 3, "rtt_ms": 595.29, "verified": true, "status": "forwarded_no_ack", "mode": "isolation"}
{"ts": "2026-06-22T18:52:34.994418+00:00", "level": "metric", "event": "chunk_ack", "role": "benchmark", "region": "eastus", "seq_num": 4, "rtt_ms": 741.42, "verified": true, "status": "forwarded_no_ack", "mode": "isolation"}
{"ts": "2026-06-22T18:52:35.326925+00:00", "level": "metric", "event": "chunk_ack", "role": "benchmark", "region": "eastus", "seq_num": 5, "rtt_ms": 888.12, "verified": true, "status": "forwarded_no_ack", "mode": "isolation"}
{"ts": "2026-06-22T18:52:35.512924+00:00", "level": "metric", "event": "chunk_ack", "role": "benchmark", "region": "eastus", "seq_num": 6, "rtt_ms": 1072.85, "verified": true, "status": "forwarded_no_ack", "mode": "isolation"}
{"ts": "2026-06-22T18:52:35.698622+00:00", "level": "metric", "event": "chunk_ack", "role": "benchmark", "region": "eastus", "seq_num": 7, "rtt_ms": 1258.24, "verified": true, "status": "forwarded_no_ack", "mode": "isolation"}
{"ts": "2026-06-22T18:52:35.887090+00:00", "level": "metric", "event": "chunk_ack", "role": "benchmark", "region": "eastus", "seq_num": 8, "rtt_ms": 1442.73, "verified": true, "status": "forwarded_no_ack", "mode": "isolation"}
{"ts": "2026-06-22T18:52:36.072481+00:00", "level": "metric", "event": "chunk_ack", "role": "benchmark", "region": "eastus", "seq_num": 9, "rtt_ms": 1630.58, "verified": true, "status": "forwarded_no_ack", "mode": "isolation"}
{"ts": "2026-06-22T18:52:36.257985+00:00", "level": "metric", "event": "chunk_ack", "role": "benchmark", "region": "eastus", "seq_num": 10, "rtt_ms": 1815.19, "verified": true, "status": "forwarded_no_ack", "mode": "isolation"}
{"ts": "2026-06-22T18:52:36.443930+00:00", "level": "metric", "event": "chunk_ack", "role": "benchmark", "region": "eastus", "seq_num": 11, "rtt_ms": 1999.56, "verified": true, "status": "forwarded_no_ack", "mode": "isolation"}
{"ts": "2026-06-22T18:52:36.629529+00:00", "level": "metric", "event": "chunk_ack", "role": "benchmark", "region": "eastus", "seq_num": 12, "rtt_ms": 2184.63, "verified": true, "status": "forwarded_no_ack", "mode": "isolation"}
{"ts": "2026-06-22T18:52:36.816879+00:00", "level": "metric", "event": "chunk_ack", "role": "benchmark", "region": "eastus", "seq_num": 13, "rtt_ms": 2369.8, "verified": true, "status": "forwarded_no_ack", "mode": "isolation"}
{"ts": "2026-06-22T18:52:37.002613+00:00", "level": "metric", "event": "chunk_ack", "role": "benchmark", "region": "eastus", "seq_num": 14, "rtt_ms": 2556.18, "verified": true, "status": "forwarded_no_ack", "mode": "isolation"}
{"ts": "2026-06-22T18:52:37.188046+00:00", "level": "metric", "event": "chunk_ack", "role": "benchmark", "region": "eastus", "seq_num": 15, "rtt_ms": 2740.8, "verified": true, "status": "forwarded_no_ack", "mode": "isolation"}
{"ts": "2026-06-22T18:52:37.373507+00:00", "level": "metric", "event": "chunk_ack", "role": "benchmark", "region": "eastus", "seq_num": 16, "rtt_ms": 2925.28, "verified": true, "status": "forwarded_no_ack", "mode": "isolation"}
{"ts": "2026-06-22T18:52:37.559145+00:00", "level": "metric", "event": "chunk_ack", "role": "benchmark", "region": "eastus", "seq_num": 17, "rtt_ms": 3110.33, "verified": true, "status": "forwarded_no_ack", "mode": "isolation"}
{"ts": "2026-06-22T18:52:37.745125+00:00", "level": "metric", "event": "chunk_ack", "role": "benchmark", "region": "eastus", "seq_num": 18, "rtt_ms": 3295.07, "verified": true, "status": "forwarded_no_ack", "mode": "isolation"}
{"ts": "2026-06-22T18:52:37.930913+00:00", "level": "metric", "event": "chunk_ack", "role": "benchmark", "region": "eastus", "seq_num": 19, "rtt_ms": 3480.25, "verified": true, "status": "forwarded_no_ack", "mode": "isolation"}
{"ts": "2026-06-22T18:52:38.118695+00:00", "level": "metric", "event": "chunk_ack", "role": "benchmark", "region": "eastus", "seq_num": 20, "rtt_ms": 3665.26, "verified": true, "status": "forwarded_no_ack", "mode": "isolation"}
{"ts": "2026-06-22T18:52:38.304231+00:00", "level": "metric", "event": "chunk_ack", "role": "benchmark", "region": "eastus", "seq_num": 21, "rtt_ms": 3851.84, "verified": true, "status": "forwarded_no_ack", "mode": "isolation"}
{"ts": "2026-06-22T18:52:38.490209+00:00", "level": "metric", "event": "chunk_ack", "role": "benchmark", "region": "eastus", "seq_num": 22, "rtt_ms": 4037.11, "verified": true, "status": "forwarded_no_ack", "mode": "isolation"}
{"ts": "2026-06-22T18:52:38.676255+00:00", "level": "metric", "event": "chunk_ack", "role": "benchmark", "region": "eastus", "seq_num": 23, "rtt_ms": 4222.01, "verified": true, "status": "forwarded_no_ack", "mode": "isolation"}
{"ts": "2026-06-22T18:52:38.862346+00:00", "level": "metric", "event": "chunk_ack", "role": "benchmark", "region": "eastus", "seq_num": 24, "rtt_ms": 4407.11, "verified": true, "status": "forwarded_no_ack", "mode": "isolation"}
{"ts": "2026-06-22T18:52:39.047790+00:00", "level": "metric", "event": "chunk_ack", "role": "benchmark", "region": "eastus", "seq_num": 25, "rtt_ms": 4592.07, "verified": true, "status": "forwarded_no_ack", "mode": "isolation"}
{"ts": "2026-06-22T18:52:39.232990+00:00", "level": "metric", "event": "chunk_ack", "role": "benchmark", "region": "eastus", "seq_num": 26, "rtt_ms": 4776.65, "verified": true, "status": "forwarded_no_ack", "mode": "isolation"}
{"ts": "2026-06-22T18:52:39.418232+00:00", "level": "metric", "event": "chunk_ack", "role": "benchmark", "region": "eastus", "seq_num": 27, "rtt_ms": 4961.01, "verified": true, "status": "forwarded_no_ack", "mode": "isolation"}
{"ts": "2026-06-22T18:52:39.605029+00:00", "level": "metric", "event": "chunk_ack", "role": "benchmark", "region": "eastus", "seq_num": 28, "rtt_ms": 5145.75, "verified": true, "status": "forwarded_no_ack", "mode": "isolation"}
{"ts": "2026-06-22T18:52:39.790020+00:00", "level": "metric", "event": "chunk_ack", "role": "benchmark", "region": "eastus", "seq_num": 29, "rtt_ms": 5331.36, "verified": true, "status": "forwarded_no_ack", "mode": "isolation"}
{"ts": "2026-06-22T18:52:39.975487+00:00", "level": "metric", "event": "chunk_ack", "role": "benchmark", "region": "eastus", "seq_num": 30, "rtt_ms": 5515.46, "verified": true, "status": "forwarded_no_ack", "mode": "isolation"}
{"ts": "2026-06-22T18:52:40.161310+00:00", "level": "metric", "event": "chunk_ack", "role": "benchmark", "region": "eastus", "seq_num": 31, "rtt_ms": 5700.57, "verified": true, "status": "forwarded_no_ack", "mode": "isolation"}
{"ts": "2026-06-22T18:52:40.346853+00:00", "level": "metric", "event": "chunk_ack", "role": "benchmark", "region": "eastus", "seq_num": 32, "rtt_ms": 5885.17, "verified": true, "status": "forwarded_no_ack", "mode": "isolation"}
{"ts": "2026-06-22T18:52:40.532278+00:00", "level": "metric", "event": "chunk_ack", "role": "benchmark", "region": "eastus", "seq_num": 33, "rtt_ms": 6069.9, "verified": true, "status": "forwarded_no_ack", "mode": "isolation"}
{"ts": "2026-06-22T18:52:40.718127+00:00", "level": "metric", "event": "chunk_ack", "role": "benchmark", "region": "eastus", "seq_num": 34, "rtt_ms": 6254.42, "verified": true, "status": "forwarded_no_ack", "mode": "isolation"}
{"ts": "2026-06-22T18:52:40.910159+00:00", "level": "metric", "event": "chunk_ack", "role": "benchmark", "region": "eastus", "seq_num": 35, "rtt_ms": 6439.5, "verified": true, "status": "forwarded_no_ack", "mode": "isolation"}
{"ts": "2026-06-22T18:52:41.095559+00:00", "level": "metric", "event": "chunk_ack", "role": "benchmark", "region": "eastus", "seq_num": 36, "rtt_ms": 6630.67, "verified": true, "status": "forwarded_no_ack", "mode": "isolation"}
{"ts": "2026-06-22T18:52:41.281002+00:00", "level": "metric", "event": "chunk_ack", "role": "benchmark", "region": "eastus", "seq_num": 37, "rtt_ms": 6815.24, "verified": true, "status": "forwarded_no_ack", "mode": "isolation"}
{"ts": "2026-06-22T18:52:41.466697+00:00", "level": "metric", "event": "chunk_ack", "role": "benchmark", "region": "eastus", "seq_num": 38, "rtt_ms": 6999.34, "verified": true, "status": "forwarded_no_ack", "mode": "isolation"}
{"ts": "2026-06-22T18:52:41.652528+00:00", "level": "metric", "event": "chunk_ack", "role": "benchmark", "region": "eastus", "seq_num": 39, "rtt_ms": 7184.65, "verified": true, "status": "forwarded_no_ack", "mode": "isolation"}
{"ts": "2026-06-22T18:52:41.838193+00:00", "level": "metric", "event": "chunk_ack", "role": "benchmark", "region": "eastus", "seq_num": 40, "rtt_ms": 7369.23, "verified": true, "status": "forwarded_no_ack", "mode": "isolation"}
{"ts": "2026-06-22T18:52:42.024241+00:00", "level": "metric", "event": "chunk_ack", "role": "benchmark", "region": "eastus", "seq_num": 41, "rtt_ms": 7554.57, "verified": true, "status": "forwarded_no_ack", "mode": "isolation"}
{"ts": "2026-06-22T18:52:42.210098+00:00", "level": "metric", "event": "chunk_ack", "role": "benchmark", "region": "eastus", "seq_num": 42, "rtt_ms": 7739.99, "verified": true, "status": "forwarded_no_ack", "mode": "isolation"}
{"ts": "2026-06-22T18:52:42.396113+00:00", "level": "metric", "event": "chunk_ack", "role": "benchmark", "region": "eastus", "seq_num": 43, "rtt_ms": 7924.35, "verified": true, "status": "forwarded_no_ack", "mode": "isolation"}
{"ts": "2026-06-22T18:52:42.582988+00:00", "level": "metric", "event": "chunk_ack", "role": "benchmark", "region": "eastus", "seq_num": 44, "rtt_ms": 8109.44, "verified": true, "status": "forwarded_no_ack", "mode": "isolation"}
{"ts": "2026-06-22T18:52:42.770583+00:00", "level": "metric", "event": "chunk_ack", "role": "benchmark", "region": "eastus", "seq_num": 45, "rtt_ms": 8295.54, "verified": true, "status": "forwarded_no_ack", "mode": "isolation"}
{"ts": "2026-06-22T18:52:42.955940+00:00", "level": "metric", "event": "chunk_ack", "role": "benchmark", "region": "eastus", "seq_num": 46, "rtt_ms": 8482.28, "verified": true, "status": "forwarded_no_ack", "mode": "isolation"}
{"ts": "2026-06-22T18:52:43.140825+00:00", "level": "metric", "event": "chunk_ack", "role": "benchmark", "region": "eastus", "seq_num": 47, "rtt_ms": 8666.84, "verified": true, "status": "forwarded_no_ack", "mode": "isolation"}
{"ts": "2026-06-22T18:52:43.326234+00:00", "level": "metric", "event": "chunk_ack", "role": "benchmark", "region": "eastus", "seq_num": 48, "rtt_ms": 8851.11, "verified": true, "status": "forwarded_no_ack", "mode": "isolation"}
{"ts": "2026-06-22T18:52:43.511920+00:00", "level": "metric", "event": "chunk_ack", "role": "benchmark", "region": "eastus", "seq_num": 49, "rtt_ms": 9035.87, "verified": true, "status": "forwarded_no_ack", "mode": "isolation"}
{"ts": "2026-06-22T18:52:43.700419+00:00", "level": "metric", "event": "chunk_ack", "role": "benchmark", "region": "eastus", "seq_num": 50, "rtt_ms": 9221.06, "verified": true, "status": "forwarded_no_ack", "mode": "isolation"}
{"ts": "2026-06-22T18:52:43.886537+00:00", "level": "metric", "event": "chunk_ack", "role": "benchmark", "region": "eastus", "seq_num": 51, "rtt_ms": 9408.79, "verified": true, "status": "forwarded_no_ack", "mode": "isolation"}
{"ts": "2026-06-22T18:52:44.072432+00:00", "level": "metric", "event": "chunk_ack", "role": "benchmark", "region": "eastus", "seq_num": 52, "rtt_ms": 9593.57, "verified": true, "status": "forwarded_no_ack", "mode": "isolation"}
{"ts": "2026-06-22T18:52:44.258507+00:00", "level": "metric", "event": "chunk_ack", "role": "benchmark", "region": "eastus", "seq_num": 53, "rtt_ms": 9778.72, "verified": true, "status": "forwarded_no_ack", "mode": "isolation"}
{"ts": "2026-06-22T18:52:44.444691+00:00", "level": "metric", "event": "chunk_ack", "role": "benchmark", "region": "eastus", "seq_num": 54, "rtt_ms": 9963.91, "verified": true, "status": "forwarded_no_ack", "mode": "isolation"}
{"ts": "2026-06-22T18:52:44.630244+00:00", "level": "metric", "event": "chunk_ack", "role": "benchmark", "region": "eastus", "seq_num": 55, "rtt_ms": 10149.16, "verified": true, "status": "forwarded_no_ack", "mode": "isolation"}
{"ts": "2026-06-22T18:52:44.816657+00:00", "level": "metric", "event": "chunk_ack", "role": "benchmark", "region": "eastus", "seq_num": 56, "rtt_ms": 10333.57, "verified": true, "status": "forwarded_no_ack", "mode": "isolation"}
{"ts": "2026-06-22T18:52:45.002038+00:00", "level": "metric", "event": "chunk_ack", "role": "benchmark", "region": "eastus", "seq_num": 57, "rtt_ms": 10519.02, "verified": true, "status": "forwarded_no_ack", "mode": "isolation"}
{"ts": "2026-06-22T18:52:45.187275+00:00", "level": "metric", "event": "chunk_ack", "role": "benchmark", "region": "eastus", "seq_num": 58, "rtt_ms": 10703.42, "verified": true, "status": "forwarded_no_ack", "mode": "isolation"}
{"ts": "2026-06-22T18:52:45.373866+00:00", "level": "metric", "event": "chunk_ack", "role": "benchmark", "region": "eastus", "seq_num": 59, "rtt_ms": 10888.23, "verified": true, "status": "forwarded_no_ack", "mode": "isolation"}
{"ts": "2026-06-22T18:52:45.559505+00:00", "level": "metric", "event": "chunk_ack", "role": "benchmark", "region": "eastus", "seq_num": 60, "rtt_ms": 11073.82, "verified": true, "status": "forwarded_no_ack", "mode": "isolation"}
{"ts": "2026-06-22T18:52:45.745055+00:00", "level": "metric", "event": "chunk_ack", "role": "benchmark", "region": "eastus", "seq_num": 61, "rtt_ms": 11258.74, "verified": true, "status": "forwarded_no_ack", "mode": "isolation"}
{"ts": "2026-06-22T18:52:45.930935+00:00", "level": "metric", "event": "chunk_ack", "role": "benchmark", "region": "eastus", "seq_num": 62, "rtt_ms": 11443.59, "verified": true, "status": "forwarded_no_ack", "mode": "isolation"}
{"ts": "2026-06-22T18:52:46.122900+00:00", "level": "metric", "event": "chunk_ack", "role": "benchmark", "region": "eastus", "seq_num": 63, "rtt_ms": 11628.53, "verified": true, "status": "forwarded_no_ack", "mode": "isolation"}
{"ts": "2026-06-22T18:52:46.308814+00:00", "level": "metric", "event": "chunk_ack", "role": "benchmark", "region": "eastus", "seq_num": 64, "rtt_ms": 11819.77, "verified": true, "status": "forwarded_no_ack", "mode": "isolation"}
{"ts": "2026-06-22T18:52:46.494627+00:00", "level": "metric", "event": "chunk_ack", "role": "benchmark", "region": "eastus", "seq_num": 65, "rtt_ms": 12004.54, "verified": true, "status": "forwarded_no_ack", "mode": "isolation"}
{"ts": "2026-06-22T18:52:46.680102+00:00", "level": "metric", "event": "chunk_ack", "role": "benchmark", "region": "eastus", "seq_num": 66, "rtt_ms": 12189.49, "verified": true, "status": "forwarded_no_ack", "mode": "isolation"}
{"ts": "2026-06-22T18:52:46.865276+00:00", "level": "metric", "event": "chunk_ack", "role": "benchmark", "region": "eastus", "seq_num": 67, "rtt_ms": 12373.85, "verified": true, "status": "forwarded_no_ack", "mode": "isolation"}
{"ts": "2026-06-22T18:52:47.050231+00:00", "level": "metric", "event": "chunk_ack", "role": "benchmark", "region": "eastus", "seq_num": 68, "rtt_ms": 12558.12, "verified": true, "status": "forwarded_no_ack", "mode": "isolation"}
{"ts": "2026-06-22T18:52:47.236032+00:00", "level": "metric", "event": "chunk_ack", "role": "benchmark", "region": "eastus", "seq_num": 69, "rtt_ms": 12742.31, "verified": true, "status": "forwarded_no_ack", "mode": "isolation"}
{"ts": "2026-06-22T18:52:47.424410+00:00", "level": "metric", "event": "chunk_ack", "role": "benchmark", "region": "eastus", "seq_num": 70, "rtt_ms": 12929.28, "verified": true, "status": "forwarded_no_ack", "mode": "isolation"}
{"ts": "2026-06-22T18:52:47.609606+00:00", "level": "metric", "event": "chunk_ack", "role": "benchmark", "region": "eastus", "seq_num": 71, "rtt_ms": 13114.75, "verified": true, "status": "forwarded_no_ack", "mode": "isolation"}
{"ts": "2026-06-22T18:52:47.795110+00:00", "level": "metric", "event": "chunk_ack", "role": "benchmark", "region": "eastus", "seq_num": 72, "rtt_ms": 13299.77, "verified": true, "status": "forwarded_no_ack", "mode": "isolation"}
{"ts": "2026-06-22T18:52:47.980895+00:00", "level": "metric", "event": "chunk_ack", "role": "benchmark", "region": "eastus", "seq_num": 73, "rtt_ms": 13484.24, "verified": true, "status": "forwarded_no_ack", "mode": "isolation"}
{"ts": "2026-06-22T18:52:48.166667+00:00", "level": "metric", "event": "chunk_ack", "role": "benchmark", "region": "eastus", "seq_num": 74, "rtt_ms": 13669.24, "verified": true, "status": "forwarded_no_ack", "mode": "isolation"}
{"ts": "2026-06-22T18:52:48.352141+00:00", "level": "metric", "event": "chunk_ack", "role": "benchmark", "region": "eastus", "seq_num": 75, "rtt_ms": 13853.17, "verified": true, "status": "forwarded_no_ack", "mode": "isolation"}
{"ts": "2026-06-22T18:52:48.538023+00:00", "level": "metric", "event": "chunk_ack", "role": "benchmark", "region": "eastus", "seq_num": 76, "rtt_ms": 14037.82, "verified": true, "status": "forwarded_no_ack", "mode": "isolation"}
{"ts": "2026-06-22T18:52:48.727062+00:00", "level": "metric", "event": "chunk_ack", "role": "benchmark", "region": "eastus", "seq_num": 77, "rtt_ms": 14223.22, "verified": true, "status": "forwarded_no_ack", "mode": "isolation"}
{"ts": "2026-06-22T18:52:48.912397+00:00", "level": "metric", "event": "chunk_ack", "role": "benchmark", "region": "eastus", "seq_num": 78, "rtt_ms": 14411.35, "verified": true, "status": "forwarded_no_ack", "mode": "isolation"}
{"ts": "2026-06-22T18:52:49.098218+00:00", "level": "metric", "event": "chunk_ack", "role": "benchmark", "region": "eastus", "seq_num": 79, "rtt_ms": 14595.94, "verified": true, "status": "forwarded_no_ack", "mode": "isolation"}
{"ts": "2026-06-22T18:52:49.283648+00:00", "level": "metric", "event": "chunk_ack", "role": "benchmark", "region": "eastus", "seq_num": 80, "rtt_ms": 14780.56, "verified": true, "status": "forwarded_no_ack", "mode": "isolation"}
{"ts": "2026-06-22T18:52:49.469501+00:00", "level": "metric", "event": "chunk_ack", "role": "benchmark", "region": "eastus", "seq_num": 81, "rtt_ms": 14965.08, "verified": true, "status": "forwarded_no_ack", "mode": "isolation"}
{"ts": "2026-06-22T18:52:49.655365+00:00", "level": "metric", "event": "chunk_ack", "role": "benchmark", "region": "eastus", "seq_num": 82, "rtt_ms": 15150.16, "verified": true, "status": "forwarded_no_ack", "mode": "isolation"}
{"ts": "2026-06-22T18:52:49.864935+00:00", "level": "metric", "event": "chunk_ack", "role": "benchmark", "region": "eastus", "seq_num": 83, "rtt_ms": 15335.35, "verified": true, "status": "forwarded_no_ack", "mode": "isolation"}
{"ts": "2026-06-22T18:52:50.050577+00:00", "level": "metric", "event": "chunk_ack", "role": "benchmark", "region": "eastus", "seq_num": 84, "rtt_ms": 15544.18, "verified": true, "status": "forwarded_no_ack", "mode": "isolation"}
{"ts": "2026-06-22T18:52:50.236201+00:00", "level": "metric", "event": "chunk_ack", "role": "benchmark", "region": "eastus", "seq_num": 85, "rtt_ms": 15728.66, "verified": true, "status": "forwarded_no_ack", "mode": "isolation"}
{"ts": "2026-06-22T18:52:50.422089+00:00", "level": "metric", "event": "chunk_ack", "role": "benchmark", "region": "eastus", "seq_num": 86, "rtt_ms": 15913.75, "verified": true, "status": "forwarded_no_ack", "mode": "isolation"}
{"ts": "2026-06-22T18:52:50.607918+00:00", "level": "metric", "event": "chunk_ack", "role": "benchmark", "region": "eastus", "seq_num": 87, "rtt_ms": 16098.81, "verified": true, "status": "forwarded_no_ack", "mode": "isolation"}
{"ts": "2026-06-22T18:52:50.793666+00:00", "level": "metric", "event": "chunk_ack", "role": "benchmark", "region": "eastus", "seq_num": 88, "rtt_ms": 16283.86, "verified": true, "status": "forwarded_no_ack", "mode": "isolation"}
{"ts": "2026-06-22T18:52:50.979990+00:00", "level": "metric", "event": "chunk_ack", "role": "benchmark", "region": "eastus", "seq_num": 89, "rtt_ms": 16468.76, "verified": true, "status": "forwarded_no_ack", "mode": "isolation"}
{"ts": "2026-06-22T18:52:51.166376+00:00", "level": "metric", "event": "chunk_ack", "role": "benchmark", "region": "eastus", "seq_num": 90, "rtt_ms": 16654.41, "verified": true, "status": "forwarded_no_ack", "mode": "isolation"}
{"ts": "2026-06-22T18:52:51.351634+00:00", "level": "metric", "event": "chunk_ack", "role": "benchmark", "region": "eastus", "seq_num": 91, "rtt_ms": 16839.76, "verified": true, "status": "forwarded_no_ack", "mode": "isolation"}
{"ts": "2026-06-22T18:52:51.537231+00:00", "level": "metric", "event": "chunk_ack", "role": "benchmark", "region": "eastus", "seq_num": 92, "rtt_ms": 17024.13, "verified": true, "status": "forwarded_no_ack", "mode": "isolation"}
{"ts": "2026-06-22T18:52:51.722927+00:00", "level": "metric", "event": "chunk_ack", "role": "benchmark", "region": "eastus", "seq_num": 93, "rtt_ms": 17208.39, "verified": true, "status": "forwarded_no_ack", "mode": "isolation"}
{"ts": "2026-06-22T18:52:51.908186+00:00", "level": "metric", "event": "chunk_ack", "role": "benchmark", "region": "eastus", "seq_num": 94, "rtt_ms": 17393.23, "verified": true, "status": "forwarded_no_ack", "mode": "isolation"}
{"ts": "2026-06-22T18:52:52.186579+00:00", "level": "metric", "event": "chunk_ack", "role": "benchmark", "region": "eastus", "seq_num": 95, "rtt_ms": 17577.53, "verified": true, "status": "forwarded_no_ack", "mode": "isolation"}
{"ts": "2026-06-22T18:52:52.372541+00:00", "level": "metric", "event": "chunk_ack", "role": "benchmark", "region": "eastus", "seq_num": 96, "rtt_ms": 17855.51, "verified": true, "status": "forwarded_no_ack", "mode": "isolation"}
{"ts": "2026-06-22T18:52:52.558038+00:00", "level": "metric", "event": "chunk_ack", "role": "benchmark", "region": "eastus", "seq_num": 97, "rtt_ms": 18040.33, "verified": true, "status": "forwarded_no_ack", "mode": "isolation"}
{"ts": "2026-06-22T18:52:52.744189+00:00", "level": "metric", "event": "chunk_ack", "role": "benchmark", "region": "eastus", "seq_num": 98, "rtt_ms": 18225.05, "verified": true, "status": "forwarded_no_ack", "mode": "isolation"}
{"ts": "2026-06-22T18:52:52.930506+00:00", "level": "metric", "event": "chunk_ack", "role": "benchmark", "region": "eastus", "seq_num": 99, "rtt_ms": 18410.7, "verified": true, "status": "forwarded_no_ack", "mode": "isolation"}
{"ts": "2026-06-22T18:52:53.116210+00:00", "level": "metric", "event": "chunk_ack", "role": "benchmark", "region": "eastus", "seq_num": 100, "rtt_ms": 18595.67, "verified": true, "status": "forwarded_no_ack", "mode": "isolation"}
{"ts": "2026-06-22T18:52:53.301505+00:00", "level": "metric", "event": "chunk_ack", "role": "benchmark", "region": "eastus", "seq_num": 101, "rtt_ms": 18780.56, "verified": true, "status": "forwarded_no_ack", "mode": "isolation"}
{"ts": "2026-06-22T18:52:53.487819+00:00", "level": "metric", "event": "chunk_ack", "role": "benchmark", "region": "eastus", "seq_num": 102, "rtt_ms": 18965.04, "verified": true, "status": "forwarded_no_ack", "mode": "isolation"}
{"ts": "2026-06-22T18:52:53.674612+00:00", "level": "metric", "event": "chunk_ack", "role": "benchmark", "region": "eastus", "seq_num": 103, "rtt_ms": 19150.31, "verified": true, "status": "forwarded_no_ack", "mode": "isolation"}
{"ts": "2026-06-22T18:52:53.860012+00:00", "level": "metric", "event": "chunk_ack", "role": "benchmark", "region": "eastus", "seq_num": 104, "rtt_ms": 19336.4, "verified": true, "status": "forwarded_no_ack", "mode": "isolation"}
{"ts": "2026-06-22T18:52:54.045825+00:00", "level": "metric", "event": "chunk_ack", "role": "benchmark", "region": "eastus", "seq_num": 105, "rtt_ms": 19521.66, "verified": true, "status": "forwarded_no_ack", "mode": "isolation"}
{"ts": "2026-06-22T18:52:54.230907+00:00", "level": "metric", "event": "chunk_ack", "role": "benchmark", "region": "eastus", "seq_num": 106, "rtt_ms": 19705.9, "verified": true, "status": "forwarded_no_ack", "mode": "isolation"}
{"ts": "2026-06-22T18:52:54.417979+00:00", "level": "metric", "event": "chunk_ack", "role": "benchmark", "region": "eastus", "seq_num": 107, "rtt_ms": 19890.09, "verified": true, "status": "forwarded_no_ack", "mode": "isolation"}
{"ts": "2026-06-22T18:52:54.604654+00:00", "level": "metric", "event": "chunk_ack", "role": "benchmark", "region": "eastus", "seq_num": 108, "rtt_ms": 20076.35, "verified": true, "status": "forwarded_no_ack", "mode": "isolation"}
{"ts": "2026-06-22T18:52:54.796913+00:00", "level": "metric", "event": "chunk_ack", "role": "benchmark", "region": "eastus", "seq_num": 109, "rtt_ms": 20262.14, "verified": true, "status": "forwarded_no_ack", "mode": "isolation"}
{"ts": "2026-06-22T18:52:54.983484+00:00", "level": "metric", "event": "chunk_ack", "role": "benchmark", "region": "eastus", "seq_num": 110, "rtt_ms": 20453.59, "verified": true, "status": "forwarded_no_ack", "mode": "isolation"}
{"ts": "2026-06-22T18:52:55.169168+00:00", "level": "metric", "event": "chunk_ack", "role": "benchmark", "region": "eastus", "seq_num": 111, "rtt_ms": 20639.15, "verified": true, "status": "forwarded_no_ack", "mode": "isolation"}
{"ts": "2026-06-22T18:52:55.354797+00:00", "level": "metric", "event": "chunk_ack", "role": "benchmark", "region": "eastus", "seq_num": 112, "rtt_ms": 20824.02, "verified": true, "status": "forwarded_no_ack", "mode": "isolation"}
{"ts": "2026-06-22T18:52:55.540267+00:00", "level": "metric", "event": "chunk_ack", "role": "benchmark", "region": "eastus", "seq_num": 113, "rtt_ms": 21009.09, "verified": true, "status": "forwarded_no_ack", "mode": "isolation"}
{"ts": "2026-06-22T18:52:55.726032+00:00", "level": "metric", "event": "chunk_ack", "role": "benchmark", "region": "eastus", "seq_num": 114, "rtt_ms": 21193.95, "verified": true, "status": "forwarded_no_ack", "mode": "isolation"}
{"ts": "2026-06-22T18:52:55.912943+00:00", "level": "metric", "event": "chunk_ack", "role": "benchmark", "region": "eastus", "seq_num": 115, "rtt_ms": 21378.34, "verified": true, "status": "forwarded_no_ack", "mode": "isolation"}
{"ts": "2026-06-22T18:52:56.100614+00:00", "level": "metric", "event": "chunk_ack", "role": "benchmark", "region": "eastus", "seq_num": 116, "rtt_ms": 21564.38, "verified": true, "status": "forwarded_no_ack", "mode": "isolation"}
{"ts": "2026-06-22T18:52:56.289329+00:00", "level": "metric", "event": "chunk_ack", "role": "benchmark", "region": "eastus", "seq_num": 117, "rtt_ms": 21751.19, "verified": true, "status": "forwarded_no_ack", "mode": "isolation"}
{"ts": "2026-06-22T18:52:56.475022+00:00", "level": "metric", "event": "chunk_ack", "role": "benchmark", "region": "eastus", "seq_num": 118, "rtt_ms": 21939.36, "verified": true, "status": "forwarded_no_ack", "mode": "isolation"}
{"ts": "2026-06-22T18:52:56.661243+00:00", "level": "metric", "event": "chunk_ack", "role": "benchmark", "region": "eastus", "seq_num": 119, "rtt_ms": 22123.87, "verified": true, "status": "forwarded_no_ack", "mode": "isolation"}
{"ts": "2026-06-22T18:52:56.854338+00:00", "level": "metric", "event": "chunk_ack", "role": "benchmark", "region": "eastus", "seq_num": 120, "rtt_ms": 22309.35, "verified": true, "status": "forwarded_no_ack", "mode": "isolation"}
{"ts": "2026-06-22T18:52:57.039946+00:00", "level": "metric", "event": "chunk_ack", "role": "benchmark", "region": "eastus", "seq_num": 121, "rtt_ms": 22501.82, "verified": true, "status": "forwarded_no_ack", "mode": "isolation"}
{"ts": "2026-06-22T18:52:57.313946+00:00", "level": "metric", "event": "chunk_ack", "role": "benchmark", "region": "eastus", "seq_num": 122, "rtt_ms": 22686.23, "verified": true, "status": "forwarded_no_ack", "mode": "isolation"}
{"ts": "2026-06-22T18:52:57.499642+00:00", "level": "metric", "event": "chunk_ack", "role": "benchmark", "region": "eastus", "seq_num": 123, "rtt_ms": 22959.41, "verified": true, "status": "forwarded_no_ack", "mode": "isolation"}
{"ts": "2026-06-22T18:52:57.687070+00:00", "level": "metric", "event": "chunk_ack", "role": "benchmark", "region": "eastus", "seq_num": 124, "rtt_ms": 23144.01, "verified": true, "status": "forwarded_no_ack", "mode": "isolation"}
{"ts": "2026-06-22T18:52:57.873834+00:00", "level": "metric", "event": "chunk_ack", "role": "benchmark", "region": "eastus", "seq_num": 125, "rtt_ms": 23330.48, "verified": true, "status": "forwarded_no_ack", "mode": "isolation"}
{"ts": "2026-06-22T18:52:58.059406+00:00", "level": "metric", "event": "chunk_ack", "role": "benchmark", "region": "eastus", "seq_num": 126, "rtt_ms": 23516.56, "verified": true, "status": "forwarded_no_ack", "mode": "isolation"}
{"ts": "2026-06-22T18:52:58.248362+00:00", "level": "metric", "event": "chunk_ack", "role": "benchmark", "region": "eastus", "seq_num": 127, "rtt_ms": 23701.72, "verified": true, "status": "forwarded_no_ack", "mode": "isolation"}
{"ts": "2026-06-22T18:52:58.435364+00:00", "level": "metric", "event": "chunk_ack", "role": "benchmark", "region": "eastus", "seq_num": 128, "rtt_ms": 23889.37, "verified": true, "status": "forwarded_no_ack", "mode": "isolation"}
{"ts": "2026-06-22T18:52:58.623379+00:00", "level": "metric", "event": "chunk_ack", "role": "benchmark", "region": "eastus", "seq_num": 129, "rtt_ms": 24075.9, "verified": true, "status": "forwarded_no_ack", "mode": "isolation"}
{"ts": "2026-06-22T18:52:58.810321+00:00", "level": "metric", "event": "chunk_ack", "role": "benchmark", "region": "eastus", "seq_num": 130, "rtt_ms": 24262.68, "verified": true, "status": "forwarded_no_ack", "mode": "isolation"}
{"ts": "2026-06-22T18:52:59.001038+00:00", "level": "metric", "event": "chunk_ack", "role": "benchmark", "region": "eastus", "seq_num": 131, "rtt_ms": 24448.69, "verified": true, "status": "forwarded_no_ack", "mode": "isolation"}
{"ts": "2026-06-22T18:52:59.186918+00:00", "level": "metric", "event": "chunk_ack", "role": "benchmark", "region": "eastus", "seq_num": 132, "rtt_ms": 24638.68, "verified": true, "status": "forwarded_no_ack", "mode": "isolation"}
{"ts": "2026-06-22T18:52:59.372626+00:00", "level": "metric", "event": "chunk_ack", "role": "benchmark", "region": "eastus", "seq_num": 133, "rtt_ms": 24823.69, "verified": true, "status": "forwarded_no_ack", "mode": "isolation"}
{"ts": "2026-06-22T18:52:59.558009+00:00", "level": "metric", "event": "chunk_ack", "role": "benchmark", "region": "eastus", "seq_num": 134, "rtt_ms": 25008.64, "verified": true, "status": "forwarded_no_ack", "mode": "isolation"}
{"ts": "2026-06-22T18:52:59.747335+00:00", "level": "metric", "event": "chunk_ack", "role": "benchmark", "region": "eastus", "seq_num": 135, "rtt_ms": 25193.1, "verified": true, "status": "forwarded_no_ack", "mode": "isolation"}
{"ts": "2026-06-22T18:52:59.932694+00:00", "level": "metric", "event": "chunk_ack", "role": "benchmark", "region": "eastus", "seq_num": 136, "rtt_ms": 25381.57, "verified": true, "status": "forwarded_no_ack", "mode": "isolation"}
{"ts": "2026-06-22T18:53:00.127231+00:00", "level": "metric", "event": "chunk_ack", "role": "benchmark", "region": "eastus", "seq_num": 137, "rtt_ms": 25566.38, "verified": true, "status": "forwarded_no_ack", "mode": "isolation"}
{"ts": "2026-06-22T18:53:00.313021+00:00", "level": "metric", "event": "chunk_ack", "role": "benchmark", "region": "eastus", "seq_num": 138, "rtt_ms": 25759.75, "verified": true, "status": "forwarded_no_ack", "mode": "isolation"}
{"ts": "2026-06-22T18:53:00.498429+00:00", "level": "metric", "event": "chunk_ack", "role": "benchmark", "region": "eastus", "seq_num": 139, "rtt_ms": 25945.04, "verified": true, "status": "forwarded_no_ack", "mode": "isolation"}
{"ts": "2026-06-22T18:53:00.683472+00:00", "level": "metric", "event": "chunk_ack", "role": "benchmark", "region": "eastus", "seq_num": 140, "rtt_ms": 26129.35, "verified": true, "status": "forwarded_no_ack", "mode": "isolation"}
{"ts": "2026-06-22T18:53:00.875461+00:00", "level": "metric", "event": "chunk_ack", "role": "benchmark", "region": "eastus", "seq_num": 141, "rtt_ms": 26313.77, "verified": true, "status": "forwarded_no_ack", "mode": "isolation"}
{"ts": "2026-06-22T18:53:01.066080+00:00", "level": "metric", "event": "chunk_ack", "role": "benchmark", "region": "eastus", "seq_num": 142, "rtt_ms": 26504.93, "verified": true, "status": "forwarded_no_ack", "mode": "isolation"}
{"ts": "2026-06-22T18:53:01.252436+00:00", "level": "metric", "event": "chunk_ack", "role": "benchmark", "region": "eastus", "seq_num": 143, "rtt_ms": 26694.38, "verified": true, "status": "forwarded_no_ack", "mode": "isolation"}
{"ts": "2026-06-22T18:53:01.439024+00:00", "level": "metric", "event": "chunk_ack", "role": "benchmark", "region": "eastus", "seq_num": 144, "rtt_ms": 26880.39, "verified": true, "status": "forwarded_no_ack", "mode": "isolation"}
{"ts": "2026-06-22T18:53:01.624311+00:00", "level": "metric", "event": "chunk_ack", "role": "benchmark", "region": "eastus", "seq_num": 145, "rtt_ms": 27065.92, "verified": true, "status": "forwarded_no_ack", "mode": "isolation"}
{"ts": "2026-06-22T18:53:01.811535+00:00", "level": "metric", "event": "chunk_ack", "role": "benchmark", "region": "eastus", "seq_num": 146, "rtt_ms": 27250.28, "verified": true, "status": "forwarded_no_ack", "mode": "isolation"}
{"ts": "2026-06-22T18:53:01.997538+00:00", "level": "metric", "event": "chunk_ack", "role": "benchmark", "region": "eastus", "seq_num": 147, "rtt_ms": 27436.74, "verified": true, "status": "forwarded_no_ack", "mode": "isolation"}
{"ts": "2026-06-22T18:53:02.189362+00:00", "level": "metric", "event": "chunk_ack", "role": "benchmark", "region": "eastus", "seq_num": 148, "rtt_ms": 27622.19, "verified": true, "status": "forwarded_no_ack", "mode": "isolation"}
{"ts": "2026-06-22T18:53:02.375444+00:00", "level": "metric", "event": "chunk_ack", "role": "benchmark", "region": "eastus", "seq_num": 149, "rtt_ms": 27812.96, "verified": true, "status": "forwarded_no_ack", "mode": "isolation"}
{"ts": "2026-06-22T18:53:02.560901+00:00", "level": "metric", "event": "chunk_ack", "role": "benchmark", "region": "eastus", "seq_num": 150, "rtt_ms": 27997.86, "verified": true, "status": "forwarded_no_ack", "mode": "isolation"}
{"ts": "2026-06-22T18:53:02.746504+00:00", "level": "metric", "event": "chunk_ack", "role": "benchmark", "region": "eastus", "seq_num": 151, "rtt_ms": 28182.49, "verified": true, "status": "forwarded_no_ack", "mode": "isolation"}
{"ts": "2026-06-22T18:53:02.932061+00:00", "level": "metric", "event": "chunk_ack", "role": "benchmark", "region": "eastus", "seq_num": 152, "rtt_ms": 28367.3, "verified": true, "status": "forwarded_no_ack", "mode": "isolation"}
{"ts": "2026-06-22T18:53:03.116950+00:00", "level": "metric", "event": "chunk_ack", "role": "benchmark", "region": "eastus", "seq_num": 153, "rtt_ms": 28551.8, "verified": true, "status": "forwarded_no_ack", "mode": "isolation"}
{"ts": "2026-06-22T18:53:03.302876+00:00", "level": "metric", "event": "chunk_ack", "role": "benchmark", "region": "eastus", "seq_num": 154, "rtt_ms": 28736.3, "verified": true, "status": "forwarded_no_ack", "mode": "isolation"}
{"ts": "2026-06-22T18:53:03.488313+00:00", "level": "metric", "event": "chunk_ack", "role": "benchmark", "region": "eastus", "seq_num": 155, "rtt_ms": 28921.23, "verified": true, "status": "forwarded_no_ack", "mode": "isolation"}
{"ts": "2026-06-22T18:53:03.678344+00:00", "level": "metric", "event": "chunk_ack", "role": "benchmark", "region": "eastus", "seq_num": 156, "rtt_ms": 29105.95, "verified": true, "status": "forwarded_no_ack", "mode": "isolation"}
{"ts": "2026-06-22T18:53:03.864072+00:00", "level": "metric", "event": "chunk_ack", "role": "benchmark", "region": "eastus", "seq_num": 157, "rtt_ms": 29294.99, "verified": true, "status": "forwarded_no_ack", "mode": "isolation"}
{"ts": "2026-06-22T18:53:04.049338+00:00", "level": "metric", "event": "chunk_ack", "role": "benchmark", "region": "eastus", "seq_num": 158, "rtt_ms": 29479.93, "verified": true, "status": "forwarded_no_ack", "mode": "isolation"}
{"ts": "2026-06-22T18:53:04.235579+00:00", "level": "metric", "event": "chunk_ack", "role": "benchmark", "region": "eastus", "seq_num": 159, "rtt_ms": 29664.04, "verified": true, "status": "forwarded_no_ack", "mode": "isolation"}
{"ts": "2026-06-22T18:53:04.420948+00:00", "level": "metric", "event": "chunk_ack", "role": "benchmark", "region": "eastus", "seq_num": 160, "rtt_ms": 29849.56, "verified": true, "status": "forwarded_no_ack", "mode": "isolation"}
{"ts": "2026-06-22T18:53:04.606663+00:00", "level": "metric", "event": "chunk_ack", "role": "benchmark", "region": "eastus", "seq_num": 161, "rtt_ms": 30034.29, "verified": true, "status": "forwarded_no_ack", "mode": "isolation"}
{"ts": "2026-06-22T18:53:04.792825+00:00", "level": "metric", "event": "chunk_ack", "role": "benchmark", "region": "eastus", "seq_num": 162, "rtt_ms": 30219.73, "verified": true, "status": "forwarded_no_ack", "mode": "isolation"}
{"ts": "2026-06-22T18:53:04.977938+00:00", "level": "metric", "event": "chunk_ack", "role": "benchmark", "region": "eastus", "seq_num": 163, "rtt_ms": 30404.17, "verified": true, "status": "forwarded_no_ack", "mode": "isolation"}
{"ts": "2026-06-22T18:53:05.168946+00:00", "level": "metric", "event": "chunk_ack", "role": "benchmark", "region": "eastus", "seq_num": 164, "rtt_ms": 30588.78, "verified": true, "status": "forwarded_no_ack", "mode": "isolation"}
{"ts": "2026-06-22T18:53:05.354884+00:00", "level": "metric", "event": "chunk_ack", "role": "benchmark", "region": "eastus", "seq_num": 165, "rtt_ms": 30778.86, "verified": true, "status": "forwarded_no_ack", "mode": "isolation"}
{"ts": "2026-06-22T18:53:05.540506+00:00", "level": "metric", "event": "chunk_ack", "role": "benchmark", "region": "eastus", "seq_num": 166, "rtt_ms": 30963.81, "verified": true, "status": "forwarded_no_ack", "mode": "isolation"}
{"ts": "2026-06-22T18:53:05.727399+00:00", "level": "metric", "event": "chunk_ack", "role": "benchmark", "region": "eastus", "seq_num": 167, "rtt_ms": 31148.57, "verified": true, "status": "forwarded_no_ack", "mode": "isolation"}
{"ts": "2026-06-22T18:53:05.913150+00:00", "level": "metric", "event": "chunk_ack", "role": "benchmark", "region": "eastus", "seq_num": 168, "rtt_ms": 31334.45, "verified": true, "status": "forwarded_no_ack", "mode": "isolation"}
{"ts": "2026-06-22T18:53:06.100900+00:00", "level": "metric", "event": "chunk_ack", "role": "benchmark", "region": "eastus", "seq_num": 169, "rtt_ms": 31519.28, "verified": true, "status": "forwarded_no_ack", "mode": "isolation"}
{"ts": "2026-06-22T18:53:06.286246+00:00", "level": "metric", "event": "chunk_ack", "role": "benchmark", "region": "eastus", "seq_num": 170, "rtt_ms": 31706.26, "verified": true, "status": "forwarded_no_ack", "mode": "isolation"}
{"ts": "2026-06-22T18:53:06.476142+00:00", "level": "metric", "event": "chunk_ack", "role": "benchmark", "region": "eastus", "seq_num": 171, "rtt_ms": 31891.83, "verified": true, "status": "forwarded_no_ack", "mode": "isolation"}
{"ts": "2026-06-22T18:53:06.665242+00:00", "level": "metric", "event": "chunk_ack", "role": "benchmark", "region": "eastus", "seq_num": 172, "rtt_ms": 32079.87, "verified": true, "status": "forwarded_no_ack", "mode": "isolation"}
{"ts": "2026-06-22T18:53:06.850703+00:00", "level": "metric", "event": "chunk_ack", "role": "benchmark", "region": "eastus", "seq_num": 173, "rtt_ms": 32268.33, "verified": true, "status": "forwarded_no_ack", "mode": "isolation"}
{"ts": "2026-06-22T18:53:07.036189+00:00", "level": "metric", "event": "chunk_ack", "role": "benchmark", "region": "eastus", "seq_num": 174, "rtt_ms": 32452.77, "verified": true, "status": "forwarded_no_ack", "mode": "isolation"}
{"ts": "2026-06-22T18:53:07.226182+00:00", "level": "metric", "event": "chunk_ack", "role": "benchmark", "region": "eastus", "seq_num": 175, "rtt_ms": 32637.29, "verified": true, "status": "forwarded_no_ack", "mode": "isolation"}
{"ts": "2026-06-22T18:53:07.412836+00:00", "level": "metric", "event": "chunk_ack", "role": "benchmark", "region": "eastus", "seq_num": 176, "rtt_ms": 32825.13, "verified": true, "status": "forwarded_no_ack", "mode": "isolation"}
{"ts": "2026-06-22T18:53:07.598507+00:00", "level": "metric", "event": "chunk_ack", "role": "benchmark", "region": "eastus", "seq_num": 177, "rtt_ms": 33010.66, "verified": true, "status": "forwarded_no_ack", "mode": "isolation"}
{"ts": "2026-06-22T18:53:07.786002+00:00", "level": "metric", "event": "chunk_ack", "role": "benchmark", "region": "eastus", "seq_num": 178, "rtt_ms": 33195.31, "verified": true, "status": "forwarded_no_ack", "mode": "isolation"}
{"ts": "2026-06-22T18:53:07.971305+00:00", "level": "metric", "event": "chunk_ack", "role": "benchmark", "region": "eastus", "seq_num": 179, "rtt_ms": 33381.99, "verified": true, "status": "forwarded_no_ack", "mode": "isolation"}
{"ts": "2026-06-22T18:53:08.160095+00:00", "level": "metric", "event": "chunk_ack", "role": "benchmark", "region": "eastus", "seq_num": 180, "rtt_ms": 33567.07, "verified": true, "status": "forwarded_no_ack", "mode": "isolation"}
{"ts": "2026-06-22T18:53:08.346094+00:00", "level": "metric", "event": "chunk_ack", "role": "benchmark", "region": "eastus", "seq_num": 181, "rtt_ms": 33753.41, "verified": true, "status": "forwarded_no_ack", "mode": "isolation"}
{"ts": "2026-06-22T18:53:08.531299+00:00", "level": "metric", "event": "chunk_ack", "role": "benchmark", "region": "eastus", "seq_num": 182, "rtt_ms": 33938.5, "verified": true, "status": "forwarded_no_ack", "mode": "isolation"}
{"ts": "2026-06-22T18:53:08.717112+00:00", "level": "metric", "event": "chunk_ack", "role": "benchmark", "region": "eastus", "seq_num": 183, "rtt_ms": 34122.67, "verified": true, "status": "forwarded_no_ack", "mode": "isolation"}
{"ts": "2026-06-22T18:53:08.927985+00:00", "level": "metric", "event": "chunk_ack", "role": "benchmark", "region": "eastus", "seq_num": 184, "rtt_ms": 34307.23, "verified": true, "status": "forwarded_no_ack", "mode": "isolation"}
{"ts": "2026-06-22T18:53:09.114432+00:00", "level": "metric", "event": "chunk_ack", "role": "benchmark", "region": "eastus", "seq_num": 185, "rtt_ms": 34517.34, "verified": true, "status": "forwarded_no_ack", "mode": "isolation"}
{"ts": "2026-06-22T18:53:09.300845+00:00", "level": "metric", "event": "chunk_ack", "role": "benchmark", "region": "eastus", "seq_num": 186, "rtt_ms": 34702.57, "verified": true, "status": "forwarded_no_ack", "mode": "isolation"}
{"ts": "2026-06-22T18:53:09.487367+00:00", "level": "metric", "event": "chunk_ack", "role": "benchmark", "region": "eastus", "seq_num": 187, "rtt_ms": 34888.45, "verified": true, "status": "forwarded_no_ack", "mode": "isolation"}
{"ts": "2026-06-22T18:53:09.672994+00:00", "level": "metric", "event": "chunk_ack", "role": "benchmark", "region": "eastus", "seq_num": 188, "rtt_ms": 35073.81, "verified": true, "status": "forwarded_no_ack", "mode": "isolation"}
{"ts": "2026-06-22T18:53:09.858244+00:00", "level": "metric", "event": "chunk_ack", "role": "benchmark", "region": "eastus", "seq_num": 189, "rtt_ms": 35258.78, "verified": true, "status": "forwarded_no_ack", "mode": "isolation"}
{"ts": "2026-06-22T18:53:10.044002+00:00", "level": "metric", "event": "chunk_ack", "role": "benchmark", "region": "eastus", "seq_num": 190, "rtt_ms": 35443.11, "verified": true, "status": "forwarded_no_ack", "mode": "isolation"}
{"ts": "2026-06-22T18:53:10.229232+00:00", "level": "metric", "event": "chunk_ack", "role": "benchmark", "region": "eastus", "seq_num": 191, "rtt_ms": 35627.97, "verified": true, "status": "forwarded_no_ack", "mode": "isolation"}
{"ts": "2026-06-22T18:53:10.415046+00:00", "level": "metric", "event": "chunk_ack", "role": "benchmark", "region": "eastus", "seq_num": 192, "rtt_ms": 35812.41, "verified": true, "status": "forwarded_no_ack", "mode": "isolation"}
{"ts": "2026-06-22T18:53:10.600928+00:00", "level": "metric", "event": "chunk_ack", "role": "benchmark", "region": "eastus", "seq_num": 193, "rtt_ms": 35997.26, "verified": true, "status": "forwarded_no_ack", "mode": "isolation"}
{"ts": "2026-06-22T18:53:10.787518+00:00", "level": "metric", "event": "chunk_ack", "role": "benchmark", "region": "eastus", "seq_num": 194, "rtt_ms": 36182.35, "verified": true, "status": "forwarded_no_ack", "mode": "isolation"}
{"ts": "2026-06-22T18:53:10.973130+00:00", "level": "metric", "event": "chunk_ack", "role": "benchmark", "region": "eastus", "seq_num": 195, "rtt_ms": 36368.18, "verified": true, "status": "forwarded_no_ack", "mode": "isolation"}
{"ts": "2026-06-22T18:53:11.163217+00:00", "level": "metric", "event": "chunk_ack", "role": "benchmark", "region": "eastus", "seq_num": 196, "rtt_ms": 36553.04, "verified": true, "status": "forwarded_no_ack", "mode": "isolation"}
{"ts": "2026-06-22T18:53:11.349150+00:00", "level": "metric", "event": "chunk_ack", "role": "benchmark", "region": "eastus", "seq_num": 197, "rtt_ms": 36743.06, "verified": true, "status": "forwarded_no_ack", "mode": "isolation"}
{"ts": "2026-06-22T18:53:11.534895+00:00", "level": "metric", "event": "chunk_ack", "role": "benchmark", "region": "eastus", "seq_num": 198, "rtt_ms": 36927.43, "verified": true, "status": "forwarded_no_ack", "mode": "isolation"}
{"ts": "2026-06-22T18:53:11.720305+00:00", "level": "metric", "event": "chunk_ack", "role": "benchmark", "region": "eastus", "seq_num": 199, "rtt_ms": 37112.34, "verified": true, "status": "forwarded_no_ack", "mode": "isolation"}
{"ts": "2026-06-22T18:53:11.905452+00:00", "level": "metric", "event": "chunk_ack", "role": "benchmark", "region": "eastus", "seq_num": 200, "rtt_ms": 37297.03, "verified": true, "status": "forwarded_no_ack", "mode": "isolation"}
{"ts": "2026-06-22T18:53:12.091515+00:00", "level": "metric", "event": "chunk_ack", "role": "benchmark", "region": "eastus", "seq_num": 201, "rtt_ms": 37481.98, "verified": true, "status": "forwarded_no_ack", "mode": "isolation"}
{"ts": "2026-06-22T18:53:12.277593+00:00", "level": "metric", "event": "chunk_ack", "role": "benchmark", "region": "eastus", "seq_num": 202, "rtt_ms": 37666.73, "verified": true, "status": "forwarded_no_ack", "mode": "isolation"}
{"ts": "2026-06-22T18:53:12.462954+00:00", "level": "metric", "event": "chunk_ack", "role": "benchmark", "region": "eastus", "seq_num": 203, "rtt_ms": 37851.82, "verified": true, "status": "forwarded_no_ack", "mode": "isolation"}
{"ts": "2026-06-22T18:53:12.648656+00:00", "level": "metric", "event": "chunk_ack", "role": "benchmark", "region": "eastus", "seq_num": 204, "rtt_ms": 38036.49, "verified": true, "status": "forwarded_no_ack", "mode": "isolation"}
{"ts": "2026-06-22T18:53:12.834956+00:00", "level": "info", "event": "mode_complete", "role": "benchmark", "region": "eastus", "mode": "isolation", "avg_rtt_ms": 19439.46, "p99_rtt_ms": 37666.727, "throughput_mbps": 0.021, "verified_pct": 100.0}
{"ts": "2026-06-22T18:53:12.835078+00:00", "level": "info", "event": "mode_started", "role": "benchmark", "region": "eastus", "mode": "superposition"}
{"ts": "2026-06-22T18:53:14.116772+00:00", "level": "metric", "event": "chunk_ack", "role": "benchmark", "region": "eastus", "seq_num": 0, "rtt_ms": 153.34, "verified": true, "status": "forwarded_no_ack", "mode": "superposition"}
{"ts": "2026-06-22T18:53:14.265927+00:00", "level": "metric", "event": "chunk_ack", "role": "benchmark", "region": "eastus", "seq_num": 1, "rtt_ms": 294.69, "verified": true, "status": "forwarded_no_ack", "mode": "superposition"}
{"ts": "2026-06-22T18:53:14.412451+00:00", "level": "metric", "event": "chunk_ack", "role": "benchmark", "region": "eastus", "seq_num": 2, "rtt_ms": 437.93, "verified": true, "status": "forwarded_no_ack", "mode": "superposition"}
{"ts": "2026-06-22T18:53:14.558409+00:00", "level": "metric", "event": "chunk_ack", "role": "benchmark", "region": "eastus", "seq_num": 3, "rtt_ms": 580.08, "verified": true, "status": "forwarded_no_ack", "mode": "superposition"}
{"ts": "2026-06-22T18:53:14.704554+00:00", "level": "metric", "event": "chunk_ack", "role": "benchmark", "region": "eastus", "seq_num": 4, "rtt_ms": 722.56, "verified": true, "status": "forwarded_no_ack", "mode": "superposition"}
{"ts": "2026-06-22T18:53:15.036572+00:00", "level": "metric", "event": "chunk_ack", "role": "benchmark", "region": "eastus", "seq_num": 5, "rtt_ms": 867.25, "verified": true, "status": "forwarded_no_ack", "mode": "superposition"}
{"ts": "2026-06-22T18:53:15.227923+00:00", "level": "metric", "event": "chunk_ack", "role": "benchmark", "region": "eastus", "seq_num": 6, "rtt_ms": 1052.04, "verified": true, "status": "forwarded_no_ack", "mode": "superposition"}
{"ts": "2026-06-22T18:53:15.413335+00:00", "level": "metric", "event": "chunk_ack", "role": "benchmark", "region": "eastus", "seq_num": 7, "rtt_ms": 1233.96, "verified": true, "status": "forwarded_no_ack", "mode": "superposition"}
{"ts": "2026-06-22T18:53:15.599086+00:00", "level": "metric", "event": "chunk_ack", "role": "benchmark", "region": "eastus", "seq_num": 8, "rtt_ms": 1415.64, "verified": true, "status": "forwarded_no_ack", "mode": "superposition"}
{"ts": "2026-06-22T18:53:15.785183+00:00", "level": "metric", "event": "chunk_ack", "role": "benchmark", "region": "eastus", "seq_num": 9, "rtt_ms": 1596.56, "verified": true, "status": "forwarded_no_ack", "mode": "superposition"}
{"ts": "2026-06-22T18:53:15.970199+00:00", "level": "metric", "event": "chunk_ack", "role": "benchmark", "region": "eastus", "seq_num": 10, "rtt_ms": 1778.51, "verified": true, "status": "forwarded_no_ack", "mode": "superposition"}
{"ts": "2026-06-22T18:53:16.156321+00:00", "level": "metric", "event": "chunk_ack", "role": "benchmark", "region": "eastus", "seq_num": 11, "rtt_ms": 1959.59, "verified": true, "status": "forwarded_no_ack", "mode": "superposition"}
{"ts": "2026-06-22T18:53:16.341800+00:00", "level": "metric", "event": "chunk_ack", "role": "benchmark", "region": "eastus", "seq_num": 12, "rtt_ms": 2141.16, "verified": true, "status": "forwarded_no_ack", "mode": "superposition"}
{"ts": "2026-06-22T18:53:16.528059+00:00", "level": "metric", "event": "chunk_ack", "role": "benchmark", "region": "eastus", "seq_num": 13, "rtt_ms": 2323.33, "verified": true, "status": "forwarded_no_ack", "mode": "superposition"}
{"ts": "2026-06-22T18:53:16.713425+00:00", "level": "metric", "event": "chunk_ack", "role": "benchmark", "region": "eastus", "seq_num": 14, "rtt_ms": 2504.85, "verified": true, "status": "forwarded_no_ack", "mode": "superposition"}
{"ts": "2026-06-22T18:53:16.899085+00:00", "level": "metric", "event": "chunk_ack", "role": "benchmark", "region": "eastus", "seq_num": 15, "rtt_ms": 2684.18, "verified": true, "status": "forwarded_no_ack", "mode": "superposition"}
{"ts": "2026-06-22T18:53:17.089582+00:00", "level": "metric", "event": "chunk_ack", "role": "benchmark", "region": "eastus", "seq_num": 16, "rtt_ms": 2866.43, "verified": true, "status": "forwarded_no_ack", "mode": "superposition"}
{"ts": "2026-06-22T18:53:17.275439+00:00", "level": "metric", "event": "chunk_ack", "role": "benchmark", "region": "eastus", "seq_num": 17, "rtt_ms": 3052.37, "verified": true, "status": "forwarded_no_ack", "mode": "superposition"}
{"ts": "2026-06-22T18:53:17.460827+00:00", "level": "metric", "event": "chunk_ack", "role": "benchmark", "region": "eastus", "seq_num": 18, "rtt_ms": 3233.29, "verified": true, "status": "forwarded_no_ack", "mode": "superposition"}
{"ts": "2026-06-22T18:53:17.647055+00:00", "level": "metric", "event": "chunk_ack", "role": "benchmark", "region": "eastus", "seq_num": 19, "rtt_ms": 3415.47, "verified": true, "status": "forwarded_no_ack", "mode": "superposition"}
{"ts": "2026-06-22T18:53:17.834156+00:00", "level": "metric", "event": "chunk_ack", "role": "benchmark", "region": "eastus", "seq_num": 20, "rtt_ms": 3596.91, "verified": true, "status": "forwarded_no_ack", "mode": "superposition"}
{"ts": "2026-06-22T18:53:18.019815+00:00", "level": "metric", "event": "chunk_ack", "role": "benchmark", "region": "eastus", "seq_num": 21, "rtt_ms": 3779.25, "verified": true, "status": "forwarded_no_ack", "mode": "superposition"}
{"ts": "2026-06-22T18:53:18.207427+00:00", "level": "metric", "event": "chunk_ack", "role": "benchmark", "region": "eastus", "seq_num": 22, "rtt_ms": 3961.18, "verified": true, "status": "forwarded_no_ack", "mode": "superposition"}
{"ts": "2026-06-22T18:53:18.392814+00:00", "level": "metric", "event": "chunk_ack", "role": "benchmark", "region": "eastus", "seq_num": 23, "rtt_ms": 4144.15, "verified": true, "status": "forwarded_no_ack", "mode": "superposition"}
{"ts": "2026-06-22T18:53:18.579006+00:00", "level": "metric", "event": "chunk_ack", "role": "benchmark", "region": "eastus", "seq_num": 24, "rtt_ms": 4326.18, "verified": true, "status": "forwarded_no_ack", "mode": "superposition"}
{"ts": "2026-06-22T18:53:18.764404+00:00", "level": "metric", "event": "chunk_ack", "role": "benchmark", "region": "eastus", "seq_num": 25, "rtt_ms": 4506.4, "verified": true, "status": "forwarded_no_ack", "mode": "superposition"}
{"ts": "2026-06-22T18:53:18.949779+00:00", "level": "metric", "event": "chunk_ack", "role": "benchmark", "region": "eastus", "seq_num": 26, "rtt_ms": 4685.12, "verified": true, "status": "forwarded_no_ack", "mode": "superposition"}
{"ts": "2026-06-22T18:53:19.135619+00:00", "level": "metric", "event": "chunk_ack", "role": "benchmark", "region": "eastus", "seq_num": 27, "rtt_ms": 4866.14, "verified": true, "status": "forwarded_no_ack", "mode": "superposition"}
{"ts": "2026-06-22T18:53:19.321344+00:00", "level": "metric", "event": "chunk_ack", "role": "benchmark", "region": "eastus", "seq_num": 28, "rtt_ms": 5049.16, "verified": true, "status": "forwarded_no_ack", "mode": "superposition"}
{"ts": "2026-06-22T18:53:19.508043+00:00", "level": "metric", "event": "chunk_ack", "role": "benchmark", "region": "eastus", "seq_num": 29, "rtt_ms": 5232.04, "verified": true, "status": "forwarded_no_ack", "mode": "superposition"}
{"ts": "2026-06-22T18:53:19.694582+00:00", "level": "metric", "event": "chunk_ack", "role": "benchmark", "region": "eastus", "seq_num": 30, "rtt_ms": 5413.72, "verified": true, "status": "forwarded_no_ack", "mode": "superposition"}
{"ts": "2026-06-22T18:53:19.880279+00:00", "level": "metric", "event": "chunk_ack", "role": "benchmark", "region": "eastus", "seq_num": 31, "rtt_ms": 5596.03, "verified": true, "status": "forwarded_no_ack", "mode": "superposition"}
{"ts": "2026-06-22T18:53:20.071947+00:00", "level": "metric", "event": "chunk_ack", "role": "benchmark", "region": "eastus", "seq_num": 32, "rtt_ms": 5776.07, "verified": true, "status": "forwarded_no_ack", "mode": "superposition"}
{"ts": "2026-06-22T18:53:20.257482+00:00", "level": "metric", "event": "chunk_ack", "role": "benchmark", "region": "eastus", "seq_num": 33, "rtt_ms": 5964.65, "verified": true, "status": "forwarded_no_ack", "mode": "superposition"}
{"ts": "2026-06-22T18:53:20.442936+00:00", "level": "metric", "event": "chunk_ack", "role": "benchmark", "region": "eastus", "seq_num": 34, "rtt_ms": 6148.38, "verified": true, "status": "forwarded_no_ack", "mode": "superposition"}
{"ts": "2026-06-22T18:53:20.628287+00:00", "level": "metric", "event": "chunk_ack", "role": "benchmark", "region": "eastus", "seq_num": 35, "rtt_ms": 6331.46, "verified": true, "status": "forwarded_no_ack", "mode": "superposition"}
{"ts": "2026-06-22T18:53:20.813777+00:00", "level": "metric", "event": "chunk_ack", "role": "benchmark", "region": "eastus", "seq_num": 36, "rtt_ms": 6513.68, "verified": true, "status": "forwarded_no_ack", "mode": "superposition"}
{"ts": "2026-06-22T18:53:20.999521+00:00", "level": "metric", "event": "chunk_ack", "role": "benchmark", "region": "eastus", "seq_num": 37, "rtt_ms": 6697.54, "verified": true, "status": "forwarded_no_ack", "mode": "superposition"}
{"ts": "2026-06-22T18:53:21.185550+00:00", "level": "metric", "event": "chunk_ack", "role": "benchmark", "region": "eastus", "seq_num": 38, "rtt_ms": 6882.01, "verified": true, "status": "forwarded_no_ack", "mode": "superposition"}
{"ts": "2026-06-22T18:53:21.370915+00:00", "level": "metric", "event": "chunk_ack", "role": "benchmark", "region": "eastus", "seq_num": 39, "rtt_ms": 7067.05, "verified": true, "status": "forwarded_no_ack", "mode": "superposition"}
{"ts": "2026-06-22T18:53:21.556766+00:00", "level": "metric", "event": "chunk_ack", "role": "benchmark", "region": "eastus", "seq_num": 40, "rtt_ms": 7251.81, "verified": true, "status": "forwarded_no_ack", "mode": "superposition"}
{"ts": "2026-06-22T18:53:21.745592+00:00", "level": "metric", "event": "chunk_ack", "role": "benchmark", "region": "eastus", "seq_num": 41, "rtt_ms": 7437.97, "verified": true, "status": "forwarded_no_ack", "mode": "superposition"}
{"ts": "2026-06-22T18:53:21.931942+00:00", "level": "metric", "event": "chunk_ack", "role": "benchmark", "region": "eastus", "seq_num": 42, "rtt_ms": 7623.33, "verified": true, "status": "forwarded_no_ack", "mode": "superposition"}
{"ts": "2026-06-22T18:53:22.117589+00:00", "level": "metric", "event": "chunk_ack", "role": "benchmark", "region": "eastus", "seq_num": 43, "rtt_ms": 7807.56, "verified": true, "status": "forwarded_no_ack", "mode": "superposition"}
{"ts": "2026-06-22T18:53:22.304856+00:00", "level": "metric", "event": "chunk_ack", "role": "benchmark", "region": "eastus", "seq_num": 44, "rtt_ms": 7991.75, "verified": true, "status": "forwarded_no_ack", "mode": "superposition"}
{"ts": "2026-06-22T18:53:22.490171+00:00", "level": "metric", "event": "chunk_ack", "role": "benchmark", "region": "eastus", "seq_num": 45, "rtt_ms": 8177.37, "verified": true, "status": "forwarded_no_ack", "mode": "superposition"}
{"ts": "2026-06-22T18:53:22.676824+00:00", "level": "metric", "event": "chunk_ack", "role": "benchmark", "region": "eastus", "seq_num": 46, "rtt_ms": 8360.99, "verified": true, "status": "forwarded_no_ack", "mode": "superposition"}
{"ts": "2026-06-22T18:53:22.927652+00:00", "level": "metric", "event": "chunk_ack", "role": "benchmark", "region": "eastus", "seq_num": 47, "rtt_ms": 8547.23, "verified": true, "status": "forwarded_no_ack", "mode": "superposition"}
{"ts": "2026-06-22T18:53:23.112812+00:00", "level": "metric", "event": "chunk_ack", "role": "benchmark", "region": "eastus", "seq_num": 48, "rtt_ms": 8796.15, "verified": true, "status": "forwarded_no_ack", "mode": "superposition"}
{"ts": "2026-06-22T18:53:23.300641+00:00", "level": "metric", "event": "chunk_ack", "role": "benchmark", "region": "eastus", "seq_num": 49, "rtt_ms": 8979.09, "verified": true, "status": "forwarded_no_ack", "mode": "superposition"}
{"ts": "2026-06-22T18:53:23.488270+00:00", "level": "metric", "event": "chunk_ack", "role": "benchmark", "region": "eastus", "seq_num": 50, "rtt_ms": 9165.75, "verified": true, "status": "forwarded_no_ack", "mode": "superposition"}
{"ts": "2026-06-22T18:53:23.674611+00:00", "level": "metric", "event": "chunk_ack", "role": "benchmark", "region": "eastus", "seq_num": 51, "rtt_ms": 9352.41, "verified": true, "status": "forwarded_no_ack", "mode": "superposition"}
{"ts": "2026-06-22T18:53:23.860116+00:00", "level": "metric", "event": "chunk_ack", "role": "benchmark", "region": "eastus", "seq_num": 52, "rtt_ms": 9537.48, "verified": true, "status": "forwarded_no_ack", "mode": "superposition"}
{"ts": "2026-06-22T18:53:24.048841+00:00", "level": "metric", "event": "chunk_ack", "role": "benchmark", "region": "eastus", "seq_num": 53, "rtt_ms": 9722.62, "verified": true, "status": "forwarded_no_ack", "mode": "superposition"}
{"ts": "2026-06-22T18:53:24.236026+00:00", "level": "metric", "event": "chunk_ack", "role": "benchmark", "region": "eastus", "seq_num": 54, "rtt_ms": 9910.2, "verified": true, "status": "forwarded_no_ack", "mode": "superposition"}
{"ts": "2026-06-22T18:53:24.421940+00:00", "level": "metric", "event": "chunk_ack", "role": "benchmark", "region": "eastus", "seq_num": 55, "rtt_ms": 10095.96, "verified": true, "status": "forwarded_no_ack", "mode": "superposition"}
{"ts": "2026-06-22T18:53:24.607889+00:00", "level": "metric", "event": "chunk_ack", "role": "benchmark", "region": "eastus", "seq_num": 56, "rtt_ms": 10281.1, "verified": true, "status": "forwarded_no_ack", "mode": "superposition"}
{"ts": "2026-06-22T18:53:24.793077+00:00", "level": "metric", "event": "chunk_ack", "role": "benchmark", "region": "eastus", "seq_num": 57, "rtt_ms": 10466.02, "verified": true, "status": "forwarded_no_ack", "mode": "superposition"}
{"ts": "2026-06-22T18:53:24.979186+00:00", "level": "metric", "event": "chunk_ack", "role": "benchmark", "region": "eastus", "seq_num": 58, "rtt_ms": 10650.98, "verified": true, "status": "forwarded_no_ack", "mode": "superposition"}
{"ts": "2026-06-22T18:53:25.165279+00:00", "level": "metric", "event": "chunk_ack", "role": "benchmark", "region": "eastus", "seq_num": 59, "rtt_ms": 10835.73, "verified": true, "status": "forwarded_no_ack", "mode": "superposition"}
{"ts": "2026-06-22T18:53:25.352293+00:00", "level": "metric", "event": "chunk_ack", "role": "benchmark", "region": "eastus", "seq_num": 60, "rtt_ms": 11021.68, "verified": true, "status": "forwarded_no_ack", "mode": "superposition"}
{"ts": "2026-06-22T18:53:25.538069+00:00", "level": "metric", "event": "chunk_ack", "role": "benchmark", "region": "eastus", "seq_num": 61, "rtt_ms": 11205.81, "verified": true, "status": "forwarded_no_ack", "mode": "superposition"}
{"ts": "2026-06-22T18:53:25.725063+00:00", "level": "metric", "event": "chunk_ack", "role": "benchmark", "region": "eastus", "seq_num": 62, "rtt_ms": 11390.94, "verified": true, "status": "forwarded_no_ack", "mode": "superposition"}
{"ts": "2026-06-22T18:53:25.910661+00:00", "level": "metric", "event": "chunk_ack", "role": "benchmark", "region": "eastus", "seq_num": 63, "rtt_ms": 11576.85, "verified": true, "status": "forwarded_no_ack", "mode": "superposition"}
{"ts": "2026-06-22T18:53:26.096399+00:00", "level": "metric", "event": "chunk_ack", "role": "benchmark", "region": "eastus", "seq_num": 64, "rtt_ms": 11761.55, "verified": true, "status": "forwarded_no_ack", "mode": "superposition"}
{"ts": "2026-06-22T18:53:26.282494+00:00", "level": "metric", "event": "chunk_ack", "role": "benchmark", "region": "eastus", "seq_num": 65, "rtt_ms": 11946.29, "verified": true, "status": "forwarded_no_ack", "mode": "superposition"}
{"ts": "2026-06-22T18:53:26.491026+00:00", "level": "metric", "event": "chunk_ack", "role": "benchmark", "region": "eastus", "seq_num": 66, "rtt_ms": 12131.16, "verified": true, "status": "forwarded_no_ack", "mode": "superposition"}
{"ts": "2026-06-22T18:53:26.677051+00:00", "level": "metric", "event": "chunk_ack", "role": "benchmark", "region": "eastus", "seq_num": 67, "rtt_ms": 12337.79, "verified": true, "status": "forwarded_no_ack", "mode": "superposition"}
{"ts": "2026-06-22T18:53:26.862889+00:00", "level": "metric", "event": "chunk_ack", "role": "benchmark", "region": "eastus", "seq_num": 68, "rtt_ms": 12522.9, "verified": true, "status": "forwarded_no_ack", "mode": "superposition"}
{"ts": "2026-06-22T18:53:27.049573+00:00", "level": "metric", "event": "chunk_ack", "role": "benchmark", "region": "eastus", "seq_num": 69, "rtt_ms": 12708.06, "verified": true, "status": "forwarded_no_ack", "mode": "superposition"}
{"ts": "2026-06-22T18:53:27.235277+00:00", "level": "metric", "event": "chunk_ack", "role": "benchmark", "region": "eastus", "seq_num": 70, "rtt_ms": 12892.35, "verified": true, "status": "forwarded_no_ack", "mode": "superposition"}
{"ts": "2026-06-22T18:53:27.422137+00:00", "level": "metric", "event": "chunk_ack", "role": "benchmark", "region": "eastus", "seq_num": 71, "rtt_ms": 13077.07, "verified": true, "status": "forwarded_no_ack", "mode": "superposition"}
{"ts": "2026-06-22T18:53:27.607589+00:00", "level": "metric", "event": "chunk_ack", "role": "benchmark", "region": "eastus", "seq_num": 72, "rtt_ms": 13263.1, "verified": true, "status": "forwarded_no_ack", "mode": "superposition"}
{"ts": "2026-06-22T18:53:27.886516+00:00", "level": "metric", "event": "chunk_ack", "role": "benchmark", "region": "eastus", "seq_num": 73, "rtt_ms": 13447.29, "verified": true, "status": "forwarded_no_ack", "mode": "superposition"}
{"ts": "2026-06-22T18:53:28.072945+00:00", "level": "metric", "event": "chunk_ack", "role": "benchmark", "region": "eastus", "seq_num": 74, "rtt_ms": 13725.31, "verified": true, "status": "forwarded_no_ack", "mode": "superposition"}
{"ts": "2026-06-22T18:53:28.259296+00:00", "level": "metric", "event": "chunk_ack", "role": "benchmark", "region": "eastus", "seq_num": 75, "rtt_ms": 13910.66, "verified": true, "status": "forwarded_no_ack", "mode": "superposition"}
{"ts": "2026-06-22T18:53:28.445179+00:00", "level": "metric", "event": "chunk_ack", "role": "benchmark", "region": "eastus", "seq_num": 76, "rtt_ms": 14095.98, "verified": true, "status": "forwarded_no_ack", "mode": "superposition"}
{"ts": "2026-06-22T18:53:28.631002+00:00", "level": "metric", "event": "chunk_ack", "role": "benchmark", "region": "eastus", "seq_num": 77, "rtt_ms": 14281.08, "verified": true, "status": "forwarded_no_ack", "mode": "superposition"}
{"ts": "2026-06-22T18:53:28.817016+00:00", "level": "metric", "event": "chunk_ack", "role": "benchmark", "region": "eastus", "seq_num": 78, "rtt_ms": 14465.22, "verified": true, "status": "forwarded_no_ack", "mode": "superposition"}
{"ts": "2026-06-22T18:53:29.002865+00:00", "level": "metric", "event": "chunk_ack", "role": "benchmark", "region": "eastus", "seq_num": 79, "rtt_ms": 14650.21, "verified": true, "status": "forwarded_no_ack", "mode": "superposition"}
{"ts": "2026-06-22T18:53:29.188587+00:00", "level": "metric", "event": "chunk_ack", "role": "benchmark", "region": "eastus", "seq_num": 80, "rtt_ms": 14834.5, "verified": true, "status": "forwarded_no_ack", "mode": "superposition"}
{"ts": "2026-06-22T18:53:29.375208+00:00", "level": "metric", "event": "chunk_ack", "role": "benchmark", "region": "eastus", "seq_num": 81, "rtt_ms": 15019.66, "verified": true, "status": "forwarded_no_ack", "mode": "superposition"}
{"ts": "2026-06-22T18:53:29.560638+00:00", "level": "metric", "event": "chunk_ack", "role": "benchmark", "region": "eastus", "seq_num": 82, "rtt_ms": 15204.66, "verified": true, "status": "forwarded_no_ack", "mode": "superposition"}
{"ts": "2026-06-22T18:53:29.751426+00:00", "level": "metric", "event": "chunk_ack", "role": "benchmark", "region": "eastus", "seq_num": 83, "rtt_ms": 15389.72, "verified": true, "status": "forwarded_no_ack", "mode": "superposition"}
{"ts": "2026-06-22T18:53:29.936482+00:00", "level": "metric", "event": "chunk_ack", "role": "benchmark", "region": "eastus", "seq_num": 84, "rtt_ms": 15578.48, "verified": true, "status": "forwarded_no_ack", "mode": "superposition"}
{"ts": "2026-06-22T18:53:30.124252+00:00", "level": "metric", "event": "chunk_ack", "role": "benchmark", "region": "eastus", "seq_num": 85, "rtt_ms": 15762.67, "verified": true, "status": "forwarded_no_ack", "mode": "superposition"}
{"ts": "2026-06-22T18:53:30.955950+00:00", "level": "metric", "event": "chunk_ack", "role": "benchmark", "region": "eastus", "seq_num": 86, "rtt_ms": 15949.65, "verified": true, "status": "forwarded_no_ack", "mode": "superposition"}
{"ts": "2026-06-22T18:53:31.328651+00:00", "level": "metric", "event": "chunk_ack", "role": "benchmark", "region": "eastus", "seq_num": 87, "rtt_ms": 16780.38, "verified": true, "status": "forwarded_no_ack", "mode": "superposition"}
{"ts": "2026-06-22T18:53:31.514087+00:00", "level": "metric", "event": "chunk_ack", "role": "benchmark", "region": "eastus", "seq_num": 88, "rtt_ms": 17152.11, "verified": true, "status": "forwarded_no_ack", "mode": "superposition"}
{"ts": "2026-06-22T18:53:31.699655+00:00", "level": "metric", "event": "chunk_ack", "role": "benchmark", "region": "eastus", "seq_num": 89, "rtt_ms": 17336.5, "verified": true, "status": "forwarded_no_ack", "mode": "superposition"}
{"ts": "2026-06-22T18:53:31.887549+00:00", "level": "metric", "event": "chunk_ack", "role": "benchmark", "region": "eastus", "seq_num": 90, "rtt_ms": 17521.51, "verified": true, "status": "forwarded_no_ack", "mode": "superposition"}
{"ts": "2026-06-22T18:53:32.073325+00:00", "level": "metric", "event": "chunk_ack", "role": "benchmark", "region": "eastus", "seq_num": 91, "rtt_ms": 17708.74, "verified": true, "status": "forwarded_no_ack", "mode": "superposition"}
{"ts": "2026-06-22T18:53:32.258304+00:00", "level": "metric", "event": "chunk_ack", "role": "benchmark", "region": "eastus", "seq_num": 92, "rtt_ms": 17893.44, "verified": true, "status": "forwarded_no_ack", "mode": "superposition"}
{"ts": "2026-06-22T18:53:32.443234+00:00", "level": "metric", "event": "chunk_ack", "role": "benchmark", "region": "eastus", "seq_num": 93, "rtt_ms": 18077.6, "verified": true, "status": "forwarded_no_ack", "mode": "superposition"}
{"ts": "2026-06-22T18:53:32.629441+00:00", "level": "metric", "event": "chunk_ack", "role": "benchmark", "region": "eastus", "seq_num": 94, "rtt_ms": 18262.53, "verified": true, "status": "forwarded_no_ack", "mode": "superposition"}
{"ts": "2026-06-22T18:53:32.815088+00:00", "level": "metric", "event": "chunk_ack", "role": "benchmark", "region": "eastus", "seq_num": 95, "rtt_ms": 18447.67, "verified": true, "status": "forwarded_no_ack", "mode": "superposition"}
{"ts": "2026-06-22T18:53:33.000001+00:00", "level": "metric", "event": "chunk_ack", "role": "benchmark", "region": "eastus", "seq_num": 96, "rtt_ms": 18631.31, "verified": true, "status": "forwarded_no_ack", "mode": "superposition"}
{"ts": "2026-06-22T18:53:33.185324+00:00", "level": "metric", "event": "chunk_ack", "role": "benchmark", "region": "eastus", "seq_num": 97, "rtt_ms": 18814.89, "verified": true, "status": "forwarded_no_ack", "mode": "superposition"}
{"ts": "2026-06-22T18:53:33.370125+00:00", "level": "metric", "event": "chunk_ack", "role": "benchmark", "region": "eastus", "seq_num": 98, "rtt_ms": 18999.36, "verified": true, "status": "forwarded_no_ack", "mode": "superposition"}
{"ts": "2026-06-22T18:53:33.560671+00:00", "level": "metric", "event": "chunk_ack", "role": "benchmark", "region": "eastus", "seq_num": 99, "rtt_ms": 19183.17, "verified": true, "status": "forwarded_no_ack", "mode": "superposition"}
{"ts": "2026-06-22T18:53:33.745916+00:00", "level": "metric", "event": "chunk_ack", "role": "benchmark", "region": "eastus", "seq_num": 100, "rtt_ms": 19372.95, "verified": true, "status": "forwarded_no_ack", "mode": "superposition"}
{"ts": "2026-06-22T18:53:33.931001+00:00", "level": "metric", "event": "chunk_ack", "role": "benchmark", "region": "eastus", "seq_num": 101, "rtt_ms": 19557.49, "verified": true, "status": "forwarded_no_ack", "mode": "superposition"}
{"ts": "2026-06-22T18:53:34.116183+00:00", "level": "metric", "event": "chunk_ack", "role": "benchmark", "region": "eastus", "seq_num": 102, "rtt_ms": 19741.66, "verified": true, "status": "forwarded_no_ack", "mode": "superposition"}
{"ts": "2026-06-22T18:53:34.307875+00:00", "level": "metric", "event": "chunk_ack", "role": "benchmark", "region": "eastus", "seq_num": 103, "rtt_ms": 19926.1, "verified": true, "status": "forwarded_no_ack", "mode": "superposition"}
{"ts": "2026-06-22T18:53:34.494012+00:00", "level": "metric", "event": "chunk_ack", "role": "benchmark", "region": "eastus", "seq_num": 104, "rtt_ms": 20115.1, "verified": true, "status": "forwarded_no_ack", "mode": "superposition"}
{"ts": "2026-06-22T18:53:34.679125+00:00", "level": "metric", "event": "chunk_ack", "role": "benchmark", "region": "eastus", "seq_num": 105, "rtt_ms": 20298.91, "verified": true, "status": "forwarded_no_ack", "mode": "superposition"}
{"ts": "2026-06-22T18:53:34.865012+00:00", "level": "metric", "event": "chunk_ack", "role": "benchmark", "region": "eastus", "seq_num": 106, "rtt_ms": 20483.25, "verified": true, "status": "forwarded_no_ack", "mode": "superposition"}
{"ts": "2026-06-22T18:53:35.050296+00:00", "level": "metric", "event": "chunk_ack", "role": "benchmark", "region": "eastus", "seq_num": 107, "rtt_ms": 20667.78, "verified": true, "status": "forwarded_no_ack", "mode": "superposition"}
{"ts": "2026-06-22T18:53:35.237326+00:00", "level": "metric", "event": "chunk_ack", "role": "benchmark", "region": "eastus", "seq_num": 108, "rtt_ms": 20851.42, "verified": true, "status": "forwarded_no_ack", "mode": "superposition"}
{"ts": "2026-06-22T18:53:35.421910+00:00", "level": "metric", "event": "chunk_ack", "role": "benchmark", "region": "eastus", "seq_num": 109, "rtt_ms": 21037.49, "verified": true, "status": "forwarded_no_ack", "mode": "superposition"}
{"ts": "2026-06-22T18:53:35.607154+00:00", "level": "metric", "event": "chunk_ack", "role": "benchmark", "region": "eastus", "seq_num": 110, "rtt_ms": 21220.97, "verified": true, "status": "forwarded_no_ack", "mode": "superposition"}
{"ts": "2026-06-22T18:53:35.793230+00:00", "level": "metric", "event": "chunk_ack", "role": "benchmark", "region": "eastus", "seq_num": 111, "rtt_ms": 21404.87, "verified": true, "status": "forwarded_no_ack", "mode": "superposition"}
{"ts": "2026-06-22T18:53:35.978785+00:00", "level": "metric", "event": "chunk_ack", "role": "benchmark", "region": "eastus", "seq_num": 112, "rtt_ms": 21589.33, "verified": true, "status": "forwarded_no_ack", "mode": "superposition"}
{"ts": "2026-06-22T18:53:36.163854+00:00", "level": "metric", "event": "chunk_ack", "role": "benchmark", "region": "eastus", "seq_num": 113, "rtt_ms": 21773.84, "verified": true, "status": "forwarded_no_ack", "mode": "superposition"}
{"ts": "2026-06-22T18:53:36.349952+00:00", "level": "metric", "event": "chunk_ack", "role": "benchmark", "region": "eastus", "seq_num": 114, "rtt_ms": 21957.88, "verified": true, "status": "forwarded_no_ack", "mode": "superposition"}
{"ts": "2026-06-22T18:53:36.535287+00:00", "level": "metric", "event": "chunk_ack", "role": "benchmark", "region": "eastus", "seq_num": 115, "rtt_ms": 22142.64, "verified": true, "status": "forwarded_no_ack", "mode": "superposition"}
{"ts": "2026-06-22T18:53:36.721053+00:00", "level": "metric", "event": "chunk_ack", "role": "benchmark", "region": "eastus", "seq_num": 116, "rtt_ms": 22326.9, "verified": true, "status": "forwarded_no_ack", "mode": "superposition"}
{"ts": "2026-06-22T18:53:36.908485+00:00", "level": "metric", "event": "chunk_ack", "role": "benchmark", "region": "eastus", "seq_num": 117, "rtt_ms": 22511.46, "verified": true, "status": "forwarded_no_ack", "mode": "superposition"}
{"ts": "2026-06-22T18:53:37.094288+00:00", "level": "metric", "event": "chunk_ack", "role": "benchmark", "region": "eastus", "seq_num": 118, "rtt_ms": 22698.44, "verified": true, "status": "forwarded_no_ack", "mode": "superposition"}
{"ts": "2026-06-22T18:53:37.282781+00:00", "level": "metric", "event": "chunk_ack", "role": "benchmark", "region": "eastus", "seq_num": 119, "rtt_ms": 22882.83, "verified": true, "status": "forwarded_no_ack", "mode": "superposition"}
{"ts": "2026-06-22T18:53:37.468184+00:00", "level": "metric", "event": "chunk_ack", "role": "benchmark", "region": "eastus", "seq_num": 120, "rtt_ms": 23070.45, "verified": true, "status": "forwarded_no_ack", "mode": "superposition"}
{"ts": "2026-06-22T18:53:37.653015+00:00", "level": "metric", "event": "chunk_ack", "role": "benchmark", "region": "eastus", "seq_num": 121, "rtt_ms": 23254.95, "verified": true, "status": "forwarded_no_ack", "mode": "superposition"}
{"ts": "2026-06-22T18:53:37.838610+00:00", "level": "metric", "event": "chunk_ack", "role": "benchmark", "region": "eastus", "seq_num": 122, "rtt_ms": 23438.31, "verified": true, "status": "forwarded_no_ack", "mode": "superposition"}
{"ts": "2026-06-22T18:53:38.023487+00:00", "level": "metric", "event": "chunk_ack", "role": "benchmark", "region": "eastus", "seq_num": 123, "rtt_ms": 23623.04, "verified": true, "status": "forwarded_no_ack", "mode": "superposition"}
{"ts": "2026-06-22T18:53:38.209278+00:00", "level": "metric", "event": "chunk_ack", "role": "benchmark", "region": "eastus", "seq_num": 124, "rtt_ms": 23807.15, "verified": true, "status": "forwarded_no_ack", "mode": "superposition"}
{"ts": "2026-06-22T18:53:38.394949+00:00", "level": "metric", "event": "chunk_ack", "role": "benchmark", "region": "eastus", "seq_num": 125, "rtt_ms": 23991.69, "verified": true, "status": "forwarded_no_ack", "mode": "superposition"}
{"ts": "2026-06-22T18:53:38.579861+00:00", "level": "metric", "event": "chunk_ack", "role": "benchmark", "region": "eastus", "seq_num": 126, "rtt_ms": 24176.12, "verified": true, "status": "forwarded_no_ack", "mode": "superposition"}
{"ts": "2026-06-22T18:53:38.767342+00:00", "level": "metric", "event": "chunk_ack", "role": "benchmark", "region": "eastus", "seq_num": 127, "rtt_ms": 24360.62, "verified": true, "status": "forwarded_no_ack", "mode": "superposition"}
{"ts": "2026-06-22T18:53:38.952446+00:00", "level": "metric", "event": "chunk_ack", "role": "benchmark", "region": "eastus", "seq_num": 128, "rtt_ms": 24546.29, "verified": true, "status": "forwarded_no_ack", "mode": "superposition"}
{"ts": "2026-06-22T18:53:39.137357+00:00", "level": "metric", "event": "chunk_ack", "role": "benchmark", "region": "eastus", "seq_num": 129, "rtt_ms": 24730.05, "verified": true, "status": "forwarded_no_ack", "mode": "superposition"}
{"ts": "2026-06-22T18:53:39.322438+00:00", "level": "metric", "event": "chunk_ack", "role": "benchmark", "region": "eastus", "seq_num": 130, "rtt_ms": 24914.15, "verified": true, "status": "forwarded_no_ack", "mode": "superposition"}
{"ts": "2026-06-22T18:53:39.514681+00:00", "level": "metric", "event": "chunk_ack", "role": "benchmark", "region": "eastus", "seq_num": 131, "rtt_ms": 25098.46, "verified": true, "status": "forwarded_no_ack", "mode": "superposition"}
{"ts": "2026-06-22T18:53:39.702023+00:00", "level": "metric", "event": "chunk_ack", "role": "benchmark", "region": "eastus", "seq_num": 132, "rtt_ms": 25290.21, "verified": true, "status": "forwarded_no_ack", "mode": "superposition"}
{"ts": "2026-06-22T18:53:39.887109+00:00", "level": "metric", "event": "chunk_ack", "role": "benchmark", "region": "eastus", "seq_num": 133, "rtt_ms": 25476.01, "verified": true, "status": "forwarded_no_ack", "mode": "superposition"}
{"ts": "2026-06-22T18:53:40.075418+00:00", "level": "metric", "event": "chunk_ack", "role": "benchmark", "region": "eastus", "seq_num": 134, "rtt_ms": 25660.06, "verified": true, "status": "forwarded_no_ack", "mode": "superposition"}
{"ts": "2026-06-22T18:53:40.263799+00:00", "level": "metric", "event": "chunk_ack", "role": "benchmark", "region": "eastus", "seq_num": 135, "rtt_ms": 25849.33, "verified": true, "status": "forwarded_no_ack", "mode": "superposition"}
{"ts": "2026-06-22T18:53:40.448692+00:00", "level": "metric", "event": "chunk_ack", "role": "benchmark", "region": "eastus", "seq_num": 136, "rtt_ms": 26034.64, "verified": true, "status": "forwarded_no_ack", "mode": "superposition"}
{"ts": "2026-06-22T18:53:40.634615+00:00", "level": "metric", "event": "chunk_ack", "role": "benchmark", "region": "eastus", "seq_num": 137, "rtt_ms": 26217.83, "verified": true, "status": "forwarded_no_ack", "mode": "superposition"}
{"ts": "2026-06-22T18:53:40.821392+00:00", "level": "metric", "event": "chunk_ack", "role": "benchmark", "region": "eastus", "seq_num": 138, "rtt_ms": 26402.61, "verified": true, "status": "forwarded_no_ack", "mode": "superposition"}
{"ts": "2026-06-22T18:53:41.006454+00:00", "level": "metric", "event": "chunk_ack", "role": "benchmark", "region": "eastus", "seq_num": 139, "rtt_ms": 26588.43, "verified": true, "status": "forwarded_no_ack", "mode": "superposition"}
{"ts": "2026-06-22T18:53:41.192051+00:00", "level": "metric", "event": "chunk_ack", "role": "benchmark", "region": "eastus", "seq_num": 140, "rtt_ms": 26773.19, "verified": true, "status": "forwarded_no_ack", "mode": "superposition"}
{"ts": "2026-06-22T18:53:41.380295+00:00", "level": "metric", "event": "chunk_ack", "role": "benchmark", "region": "eastus", "seq_num": 141, "rtt_ms": 26957.22, "verified": true, "status": "forwarded_no_ack", "mode": "superposition"}
{"ts": "2026-06-22T18:53:41.566250+00:00", "level": "metric", "event": "chunk_ack", "role": "benchmark", "region": "eastus", "seq_num": 142, "rtt_ms": 27144.53, "verified": true, "status": "forwarded_no_ack", "mode": "superposition"}
{"ts": "2026-06-22T18:53:41.751040+00:00", "level": "metric", "event": "chunk_ack", "role": "benchmark", "region": "eastus", "seq_num": 143, "rtt_ms": 27329.09, "verified": true, "status": "forwarded_no_ack", "mode": "superposition"}
{"ts": "2026-06-22T18:53:41.937878+00:00", "level": "metric", "event": "chunk_ack", "role": "benchmark", "region": "eastus", "seq_num": 144, "rtt_ms": 27512.5, "verified": true, "status": "forwarded_no_ack", "mode": "superposition"}
{"ts": "2026-06-22T18:53:42.123642+00:00", "level": "metric", "event": "chunk_ack", "role": "benchmark", "region": "eastus", "seq_num": 145, "rtt_ms": 27698.55, "verified": true, "status": "forwarded_no_ack", "mode": "superposition"}
{"ts": "2026-06-22T18:53:42.308466+00:00", "level": "metric", "event": "chunk_ack", "role": "benchmark", "region": "eastus", "seq_num": 146, "rtt_ms": 27882.8, "verified": true, "status": "forwarded_no_ack", "mode": "superposition"}
{"ts": "2026-06-22T18:53:42.497595+00:00", "level": "metric", "event": "chunk_ack", "role": "benchmark", "region": "eastus", "seq_num": 147, "rtt_ms": 28066.37, "verified": true, "status": "forwarded_no_ack", "mode": "superposition"}
{"ts": "2026-06-22T18:53:42.682951+00:00", "level": "metric", "event": "chunk_ack", "role": "benchmark", "region": "eastus", "seq_num": 148, "rtt_ms": 28254.37, "verified": true, "status": "forwarded_no_ack", "mode": "superposition"}
{"ts": "2026-06-22T18:53:42.868689+00:00", "level": "metric", "event": "chunk_ack", "role": "benchmark", "region": "eastus", "seq_num": 149, "rtt_ms": 28438.75, "verified": true, "status": "forwarded_no_ack", "mode": "superposition"}
{"ts": "2026-06-22T18:53:43.060737+00:00", "level": "metric", "event": "chunk_ack", "role": "benchmark", "region": "eastus", "seq_num": 150, "rtt_ms": 28625.34, "verified": true, "status": "forwarded_no_ack", "mode": "superposition"}
{"ts": "2026-06-22T18:53:43.250213+00:00", "level": "metric", "event": "chunk_ack", "role": "benchmark", "region": "eastus", "seq_num": 151, "rtt_ms": 28818.95, "verified": true, "status": "forwarded_no_ack", "mode": "superposition"}
{"ts": "2026-06-22T18:53:43.435118+00:00", "level": "metric", "event": "chunk_ack", "role": "benchmark", "region": "eastus", "seq_num": 152, "rtt_ms": 29002.95, "verified": true, "status": "forwarded_no_ack", "mode": "superposition"}
{"ts": "2026-06-22T18:53:43.620921+00:00", "level": "metric", "event": "chunk_ack", "role": "benchmark", "region": "eastus", "seq_num": 153, "rtt_ms": 29187.17, "verified": true, "status": "forwarded_no_ack", "mode": "superposition"}
{"ts": "2026-06-22T18:53:43.806672+00:00", "level": "metric", "event": "chunk_ack", "role": "benchmark", "region": "eastus", "seq_num": 154, "rtt_ms": 29371.62, "verified": true, "status": "forwarded_no_ack", "mode": "superposition"}
{"ts": "2026-06-22T18:53:43.991366+00:00", "level": "metric", "event": "chunk_ack", "role": "benchmark", "region": "eastus", "seq_num": 155, "rtt_ms": 29556.41, "verified": true, "status": "forwarded_no_ack", "mode": "superposition"}
{"ts": "2026-06-22T18:53:44.176662+00:00", "level": "metric", "event": "chunk_ack", "role": "benchmark", "region": "eastus", "seq_num": 156, "rtt_ms": 29739.56, "verified": true, "status": "forwarded_no_ack", "mode": "superposition"}
{"ts": "2026-06-22T18:53:44.361689+00:00", "level": "metric", "event": "chunk_ack", "role": "benchmark", "region": "eastus", "seq_num": 157, "rtt_ms": 29923.58, "verified": true, "status": "forwarded_no_ack", "mode": "superposition"}
{"ts": "2026-06-22T18:53:44.547944+00:00", "level": "metric", "event": "chunk_ack", "role": "benchmark", "region": "eastus", "seq_num": 158, "rtt_ms": 30107.52, "verified": true, "status": "forwarded_no_ack", "mode": "superposition"}
{"ts": "2026-06-22T18:53:44.733216+00:00", "level": "metric", "event": "chunk_ack", "role": "benchmark", "region": "eastus", "seq_num": 159, "rtt_ms": 30292.22, "verified": true, "status": "forwarded_no_ack", "mode": "superposition"}
{"ts": "2026-06-22T18:53:44.919823+00:00", "level": "metric", "event": "chunk_ack", "role": "benchmark", "region": "eastus", "seq_num": 160, "rtt_ms": 30476.53, "verified": true, "status": "forwarded_no_ack", "mode": "superposition"}
{"ts": "2026-06-22T18:53:45.112448+00:00", "level": "metric", "event": "chunk_ack", "role": "benchmark", "region": "eastus", "seq_num": 161, "rtt_ms": 30661.8, "verified": true, "status": "forwarded_no_ack", "mode": "superposition"}
{"ts": "2026-06-22T18:53:45.298906+00:00", "level": "metric", "event": "chunk_ack", "role": "benchmark", "region": "eastus", "seq_num": 162, "rtt_ms": 30853.09, "verified": true, "status": "forwarded_no_ack", "mode": "superposition"}
{"ts": "2026-06-22T18:53:45.485665+00:00", "level": "metric", "event": "chunk_ack", "role": "benchmark", "region": "eastus", "seq_num": 163, "rtt_ms": 31037.92, "verified": true, "status": "forwarded_no_ack", "mode": "superposition"}
{"ts": "2026-06-22T18:53:45.672947+00:00", "level": "metric", "event": "chunk_ack", "role": "benchmark", "region": "eastus", "seq_num": 164, "rtt_ms": 31224.74, "verified": true, "status": "forwarded_no_ack", "mode": "superposition"}
{"ts": "2026-06-22T18:53:45.858578+00:00", "level": "metric", "event": "chunk_ack", "role": "benchmark", "region": "eastus", "seq_num": 165, "rtt_ms": 31410.16, "verified": true, "status": "forwarded_no_ack", "mode": "superposition"}
{"ts": "2026-06-22T18:53:46.044389+00:00", "level": "metric", "event": "chunk_ack", "role": "benchmark", "region": "eastus", "seq_num": 166, "rtt_ms": 31594.09, "verified": true, "status": "forwarded_no_ack", "mode": "superposition"}
{"ts": "2026-06-22T18:53:46.231569+00:00", "level": "metric", "event": "chunk_ack", "role": "benchmark", "region": "eastus", "seq_num": 167, "rtt_ms": 31777.35, "verified": true, "status": "forwarded_no_ack", "mode": "superposition"}
{"ts": "2026-06-22T18:53:46.417854+00:00", "level": "metric", "event": "chunk_ack", "role": "benchmark", "region": "eastus", "seq_num": 168, "rtt_ms": 31963.64, "verified": true, "status": "forwarded_no_ack", "mode": "superposition"}
{"ts": "2026-06-22T18:53:46.603014+00:00", "level": "metric", "event": "chunk_ack", "role": "benchmark", "region": "eastus", "seq_num": 169, "rtt_ms": 32147.22, "verified": true, "status": "forwarded_no_ack", "mode": "superposition"}
{"ts": "2026-06-22T18:53:46.788639+00:00", "level": "metric", "event": "chunk_ack", "role": "benchmark", "region": "eastus", "seq_num": 170, "rtt_ms": 32331.66, "verified": true, "status": "forwarded_no_ack", "mode": "superposition"}
{"ts": "2026-06-22T18:53:46.974255+00:00", "level": "metric", "event": "chunk_ack", "role": "benchmark", "region": "eastus", "seq_num": 171, "rtt_ms": 32516.1, "verified": true, "status": "forwarded_no_ack", "mode": "superposition"}
{"ts": "2026-06-22T18:53:47.159949+00:00", "level": "metric", "event": "chunk_ack", "role": "benchmark", "region": "eastus", "seq_num": 172, "rtt_ms": 32699.45, "verified": true, "status": "forwarded_no_ack", "mode": "superposition"}
{"ts": "2026-06-22T18:53:47.345017+00:00", "level": "metric", "event": "chunk_ack", "role": "benchmark", "region": "eastus", "seq_num": 173, "rtt_ms": 32883.76, "verified": true, "status": "forwarded_no_ack", "mode": "superposition"}
{"ts": "2026-06-22T18:53:47.530522+00:00", "level": "metric", "event": "chunk_ack", "role": "benchmark", "region": "eastus", "seq_num": 174, "rtt_ms": 33067.2, "verified": true, "status": "forwarded_no_ack", "mode": "superposition"}
{"ts": "2026-06-22T18:53:47.715460+00:00", "level": "metric", "event": "chunk_ack", "role": "benchmark", "region": "eastus", "seq_num": 175, "rtt_ms": 33251.35, "verified": true, "status": "forwarded_no_ack", "mode": "superposition"}
{"ts": "2026-06-22T18:53:47.900854+00:00", "level": "metric", "event": "chunk_ack", "role": "benchmark", "region": "eastus", "seq_num": 176, "rtt_ms": 33435.0, "verified": true, "status": "forwarded_no_ack", "mode": "superposition"}
{"ts": "2026-06-22T18:53:48.086244+00:00", "level": "metric", "event": "chunk_ack", "role": "benchmark", "region": "eastus", "seq_num": 177, "rtt_ms": 33619.21, "verified": true, "status": "forwarded_no_ack", "mode": "superposition"}
{"ts": "2026-06-22T18:53:48.272097+00:00", "level": "metric", "event": "chunk_ack", "role": "benchmark", "region": "eastus", "seq_num": 178, "rtt_ms": 33803.4, "verified": true, "status": "forwarded_no_ack", "mode": "superposition"}
{"ts": "2026-06-22T18:53:48.457408+00:00", "level": "metric", "event": "chunk_ack", "role": "benchmark", "region": "eastus", "seq_num": 179, "rtt_ms": 33988.1, "verified": true, "status": "forwarded_no_ack", "mode": "superposition"}
{"ts": "2026-06-22T18:53:48.648832+00:00", "level": "metric", "event": "chunk_ack", "role": "benchmark", "region": "eastus", "seq_num": 180, "rtt_ms": 34172.02, "verified": true, "status": "forwarded_no_ack", "mode": "superposition"}
{"ts": "2026-06-22T18:53:48.835278+00:00", "level": "metric", "event": "chunk_ack", "role": "benchmark", "region": "eastus", "seq_num": 181, "rtt_ms": 34362.55, "verified": true, "status": "forwarded_no_ack", "mode": "superposition"}
{"ts": "2026-06-22T18:53:49.020451+00:00", "level": "metric", "event": "chunk_ack", "role": "benchmark", "region": "eastus", "seq_num": 182, "rtt_ms": 34548.03, "verified": true, "status": "forwarded_no_ack", "mode": "superposition"}
{"ts": "2026-06-22T18:53:49.206443+00:00", "level": "metric", "event": "chunk_ack", "role": "benchmark", "region": "eastus", "seq_num": 183, "rtt_ms": 34732.26, "verified": true, "status": "forwarded_no_ack", "mode": "superposition"}
{"ts": "2026-06-22T18:53:49.392860+00:00", "level": "metric", "event": "chunk_ack", "role": "benchmark", "region": "eastus", "seq_num": 184, "rtt_ms": 34917.37, "verified": true, "status": "forwarded_no_ack", "mode": "superposition"}
{"ts": "2026-06-22T18:53:49.579346+00:00", "level": "metric", "event": "chunk_ack", "role": "benchmark", "region": "eastus", "seq_num": 185, "rtt_ms": 35102.52, "verified": true, "status": "forwarded_no_ack", "mode": "superposition"}
{"ts": "2026-06-22T18:53:49.789960+00:00", "level": "metric", "event": "chunk_ack", "role": "benchmark", "region": "eastus", "seq_num": 186, "rtt_ms": 35287.74, "verified": true, "status": "forwarded_no_ack", "mode": "superposition"}
{"ts": "2026-06-22T18:53:49.976747+00:00", "level": "metric", "event": "chunk_ack", "role": "benchmark", "region": "eastus", "seq_num": 187, "rtt_ms": 35497.14, "verified": true, "status": "forwarded_no_ack", "mode": "superposition"}
{"ts": "2026-06-22T18:53:50.163976+00:00", "level": "metric", "event": "chunk_ack", "role": "benchmark", "region": "eastus", "seq_num": 188, "rtt_ms": 35682.64, "verified": true, "status": "forwarded_no_ack", "mode": "superposition"}
{"ts": "2026-06-22T18:53:50.356294+00:00", "level": "metric", "event": "chunk_ack", "role": "benchmark", "region": "eastus", "seq_num": 189, "rtt_ms": 35869.05, "verified": true, "status": "forwarded_no_ack", "mode": "superposition"}
{"ts": "2026-06-22T18:53:50.543645+00:00", "level": "metric", "event": "chunk_ack", "role": "benchmark", "region": "eastus", "seq_num": 190, "rtt_ms": 36059.24, "verified": true, "status": "forwarded_no_ack", "mode": "superposition"}
{"ts": "2026-06-22T18:53:50.730132+00:00", "level": "metric", "event": "chunk_ack", "role": "benchmark", "region": "eastus", "seq_num": 191, "rtt_ms": 36245.03, "verified": true, "status": "forwarded_no_ack", "mode": "superposition"}
{"ts": "2026-06-22T18:53:50.917020+00:00", "level": "metric", "event": "chunk_ack", "role": "benchmark", "region": "eastus", "seq_num": 192, "rtt_ms": 36428.9, "verified": true, "status": "forwarded_no_ack", "mode": "superposition"}
{"ts": "2026-06-22T18:53:51.104045+00:00", "level": "metric", "event": "chunk_ack", "role": "benchmark", "region": "eastus", "seq_num": 193, "rtt_ms": 36614.36, "verified": true, "status": "forwarded_no_ack", "mode": "superposition"}
{"ts": "2026-06-22T18:53:51.291074+00:00", "level": "metric", "event": "chunk_ack", "role": "benchmark", "region": "eastus", "seq_num": 194, "rtt_ms": 36800.21, "verified": true, "status": "forwarded_no_ack", "mode": "superposition"}
{"ts": "2026-06-22T18:53:51.478622+00:00", "level": "metric", "event": "chunk_ack", "role": "benchmark", "region": "eastus", "seq_num": 195, "rtt_ms": 36985.74, "verified": true, "status": "forwarded_no_ack", "mode": "superposition"}
{"ts": "2026-06-22T18:53:51.665833+00:00", "level": "metric", "event": "chunk_ack", "role": "benchmark", "region": "eastus", "seq_num": 196, "rtt_ms": 37172.35, "verified": true, "status": "forwarded_no_ack", "mode": "superposition"}
{"ts": "2026-06-22T18:53:51.853292+00:00", "level": "metric", "event": "chunk_ack", "role": "benchmark", "region": "eastus", "seq_num": 197, "rtt_ms": 37358.73, "verified": true, "status": "forwarded_no_ack", "mode": "superposition"}
{"ts": "2026-06-22T18:53:52.040133+00:00", "level": "metric", "event": "chunk_ack", "role": "benchmark", "region": "eastus", "seq_num": 198, "rtt_ms": 37545.19, "verified": true, "status": "forwarded_no_ack", "mode": "superposition"}
{"ts": "2026-06-22T18:53:52.226588+00:00", "level": "metric", "event": "chunk_ack", "role": "benchmark", "region": "eastus", "seq_num": 199, "rtt_ms": 37730.79, "verified": true, "status": "forwarded_no_ack", "mode": "superposition"}
{"ts": "2026-06-22T18:53:52.414113+00:00", "level": "metric", "event": "chunk_ack", "role": "benchmark", "region": "eastus", "seq_num": 200, "rtt_ms": 37916.3, "verified": true, "status": "forwarded_no_ack", "mode": "superposition"}
{"ts": "2026-06-22T18:53:52.601412+00:00", "level": "metric", "event": "chunk_ack", "role": "benchmark", "region": "eastus", "seq_num": 201, "rtt_ms": 38102.49, "verified": true, "status": "forwarded_no_ack", "mode": "superposition"}
{"ts": "2026-06-22T18:53:52.789685+00:00", "level": "metric", "event": "chunk_ack", "role": "benchmark", "region": "eastus", "seq_num": 202, "rtt_ms": 38287.5, "verified": true, "status": "forwarded_no_ack", "mode": "superposition"}
{"ts": "2026-06-22T18:53:52.976040+00:00", "level": "metric", "event": "chunk_ack", "role": "benchmark", "region": "eastus", "seq_num": 203, "rtt_ms": 38474.95, "verified": true, "status": "forwarded_no_ack", "mode": "superposition"}
{"ts": "2026-06-22T18:53:53.162161+00:00", "level": "metric", "event": "chunk_ack", "role": "benchmark", "region": "eastus", "seq_num": 204, "rtt_ms": 38660.05, "verified": true, "status": "forwarded_no_ack", "mode": "superposition"}
{"ts": "2026-06-22T18:53:53.347936+00:00", "level": "info", "event": "mode_complete", "role": "benchmark", "region": "eastus", "mode": "superposition", "avg_rtt_ms": 19818.412, "p99_rtt_ms": 38287.496, "throughput_mbps": 0.021, "verified_pct": 100.0}
{"ts": "2026-06-22T18:53:53.348214+00:00", "level": "info", "event": "benchmark_complete", "role": "benchmark", "region": "eastus", "modes": ["direct", "isolation", "superposition"], "log_file": "/data/chorus_benchmark_20260622T185150Z.log", "db": "/data/chorus_benchmark.db"}
{"ts": "2026-06-22T18:53:53.348336+00:00", "level": "info", "event": "log_closed", "role": "benchmark", "region": "eastus", "elapsed_s": 123.08, "total_info": 8, "total_warnings": 0, "total_errors": 0, "log_path": "/data/chorus_benchmark_20260622T185150Z.log"}
