{"ts": "2026-06-22T19:16:54.247627+00:00", "level": "info", "event": "log_opened", "role": "benchmark", "region": "eastus", "path": "/data/chorus_benchmark_20260622T191653Z.log"}
{"ts": "2026-06-22T19:16:55.482333+00:00", "level": "info", "event": "benchmark_started", "role": "benchmark", "region": "eastus", "source": "eastus", "target": "germanywestcentral", "chunks_per_mode": 200, "warmup": 5, "db": "/data/chorus_benchmark.db", "log_file": "/data/chorus_benchmark_20260622T191653Z.log"}
{"ts": "2026-06-22T19:16:55.699273+00:00", "level": "info", "event": "mode_started", "role": "benchmark", "region": "eastus", "mode": "direct"}
{"ts": "2026-06-22T19:16:57.508586+00:00", "level": "metric", "event": "chunk_ack", "role": "benchmark", "region": "eastus", "seq_num": 0, "rtt_ms": 193.03, "verified": true, "status": "forwarded_no_ack", "mode": "direct"}
{"ts": "2026-06-22T19:16:57.660176+00:00", "level": "metric", "event": "chunk_ack", "role": "benchmark", "region": "eastus", "seq_num": 1, "rtt_ms": 299.08, "verified": true, "status": "forwarded_no_ack", "mode": "direct"}
{"ts": "2026-06-22T19:16:57.809398+00:00", "level": "metric", "event": "chunk_ack", "role": "benchmark", "region": "eastus", "seq_num": 2, "rtt_ms": 447.5, "verified": true, "status": "forwarded_no_ack", "mode": "direct"}
{"ts": "2026-06-22T19:16:57.957500+00:00", "level": "metric", "event": "chunk_ack", "role": "benchmark", "region": "eastus", "seq_num": 3, "rtt_ms": 594.93, "verified": true, "status": "forwarded_no_ack", "mode": "direct"}
{"ts": "2026-06-22T19:16:58.104001+00:00", "level": "metric", "event": "chunk_ack", "role": "benchmark", "region": "eastus", "seq_num": 4, "rtt_ms": 740.66, "verified": true, "status": "forwarded_no_ack", "mode": "direct"}
{"ts": "2026-06-22T19:16:58.629562+00:00", "level": "metric", "event": "chunk_ack", "role": "benchmark", "region": "eastus", "seq_num": 5, "rtt_ms": 886.38, "verified": true, "status": "forwarded_no_ack", "mode": "direct"}
{"ts": "2026-06-22T19:16:58.821825+00:00", "level": "metric", "event": "chunk_ack", "role": "benchmark", "region": "eastus", "seq_num": 6, "rtt_ms": 1265.57, "verified": true, "status": "forwarded_no_ack", "mode": "direct"}
{"ts": "2026-06-22T19:16:59.013410+00:00", "level": "metric", "event": "chunk_ack", "role": "benchmark", "region": "eastus", "seq_num": 7, "rtt_ms": 1456.78, "verified": true, "status": "forwarded_no_ack", "mode": "direct"}
{"ts": "2026-06-22T19:16:59.208328+00:00", "level": "metric", "event": "chunk_ack", "role": "benchmark", "region": "eastus", "seq_num": 8, "rtt_ms": 1647.87, "verified": true, "status": "forwarded_no_ack", "mode": "direct"}
{"ts": "2026-06-22T19:16:59.398905+00:00", "level": "metric", "event": "chunk_ack", "role": "benchmark", "region": "eastus", "seq_num": 9, "rtt_ms": 1841.75, "verified": true, "status": "forwarded_no_ack", "mode": "direct"}
{"ts": "2026-06-22T19:16:59.591929+00:00", "level": "metric", "event": "chunk_ack", "role": "benchmark", "region": "eastus", "seq_num": 10, "rtt_ms": 2031.94, "verified": true, "status": "forwarded_no_ack", "mode": "direct"}
{"ts": "2026-06-22T19:16:59.784716+00:00", "level": "metric", "event": "chunk_ack", "role": "benchmark", "region": "eastus", "seq_num": 11, "rtt_ms": 2224.4, "verified": true, "status": "forwarded_no_ack", "mode": "direct"}
{"ts": "2026-06-22T19:16:59.975302+00:00", "level": "metric", "event": "chunk_ack", "role": "benchmark", "region": "eastus", "seq_num": 12, "rtt_ms": 2416.05, "verified": true, "status": "forwarded_no_ack", "mode": "direct"}
{"ts": "2026-06-22T19:17:00.166970+00:00", "level": "metric", "event": "chunk_ack", "role": "benchmark", "region": "eastus", "seq_num": 13, "rtt_ms": 2606.21, "verified": true, "status": "forwarded_no_ack", "mode": "direct"}
{"ts": "2026-06-22T19:17:00.357709+00:00", "level": "metric", "event": "chunk_ack", "role": "benchmark", "region": "eastus", "seq_num": 14, "rtt_ms": 2796.78, "verified": true, "status": "forwarded_no_ack", "mode": "direct"}
{"ts": "2026-06-22T19:17:00.549117+00:00", "level": "metric", "event": "chunk_ack", "role": "benchmark", "region": "eastus", "seq_num": 15, "rtt_ms": 2987.62, "verified": true, "status": "forwarded_no_ack", "mode": "direct"}
{"ts": "2026-06-22T19:17:00.740222+00:00", "level": "metric", "event": "chunk_ack", "role": "benchmark", "region": "eastus", "seq_num": 16, "rtt_ms": 3177.51, "verified": true, "status": "forwarded_no_ack", "mode": "direct"}
{"ts": "2026-06-22T19:17:00.931472+00:00", "level": "metric", "event": "chunk_ack", "role": "benchmark", "region": "eastus", "seq_num": 17, "rtt_ms": 3368.26, "verified": true, "status": "forwarded_no_ack", "mode": "direct"}
{"ts": "2026-06-22T19:17:01.122828+00:00", "level": "metric", "event": "chunk_ack", "role": "benchmark", "region": "eastus", "seq_num": 18, "rtt_ms": 3558.51, "verified": true, "status": "forwarded_no_ack", "mode": "direct"}
{"ts": "2026-06-22T19:17:01.313794+00:00", "level": "metric", "event": "chunk_ack", "role": "benchmark", "region": "eastus", "seq_num": 19, "rtt_ms": 3749.1, "verified": true, "status": "forwarded_no_ack", "mode": "direct"}
{"ts": "2026-06-22T19:17:01.505030+00:00", "level": "metric", "event": "chunk_ack", "role": "benchmark", "region": "eastus", "seq_num": 20, "rtt_ms": 3939.39, "verified": true, "status": "forwarded_no_ack", "mode": "direct"}
{"ts": "2026-06-22T19:17:01.697870+00:00", "level": "metric", "event": "chunk_ack", "role": "benchmark", "region": "eastus", "seq_num": 21, "rtt_ms": 4129.97, "verified": true, "status": "forwarded_no_ack", "mode": "direct"}
{"ts": "2026-06-22T19:17:01.889154+00:00", "level": "metric", "event": "chunk_ack", "role": "benchmark", "region": "eastus", "seq_num": 22, "rtt_ms": 4322.08, "verified": true, "status": "forwarded_no_ack", "mode": "direct"}
{"ts": "2026-06-22T19:17:02.079895+00:00", "level": "metric", "event": "chunk_ack", "role": "benchmark", "region": "eastus", "seq_num": 23, "rtt_ms": 4512.61, "verified": true, "status": "forwarded_no_ack", "mode": "direct"}
{"ts": "2026-06-22T19:17:02.270824+00:00", "level": "metric", "event": "chunk_ack", "role": "benchmark", "region": "eastus", "seq_num": 24, "rtt_ms": 4702.68, "verified": true, "status": "forwarded_no_ack", "mode": "direct"}
{"ts": "2026-06-22T19:17:02.461563+00:00", "level": "metric", "event": "chunk_ack", "role": "benchmark", "region": "eastus", "seq_num": 25, "rtt_ms": 4892.84, "verified": true, "status": "forwarded_no_ack", "mode": "direct"}
{"ts": "2026-06-22T19:17:02.652623+00:00", "level": "metric", "event": "chunk_ack", "role": "benchmark", "region": "eastus", "seq_num": 26, "rtt_ms": 5082.87, "verified": true, "status": "forwarded_no_ack", "mode": "direct"}
{"ts": "2026-06-22T19:17:02.843920+00:00", "level": "metric", "event": "chunk_ack", "role": "benchmark", "region": "eastus", "seq_num": 27, "rtt_ms": 5273.43, "verified": true, "status": "forwarded_no_ack", "mode": "direct"}
{"ts": "2026-06-22T19:17:03.034995+00:00", "level": "metric", "event": "chunk_ack", "role": "benchmark", "region": "eastus", "seq_num": 28, "rtt_ms": 5463.81, "verified": true, "status": "forwarded_no_ack", "mode": "direct"}
{"ts": "2026-06-22T19:17:03.226080+00:00", "level": "metric", "event": "chunk_ack", "role": "benchmark", "region": "eastus", "seq_num": 29, "rtt_ms": 5654.2, "verified": true, "status": "forwarded_no_ack", "mode": "direct"}
{"ts": "2026-06-22T19:17:03.416863+00:00", "level": "metric", "event": "chunk_ack", "role": "benchmark", "region": "eastus", "seq_num": 30, "rtt_ms": 5844.55, "verified": true, "status": "forwarded_no_ack", "mode": "direct"}
{"ts": "2026-06-22T19:17:03.607396+00:00", "level": "metric", "event": "chunk_ack", "role": "benchmark", "region": "eastus", "seq_num": 31, "rtt_ms": 6034.7, "verified": true, "status": "forwarded_no_ack", "mode": "direct"}
{"ts": "2026-06-22T19:17:03.798217+00:00", "level": "metric", "event": "chunk_ack", "role": "benchmark", "region": "eastus", "seq_num": 32, "rtt_ms": 6224.57, "verified": true, "status": "forwarded_no_ack", "mode": "direct"}
{"ts": "2026-06-22T19:17:03.989475+00:00", "level": "metric", "event": "chunk_ack", "role": "benchmark", "region": "eastus", "seq_num": 33, "rtt_ms": 6414.61, "verified": true, "status": "forwarded_no_ack", "mode": "direct"}
{"ts": "2026-06-22T19:17:04.181024+00:00", "level": "metric", "event": "chunk_ack", "role": "benchmark", "region": "eastus", "seq_num": 34, "rtt_ms": 6605.26, "verified": true, "status": "forwarded_no_ack", "mode": "direct"}
{"ts": "2026-06-22T19:17:04.371833+00:00", "level": "metric", "event": "chunk_ack", "role": "benchmark", "region": "eastus", "seq_num": 35, "rtt_ms": 6795.94, "verified": true, "status": "forwarded_no_ack", "mode": "direct"}
{"ts": "2026-06-22T19:17:04.563109+00:00", "level": "metric", "event": "chunk_ack", "role": "benchmark", "region": "eastus", "seq_num": 36, "rtt_ms": 6986.0, "verified": true, "status": "forwarded_no_ack", "mode": "direct"}
{"ts": "2026-06-22T19:17:04.753998+00:00", "level": "metric", "event": "chunk_ack", "role": "benchmark", "region": "eastus", "seq_num": 37, "rtt_ms": 7176.55, "verified": true, "status": "forwarded_no_ack", "mode": "direct"}
{"ts": "2026-06-22T19:17:04.946906+00:00", "level": "metric", "event": "chunk_ack", "role": "benchmark", "region": "eastus", "seq_num": 38, "rtt_ms": 7368.22, "verified": true, "status": "forwarded_no_ack", "mode": "direct"}
{"ts": "2026-06-22T19:17:05.138509+00:00", "level": "metric", "event": "chunk_ack", "role": "benchmark", "region": "eastus", "seq_num": 39, "rtt_ms": 7559.33, "verified": true, "status": "forwarded_no_ack", "mode": "direct"}
{"ts": "2026-06-22T19:17:05.330083+00:00", "level": "metric", "event": "chunk_ack", "role": "benchmark", "region": "eastus", "seq_num": 40, "rtt_ms": 7749.8, "verified": true, "status": "forwarded_no_ack", "mode": "direct"}
{"ts": "2026-06-22T19:17:05.521224+00:00", "level": "metric", "event": "chunk_ack", "role": "benchmark", "region": "eastus", "seq_num": 41, "rtt_ms": 7940.66, "verified": true, "status": "forwarded_no_ack", "mode": "direct"}
{"ts": "2026-06-22T19:17:05.712455+00:00", "level": "metric", "event": "chunk_ack", "role": "benchmark", "region": "eastus", "seq_num": 42, "rtt_ms": 8131.13, "verified": true, "status": "forwarded_no_ack", "mode": "direct"}
{"ts": "2026-06-22T19:17:05.903440+00:00", "level": "metric", "event": "chunk_ack", "role": "benchmark", "region": "eastus", "seq_num": 43, "rtt_ms": 8321.71, "verified": true, "status": "forwarded_no_ack", "mode": "direct"}
{"ts": "2026-06-22T19:17:06.094803+00:00", "level": "metric", "event": "chunk_ack", "role": "benchmark", "region": "eastus", "seq_num": 44, "rtt_ms": 8511.99, "verified": true, "status": "forwarded_no_ack", "mode": "direct"}
{"ts": "2026-06-22T19:17:06.286117+00:00", "level": "metric", "event": "chunk_ack", "role": "benchmark", "region": "eastus", "seq_num": 45, "rtt_ms": 8702.62, "verified": true, "status": "forwarded_no_ack", "mode": "direct"}
{"ts": "2026-06-22T19:17:06.477719+00:00", "level": "metric", "event": "chunk_ack", "role": "benchmark", "region": "eastus", "seq_num": 46, "rtt_ms": 8893.24, "verified": true, "status": "forwarded_no_ack", "mode": "direct"}
{"ts": "2026-06-22T19:17:06.669593+00:00", "level": "metric", "event": "chunk_ack", "role": "benchmark", "region": "eastus", "seq_num": 47, "rtt_ms": 9084.3, "verified": true, "status": "forwarded_no_ack", "mode": "direct"}
{"ts": "2026-06-22T19:17:06.861716+00:00", "level": "metric", "event": "chunk_ack", "role": "benchmark", "region": "eastus", "seq_num": 48, "rtt_ms": 9275.43, "verified": true, "status": "forwarded_no_ack", "mode": "direct"}
{"ts": "2026-06-22T19:17:07.052630+00:00", "level": "metric", "event": "chunk_ack", "role": "benchmark", "region": "eastus", "seq_num": 49, "rtt_ms": 9467.25, "verified": true, "status": "forwarded_no_ack", "mode": "direct"}
{"ts": "2026-06-22T19:17:07.253231+00:00", "level": "metric", "event": "chunk_ack", "role": "benchmark", "region": "eastus", "seq_num": 50, "rtt_ms": 9657.03, "verified": true, "status": "forwarded_no_ack", "mode": "direct"}
{"ts": "2026-06-22T19:17:07.447160+00:00", "level": "metric", "event": "chunk_ack", "role": "benchmark", "region": "eastus", "seq_num": 51, "rtt_ms": 9856.98, "verified": true, "status": "forwarded_no_ack", "mode": "direct"}
{"ts": "2026-06-22T19:17:07.638275+00:00", "level": "metric", "event": "chunk_ack", "role": "benchmark", "region": "eastus", "seq_num": 52, "rtt_ms": 10050.5, "verified": true, "status": "forwarded_no_ack", "mode": "direct"}
{"ts": "2026-06-22T19:17:07.829045+00:00", "level": "metric", "event": "chunk_ack", "role": "benchmark", "region": "eastus", "seq_num": 53, "rtt_ms": 10240.86, "verified": true, "status": "forwarded_no_ack", "mode": "direct"}
{"ts": "2026-06-22T19:17:08.020151+00:00", "level": "metric", "event": "chunk_ack", "role": "benchmark", "region": "eastus", "seq_num": 54, "rtt_ms": 10430.57, "verified": true, "status": "forwarded_no_ack", "mode": "direct"}
{"ts": "2026-06-22T19:17:08.212907+00:00", "level": "metric", "event": "chunk_ack", "role": "benchmark", "region": "eastus", "seq_num": 55, "rtt_ms": 10621.07, "verified": true, "status": "forwarded_no_ack", "mode": "direct"}
{"ts": "2026-06-22T19:17:08.410959+00:00", "level": "metric", "event": "chunk_ack", "role": "benchmark", "region": "eastus", "seq_num": 56, "rtt_ms": 10813.11, "verified": true, "status": "forwarded_no_ack", "mode": "direct"}
{"ts": "2026-06-22T19:17:08.606299+00:00", "level": "metric", "event": "chunk_ack", "role": "benchmark", "region": "eastus", "seq_num": 57, "rtt_ms": 11010.79, "verified": true, "status": "forwarded_no_ack", "mode": "direct"}
{"ts": "2026-06-22T19:17:08.797774+00:00", "level": "metric", "event": "chunk_ack", "role": "benchmark", "region": "eastus", "seq_num": 58, "rtt_ms": 11205.5, "verified": true, "status": "forwarded_no_ack", "mode": "direct"}
{"ts": "2026-06-22T19:17:08.988860+00:00", "level": "metric", "event": "chunk_ack", "role": "benchmark", "region": "eastus", "seq_num": 59, "rtt_ms": 11396.02, "verified": true, "status": "forwarded_no_ack", "mode": "direct"}
{"ts": "2026-06-22T19:17:09.180616+00:00", "level": "metric", "event": "chunk_ack", "role": "benchmark", "region": "eastus", "seq_num": 60, "rtt_ms": 11586.15, "verified": true, "status": "forwarded_no_ack", "mode": "direct"}
{"ts": "2026-06-22T19:17:09.376043+00:00", "level": "metric", "event": "chunk_ack", "role": "benchmark", "region": "eastus", "seq_num": 61, "rtt_ms": 11777.24, "verified": true, "status": "forwarded_no_ack", "mode": "direct"}
{"ts": "2026-06-22T19:17:09.568129+00:00", "level": "metric", "event": "chunk_ack", "role": "benchmark", "region": "eastus", "seq_num": 62, "rtt_ms": 11972.23, "verified": true, "status": "forwarded_no_ack", "mode": "direct"}
{"ts": "2026-06-22T19:17:09.758950+00:00", "level": "metric", "event": "chunk_ack", "role": "benchmark", "region": "eastus", "seq_num": 63, "rtt_ms": 12163.33, "verified": true, "status": "forwarded_no_ack", "mode": "direct"}
{"ts": "2026-06-22T19:17:09.954018+00:00", "level": "metric", "event": "chunk_ack", "role": "benchmark", "region": "eastus", "seq_num": 64, "rtt_ms": 12353.48, "verified": true, "status": "forwarded_no_ack", "mode": "direct"}
{"ts": "2026-06-22T19:17:10.153819+00:00", "level": "metric", "event": "chunk_ack", "role": "benchmark", "region": "eastus", "seq_num": 65, "rtt_ms": 12547.95, "verified": true, "status": "forwarded_no_ack", "mode": "direct"}
{"ts": "2026-06-22T19:17:10.344975+00:00", "level": "metric", "event": "chunk_ack", "role": "benchmark", "region": "eastus", "seq_num": 66, "rtt_ms": 12747.13, "verified": true, "status": "forwarded_no_ack", "mode": "direct"}
{"ts": "2026-06-22T19:17:10.536777+00:00", "level": "metric", "event": "chunk_ack", "role": "benchmark", "region": "eastus", "seq_num": 67, "rtt_ms": 12937.25, "verified": true, "status": "forwarded_no_ack", "mode": "direct"}
{"ts": "2026-06-22T19:17:10.727565+00:00", "level": "metric", "event": "chunk_ack", "role": "benchmark", "region": "eastus", "seq_num": 68, "rtt_ms": 13128.41, "verified": true, "status": "forwarded_no_ack", "mode": "direct"}
{"ts": "2026-06-22T19:17:10.919747+00:00", "level": "metric", "event": "chunk_ack", "role": "benchmark", "region": "eastus", "seq_num": 69, "rtt_ms": 13318.66, "verified": true, "status": "forwarded_no_ack", "mode": "direct"}
{"ts": "2026-06-22T19:17:11.114400+00:00", "level": "metric", "event": "chunk_ack", "role": "benchmark", "region": "eastus", "seq_num": 70, "rtt_ms": 13509.84, "verified": true, "status": "forwarded_no_ack", "mode": "direct"}
{"ts": "2026-06-22T19:17:11.305414+00:00", "level": "metric", "event": "chunk_ack", "role": "benchmark", "region": "eastus", "seq_num": 71, "rtt_ms": 13703.83, "verified": true, "status": "forwarded_no_ack", "mode": "direct"}
{"ts": "2026-06-22T19:17:11.496146+00:00", "level": "metric", "event": "chunk_ack", "role": "benchmark", "region": "eastus", "seq_num": 72, "rtt_ms": 13894.32, "verified": true, "status": "forwarded_no_ack", "mode": "direct"}
{"ts": "2026-06-22T19:17:11.688903+00:00", "level": "metric", "event": "chunk_ack", "role": "benchmark", "region": "eastus", "seq_num": 73, "rtt_ms": 14084.11, "verified": true, "status": "forwarded_no_ack", "mode": "direct"}
{"ts": "2026-06-22T19:17:11.884542+00:00", "level": "metric", "event": "chunk_ack", "role": "benchmark", "region": "eastus", "seq_num": 74, "rtt_ms": 14276.32, "verified": true, "status": "forwarded_no_ack", "mode": "direct"}
{"ts": "2026-06-22T19:17:12.075206+00:00", "level": "metric", "event": "chunk_ack", "role": "benchmark", "region": "eastus", "seq_num": 75, "rtt_ms": 14471.12, "verified": true, "status": "forwarded_no_ack", "mode": "direct"}
{"ts": "2026-06-22T19:17:12.266046+00:00", "level": "metric", "event": "chunk_ack", "role": "benchmark", "region": "eastus", "seq_num": 76, "rtt_ms": 14661.35, "verified": true, "status": "forwarded_no_ack", "mode": "direct"}
{"ts": "2026-06-22T19:17:12.457076+00:00", "level": "metric", "event": "chunk_ack", "role": "benchmark", "region": "eastus", "seq_num": 77, "rtt_ms": 14851.25, "verified": true, "status": "forwarded_no_ack", "mode": "direct"}
{"ts": "2026-06-22T19:17:12.649278+00:00", "level": "metric", "event": "chunk_ack", "role": "benchmark", "region": "eastus", "seq_num": 78, "rtt_ms": 15041.93, "verified": true, "status": "forwarded_no_ack", "mode": "direct"}
{"ts": "2026-06-22T19:17:12.840378+00:00", "level": "metric", "event": "chunk_ack", "role": "benchmark", "region": "eastus", "seq_num": 79, "rtt_ms": 15233.38, "verified": true, "status": "forwarded_no_ack", "mode": "direct"}
{"ts": "2026-06-22T19:17:13.032872+00:00", "level": "metric", "event": "chunk_ack", "role": "benchmark", "region": "eastus", "seq_num": 80, "rtt_ms": 15423.59, "verified": true, "status": "forwarded_no_ack", "mode": "direct"}
{"ts": "2026-06-22T19:17:13.223567+00:00", "level": "metric", "event": "chunk_ack", "role": "benchmark", "region": "eastus", "seq_num": 81, "rtt_ms": 15615.15, "verified": true, "status": "forwarded_no_ack", "mode": "direct"}
{"ts": "2026-06-22T19:17:13.414137+00:00", "level": "metric", "event": "chunk_ack", "role": "benchmark", "region": "eastus", "seq_num": 82, "rtt_ms": 15805.01, "verified": true, "status": "forwarded_no_ack", "mode": "direct"}
{"ts": "2026-06-22T19:17:13.605809+00:00", "level": "metric", "event": "chunk_ack", "role": "benchmark", "region": "eastus", "seq_num": 83, "rtt_ms": 15995.56, "verified": true, "status": "forwarded_no_ack", "mode": "direct"}
{"ts": "2026-06-22T19:17:13.798609+00:00", "level": "metric", "event": "chunk_ack", "role": "benchmark", "region": "eastus", "seq_num": 84, "rtt_ms": 16186.06, "verified": true, "status": "forwarded_no_ack", "mode": "direct"}
{"ts": "2026-06-22T19:17:13.991040+00:00", "level": "metric", "event": "chunk_ack", "role": "benchmark", "region": "eastus", "seq_num": 85, "rtt_ms": 16377.98, "verified": true, "status": "forwarded_no_ack", "mode": "direct"}
{"ts": "2026-06-22T19:17:14.182630+00:00", "level": "metric", "event": "chunk_ack", "role": "benchmark", "region": "eastus", "seq_num": 86, "rtt_ms": 16569.67, "verified": true, "status": "forwarded_no_ack", "mode": "direct"}
{"ts": "2026-06-22T19:17:14.373707+00:00", "level": "metric", "event": "chunk_ack", "role": "benchmark", "region": "eastus", "seq_num": 87, "rtt_ms": 16760.62, "verified": true, "status": "forwarded_no_ack", "mode": "direct"}
{"ts": "2026-06-22T19:17:14.566301+00:00", "level": "metric", "event": "chunk_ack", "role": "benchmark", "region": "eastus", "seq_num": 88, "rtt_ms": 16950.87, "verified": true, "status": "forwarded_no_ack", "mode": "direct"}
{"ts": "2026-06-22T19:17:14.757206+00:00", "level": "metric", "event": "chunk_ack", "role": "benchmark", "region": "eastus", "seq_num": 89, "rtt_ms": 17142.81, "verified": true, "status": "forwarded_no_ack", "mode": "direct"}
{"ts": "2026-06-22T19:17:14.947790+00:00", "level": "metric", "event": "chunk_ack", "role": "benchmark", "region": "eastus", "seq_num": 90, "rtt_ms": 17332.99, "verified": true, "status": "forwarded_no_ack", "mode": "direct"}
{"ts": "2026-06-22T19:17:15.139477+00:00", "level": "metric", "event": "chunk_ack", "role": "benchmark", "region": "eastus", "seq_num": 91, "rtt_ms": 17522.82, "verified": true, "status": "forwarded_no_ack", "mode": "direct"}
{"ts": "2026-06-22T19:17:15.330553+00:00", "level": "metric", "event": "chunk_ack", "role": "benchmark", "region": "eastus", "seq_num": 92, "rtt_ms": 17713.9, "verified": true, "status": "forwarded_no_ack", "mode": "direct"}
{"ts": "2026-06-22T19:17:15.521258+00:00", "level": "metric", "event": "chunk_ack", "role": "benchmark", "region": "eastus", "seq_num": 93, "rtt_ms": 17904.11, "verified": true, "status": "forwarded_no_ack", "mode": "direct"}
{"ts": "2026-06-22T19:17:15.712481+00:00", "level": "metric", "event": "chunk_ack", "role": "benchmark", "region": "eastus", "seq_num": 94, "rtt_ms": 18094.09, "verified": true, "status": "forwarded_no_ack", "mode": "direct"}
{"ts": "2026-06-22T19:17:15.903239+00:00", "level": "metric", "event": "chunk_ack", "role": "benchmark", "region": "eastus", "seq_num": 95, "rtt_ms": 18284.68, "verified": true, "status": "forwarded_no_ack", "mode": "direct"}
{"ts": "2026-06-22T19:17:16.094447+00:00", "level": "metric", "event": "chunk_ack", "role": "benchmark", "region": "eastus", "seq_num": 96, "rtt_ms": 18474.56, "verified": true, "status": "forwarded_no_ack", "mode": "direct"}
{"ts": "2026-06-22T19:17:16.285360+00:00", "level": "metric", "event": "chunk_ack", "role": "benchmark", "region": "eastus", "seq_num": 97, "rtt_ms": 18664.97, "verified": true, "status": "forwarded_no_ack", "mode": "direct"}
{"ts": "2026-06-22T19:17:16.476381+00:00", "level": "metric", "event": "chunk_ack", "role": "benchmark", "region": "eastus", "seq_num": 98, "rtt_ms": 18855.2, "verified": true, "status": "forwarded_no_ack", "mode": "direct"}
{"ts": "2026-06-22T19:17:16.667860+00:00", "level": "metric", "event": "chunk_ack", "role": "benchmark", "region": "eastus", "seq_num": 99, "rtt_ms": 19045.54, "verified": true, "status": "forwarded_no_ack", "mode": "direct"}
{"ts": "2026-06-22T19:17:16.861194+00:00", "level": "metric", "event": "chunk_ack", "role": "benchmark", "region": "eastus", "seq_num": 100, "rtt_ms": 19236.21, "verified": true, "status": "forwarded_no_ack", "mode": "direct"}
{"ts": "2026-06-22T19:17:17.053544+00:00", "level": "metric", "event": "chunk_ack", "role": "benchmark", "region": "eastus", "seq_num": 101, "rtt_ms": 19429.3, "verified": true, "status": "forwarded_no_ack", "mode": "direct"}
{"ts": "2026-06-22T19:17:17.244061+00:00", "level": "metric", "event": "chunk_ack", "role": "benchmark", "region": "eastus", "seq_num": 102, "rtt_ms": 19620.32, "verified": true, "status": "forwarded_no_ack", "mode": "direct"}
{"ts": "2026-06-22T19:17:17.434835+00:00", "level": "metric", "event": "chunk_ack", "role": "benchmark", "region": "eastus", "seq_num": 103, "rtt_ms": 19810.09, "verified": true, "status": "forwarded_no_ack", "mode": "direct"}
{"ts": "2026-06-22T19:17:17.626663+00:00", "level": "metric", "event": "chunk_ack", "role": "benchmark", "region": "eastus", "seq_num": 104, "rtt_ms": 20000.25, "verified": true, "status": "forwarded_no_ack", "mode": "direct"}
{"ts": "2026-06-22T19:17:17.818128+00:00", "level": "metric", "event": "chunk_ack", "role": "benchmark", "region": "eastus", "seq_num": 105, "rtt_ms": 20191.57, "verified": true, "status": "forwarded_no_ack", "mode": "direct"}
{"ts": "2026-06-22T19:17:18.009012+00:00", "level": "metric", "event": "chunk_ack", "role": "benchmark", "region": "eastus", "seq_num": 106, "rtt_ms": 20381.97, "verified": true, "status": "forwarded_no_ack", "mode": "direct"}
{"ts": "2026-06-22T19:17:18.201222+00:00", "level": "metric", "event": "chunk_ack", "role": "benchmark", "region": "eastus", "seq_num": 107, "rtt_ms": 20572.12, "verified": true, "status": "forwarded_no_ack", "mode": "direct"}
{"ts": "2026-06-22T19:17:18.391856+00:00", "level": "metric", "event": "chunk_ack", "role": "benchmark", "region": "eastus", "seq_num": 108, "rtt_ms": 20763.54, "verified": true, "status": "forwarded_no_ack", "mode": "direct"}
{"ts": "2026-06-22T19:17:18.588604+00:00", "level": "metric", "event": "chunk_ack", "role": "benchmark", "region": "eastus", "seq_num": 109, "rtt_ms": 20953.92, "verified": true, "status": "forwarded_no_ack", "mode": "direct"}
{"ts": "2026-06-22T19:17:18.780476+00:00", "level": "metric", "event": "chunk_ack", "role": "benchmark", "region": "eastus", "seq_num": 110, "rtt_ms": 21149.58, "verified": true, "status": "forwarded_no_ack", "mode": "direct"}
{"ts": "2026-06-22T19:17:18.971201+00:00", "level": "metric", "event": "chunk_ack", "role": "benchmark", "region": "eastus", "seq_num": 111, "rtt_ms": 21340.79, "verified": true, "status": "forwarded_no_ack", "mode": "direct"}
{"ts": "2026-06-22T19:17:19.162484+00:00", "level": "metric", "event": "chunk_ack", "role": "benchmark", "region": "eastus", "seq_num": 112, "rtt_ms": 21530.69, "verified": true, "status": "forwarded_no_ack", "mode": "direct"}
{"ts": "2026-06-22T19:17:19.353753+00:00", "level": "metric", "event": "chunk_ack", "role": "benchmark", "region": "eastus", "seq_num": 113, "rtt_ms": 21721.72, "verified": true, "status": "forwarded_no_ack", "mode": "direct"}
{"ts": "2026-06-22T19:17:19.546538+00:00", "level": "metric", "event": "chunk_ack", "role": "benchmark", "region": "eastus", "seq_num": 114, "rtt_ms": 21912.13, "verified": true, "status": "forwarded_no_ack", "mode": "direct"}
{"ts": "2026-06-22T19:17:19.737174+00:00", "level": "metric", "event": "chunk_ack", "role": "benchmark", "region": "eastus", "seq_num": 115, "rtt_ms": 22104.05, "verified": true, "status": "forwarded_no_ack", "mode": "direct"}
{"ts": "2026-06-22T19:17:19.927993+00:00", "level": "metric", "event": "chunk_ack", "role": "benchmark", "region": "eastus", "seq_num": 116, "rtt_ms": 22293.93, "verified": true, "status": "forwarded_no_ack", "mode": "direct"}
{"ts": "2026-06-22T19:17:20.119555+00:00", "level": "metric", "event": "chunk_ack", "role": "benchmark", "region": "eastus", "seq_num": 117, "rtt_ms": 22484.06, "verified": true, "status": "forwarded_no_ack", "mode": "direct"}
{"ts": "2026-06-22T19:17:20.311704+00:00", "level": "metric", "event": "chunk_ack", "role": "benchmark", "region": "eastus", "seq_num": 118, "rtt_ms": 22674.92, "verified": true, "status": "forwarded_no_ack", "mode": "direct"}
{"ts": "2026-06-22T19:17:20.504481+00:00", "level": "metric", "event": "chunk_ack", "role": "benchmark", "region": "eastus", "seq_num": 119, "rtt_ms": 22866.68, "verified": true, "status": "forwarded_no_ack", "mode": "direct"}
{"ts": "2026-06-22T19:17:20.696322+00:00", "level": "metric", "event": "chunk_ack", "role": "benchmark", "region": "eastus", "seq_num": 120, "rtt_ms": 23058.61, "verified": true, "status": "forwarded_no_ack", "mode": "direct"}
{"ts": "2026-06-22T19:17:20.887469+00:00", "level": "metric", "event": "chunk_ack", "role": "benchmark", "region": "eastus", "seq_num": 121, "rtt_ms": 23249.91, "verified": true, "status": "forwarded_no_ack", "mode": "direct"}
{"ts": "2026-06-22T19:17:21.078576+00:00", "level": "metric", "event": "chunk_ack", "role": "benchmark", "region": "eastus", "seq_num": 122, "rtt_ms": 23440.02, "verified": true, "status": "forwarded_no_ack", "mode": "direct"}
{"ts": "2026-06-22T19:17:21.282071+00:00", "level": "metric", "event": "chunk_ack", "role": "benchmark", "region": "eastus", "seq_num": 123, "rtt_ms": 23630.73, "verified": true, "status": "forwarded_no_ack", "mode": "direct"}
{"ts": "2026-06-22T19:17:21.473374+00:00", "level": "metric", "event": "chunk_ack", "role": "benchmark", "region": "eastus", "seq_num": 124, "rtt_ms": 23833.13, "verified": true, "status": "forwarded_no_ack", "mode": "direct"}
{"ts": "2026-06-22T19:17:21.666103+00:00", "level": "metric", "event": "chunk_ack", "role": "benchmark", "region": "eastus", "seq_num": 125, "rtt_ms": 24024.14, "verified": true, "status": "forwarded_no_ack", "mode": "direct"}
{"ts": "2026-06-22T19:17:21.856999+00:00", "level": "metric", "event": "chunk_ack", "role": "benchmark", "region": "eastus", "seq_num": 126, "rtt_ms": 24215.76, "verified": true, "status": "forwarded_no_ack", "mode": "direct"}
{"ts": "2026-06-22T19:17:22.048017+00:00", "level": "metric", "event": "chunk_ack", "role": "benchmark", "region": "eastus", "seq_num": 127, "rtt_ms": 24405.95, "verified": true, "status": "forwarded_no_ack", "mode": "direct"}
{"ts": "2026-06-22T19:17:22.245104+00:00", "level": "metric", "event": "chunk_ack", "role": "benchmark", "region": "eastus", "seq_num": 128, "rtt_ms": 24596.14, "verified": true, "status": "forwarded_no_ack", "mode": "direct"}
{"ts": "2026-06-22T19:17:22.439598+00:00", "level": "metric", "event": "chunk_ack", "role": "benchmark", "region": "eastus", "seq_num": 129, "rtt_ms": 24792.55, "verified": true, "status": "forwarded_no_ack", "mode": "direct"}
{"ts": "2026-06-22T19:17:22.631211+00:00", "level": "metric", "event": "chunk_ack", "role": "benchmark", "region": "eastus", "seq_num": 130, "rtt_ms": 24986.72, "verified": true, "status": "forwarded_no_ack", "mode": "direct"}
{"ts": "2026-06-22T19:17:22.822956+00:00", "level": "metric", "event": "chunk_ack", "role": "benchmark", "region": "eastus", "seq_num": 131, "rtt_ms": 25177.54, "verified": true, "status": "forwarded_no_ack", "mode": "direct"}
{"ts": "2026-06-22T19:17:23.014458+00:00", "level": "metric", "event": "chunk_ack", "role": "benchmark", "region": "eastus", "seq_num": 132, "rtt_ms": 25368.47, "verified": true, "status": "forwarded_no_ack", "mode": "direct"}
{"ts": "2026-06-22T19:17:23.205468+00:00", "level": "metric", "event": "chunk_ack", "role": "benchmark", "region": "eastus", "seq_num": 133, "rtt_ms": 25558.96, "verified": true, "status": "forwarded_no_ack", "mode": "direct"}
{"ts": "2026-06-22T19:17:23.396180+00:00", "level": "metric", "event": "chunk_ack", "role": "benchmark", "region": "eastus", "seq_num": 134, "rtt_ms": 25749.24, "verified": true, "status": "forwarded_no_ack", "mode": "direct"}
{"ts": "2026-06-22T19:17:23.587431+00:00", "level": "metric", "event": "chunk_ack", "role": "benchmark", "region": "eastus", "seq_num": 135, "rtt_ms": 25939.29, "verified": true, "status": "forwarded_no_ack", "mode": "direct"}
{"ts": "2026-06-22T19:17:23.781397+00:00", "level": "metric", "event": "chunk_ack", "role": "benchmark", "region": "eastus", "seq_num": 136, "rtt_ms": 26129.78, "verified": true, "status": "forwarded_no_ack", "mode": "direct"}
{"ts": "2026-06-22T19:17:23.973247+00:00", "level": "metric", "event": "chunk_ack", "role": "benchmark", "region": "eastus", "seq_num": 137, "rtt_ms": 26323.02, "verified": true, "status": "forwarded_no_ack", "mode": "direct"}
{"ts": "2026-06-22T19:17:24.174291+00:00", "level": "metric", "event": "chunk_ack", "role": "benchmark", "region": "eastus", "seq_num": 138, "rtt_ms": 26514.29, "verified": true, "status": "forwarded_no_ack", "mode": "direct"}
{"ts": "2026-06-22T19:17:24.365821+00:00", "level": "metric", "event": "chunk_ack", "role": "benchmark", "region": "eastus", "seq_num": 139, "rtt_ms": 26714.46, "verified": true, "status": "forwarded_no_ack", "mode": "direct"}
{"ts": "2026-06-22T19:17:24.556625+00:00", "level": "metric", "event": "chunk_ack", "role": "benchmark", "region": "eastus", "seq_num": 140, "rtt_ms": 26905.26, "verified": true, "status": "forwarded_no_ack", "mode": "direct"}
{"ts": "2026-06-22T19:17:24.755381+00:00", "level": "metric", "event": "chunk_ack", "role": "benchmark", "region": "eastus", "seq_num": 141, "rtt_ms": 27095.69, "verified": true, "status": "forwarded_no_ack", "mode": "direct"}
{"ts": "2026-06-22T19:17:24.949568+00:00", "level": "metric", "event": "chunk_ack", "role": "benchmark", "region": "eastus", "seq_num": 142, "rtt_ms": 27293.87, "verified": true, "status": "forwarded_no_ack", "mode": "direct"}
{"ts": "2026-06-22T19:17:25.140708+00:00", "level": "metric", "event": "chunk_ack", "role": "benchmark", "region": "eastus", "seq_num": 143, "rtt_ms": 27487.24, "verified": true, "status": "forwarded_no_ack", "mode": "direct"}
{"ts": "2026-06-22T19:17:25.332129+00:00", "level": "metric", "event": "chunk_ack", "role": "benchmark", "region": "eastus", "seq_num": 144, "rtt_ms": 27677.27, "verified": true, "status": "forwarded_no_ack", "mode": "direct"}
{"ts": "2026-06-22T19:17:25.523094+00:00", "level": "metric", "event": "chunk_ack", "role": "benchmark", "region": "eastus", "seq_num": 145, "rtt_ms": 27868.17, "verified": true, "status": "forwarded_no_ack", "mode": "direct"}
{"ts": "2026-06-22T19:17:25.713927+00:00", "level": "metric", "event": "chunk_ack", "role": "benchmark", "region": "eastus", "seq_num": 146, "rtt_ms": 28058.26, "verified": true, "status": "forwarded_no_ack", "mode": "direct"}
{"ts": "2026-06-22T19:17:25.905150+00:00", "level": "metric", "event": "chunk_ack", "role": "benchmark", "region": "eastus", "seq_num": 147, "rtt_ms": 28248.66, "verified": true, "status": "forwarded_no_ack", "mode": "direct"}
{"ts": "2026-06-22T19:17:26.096334+00:00", "level": "metric", "event": "chunk_ack", "role": "benchmark", "region": "eastus", "seq_num": 148, "rtt_ms": 28439.24, "verified": true, "status": "forwarded_no_ack", "mode": "direct"}
{"ts": "2026-06-22T19:17:26.287742+00:00", "level": "metric", "event": "chunk_ack", "role": "benchmark", "region": "eastus", "seq_num": 149, "rtt_ms": 28629.9, "verified": true, "status": "forwarded_no_ack", "mode": "direct"}
{"ts": "2026-06-22T19:17:26.478994+00:00", "level": "metric", "event": "chunk_ack", "role": "benchmark", "region": "eastus", "seq_num": 150, "rtt_ms": 28820.45, "verified": true, "status": "forwarded_no_ack", "mode": "direct"}
{"ts": "2026-06-22T19:17:26.669963+00:00", "level": "metric", "event": "chunk_ack", "role": "benchmark", "region": "eastus", "seq_num": 151, "rtt_ms": 29011.24, "verified": true, "status": "forwarded_no_ack", "mode": "direct"}
{"ts": "2026-06-22T19:17:26.861467+00:00", "level": "metric", "event": "chunk_ack", "role": "benchmark", "region": "eastus", "seq_num": 152, "rtt_ms": 29201.3, "verified": true, "status": "forwarded_no_ack", "mode": "direct"}
{"ts": "2026-06-22T19:17:27.054388+00:00", "level": "metric", "event": "chunk_ack", "role": "benchmark", "region": "eastus", "seq_num": 153, "rtt_ms": 29391.88, "verified": true, "status": "forwarded_no_ack", "mode": "direct"}
{"ts": "2026-06-22T19:17:27.245150+00:00", "level": "metric", "event": "chunk_ack", "role": "benchmark", "region": "eastus", "seq_num": 154, "rtt_ms": 29583.92, "verified": true, "status": "forwarded_no_ack", "mode": "direct"}
{"ts": "2026-06-22T19:17:27.447125+00:00", "level": "metric", "event": "chunk_ack", "role": "benchmark", "region": "eastus", "seq_num": 155, "rtt_ms": 29773.9, "verified": true, "status": "forwarded_no_ack", "mode": "direct"}
{"ts": "2026-06-22T19:17:27.739457+00:00", "level": "metric", "event": "chunk_ack", "role": "benchmark", "region": "eastus", "seq_num": 156, "rtt_ms": 29975.4, "verified": true, "status": "forwarded_no_ack", "mode": "direct"}
{"ts": "2026-06-22T19:17:28.021744+00:00", "level": "metric", "event": "chunk_ack", "role": "benchmark", "region": "eastus", "seq_num": 157, "rtt_ms": 30266.75, "verified": true, "status": "forwarded_no_ack", "mode": "direct"}
{"ts": "2026-06-22T19:17:28.220030+00:00", "level": "metric", "event": "chunk_ack", "role": "benchmark", "region": "eastus", "seq_num": 158, "rtt_ms": 30548.27, "verified": true, "status": "forwarded_no_ack", "mode": "direct"}
{"ts": "2026-06-22T19:17:28.411556+00:00", "level": "metric", "event": "chunk_ack", "role": "benchmark", "region": "eastus", "seq_num": 159, "rtt_ms": 30746.33, "verified": true, "status": "forwarded_no_ack", "mode": "direct"}
{"ts": "2026-06-22T19:17:28.602293+00:00", "level": "metric", "event": "chunk_ack", "role": "benchmark", "region": "eastus", "seq_num": 160, "rtt_ms": 30936.71, "verified": true, "status": "forwarded_no_ack", "mode": "direct"}
{"ts": "2026-06-22T19:17:28.794034+00:00", "level": "metric", "event": "chunk_ack", "role": "benchmark", "region": "eastus", "seq_num": 161, "rtt_ms": 31127.01, "verified": true, "status": "forwarded_no_ack", "mode": "direct"}
{"ts": "2026-06-22T19:17:28.985436+00:00", "level": "metric", "event": "chunk_ack", "role": "benchmark", "region": "eastus", "seq_num": 162, "rtt_ms": 31318.03, "verified": true, "status": "forwarded_no_ack", "mode": "direct"}
{"ts": "2026-06-22T19:17:29.177011+00:00", "level": "metric", "event": "chunk_ack", "role": "benchmark", "region": "eastus", "seq_num": 163, "rtt_ms": 31508.54, "verified": true, "status": "forwarded_no_ack", "mode": "direct"}
{"ts": "2026-06-22T19:17:29.367926+00:00", "level": "metric", "event": "chunk_ack", "role": "benchmark", "region": "eastus", "seq_num": 164, "rtt_ms": 31699.3, "verified": true, "status": "forwarded_no_ack", "mode": "direct"}
{"ts": "2026-06-22T19:17:29.561077+00:00", "level": "metric", "event": "chunk_ack", "role": "benchmark", "region": "eastus", "seq_num": 165, "rtt_ms": 31890.06, "verified": true, "status": "forwarded_no_ack", "mode": "direct"}
{"ts": "2026-06-22T19:17:29.753420+00:00", "level": "metric", "event": "chunk_ack", "role": "benchmark", "region": "eastus", "seq_num": 166, "rtt_ms": 32082.22, "verified": true, "status": "forwarded_no_ack", "mode": "direct"}
{"ts": "2026-06-22T19:17:29.944286+00:00", "level": "metric", "event": "chunk_ack", "role": "benchmark", "region": "eastus", "seq_num": 167, "rtt_ms": 32273.88, "verified": true, "status": "forwarded_no_ack", "mode": "direct"}
{"ts": "2026-06-22T19:17:30.135526+00:00", "level": "metric", "event": "chunk_ack", "role": "benchmark", "region": "eastus", "seq_num": 168, "rtt_ms": 32463.95, "verified": true, "status": "forwarded_no_ack", "mode": "direct"}
{"ts": "2026-06-22T19:17:30.326029+00:00", "level": "metric", "event": "chunk_ack", "role": "benchmark", "region": "eastus", "seq_num": 169, "rtt_ms": 32654.22, "verified": true, "status": "forwarded_no_ack", "mode": "direct"}
{"ts": "2026-06-22T19:17:30.517186+00:00", "level": "metric", "event": "chunk_ack", "role": "benchmark", "region": "eastus", "seq_num": 170, "rtt_ms": 32844.31, "verified": true, "status": "forwarded_no_ack", "mode": "direct"}
{"ts": "2026-06-22T19:17:30.710506+00:00", "level": "metric", "event": "chunk_ack", "role": "benchmark", "region": "eastus", "seq_num": 171, "rtt_ms": 33037.3, "verified": true, "status": "forwarded_no_ack", "mode": "direct"}
{"ts": "2026-06-22T19:17:30.901816+00:00", "level": "metric", "event": "chunk_ack", "role": "benchmark", "region": "eastus", "seq_num": 172, "rtt_ms": 33227.31, "verified": true, "status": "forwarded_no_ack", "mode": "direct"}
{"ts": "2026-06-22T19:17:31.093158+00:00", "level": "metric", "event": "chunk_ack", "role": "benchmark", "region": "eastus", "seq_num": 173, "rtt_ms": 33417.58, "verified": true, "status": "forwarded_no_ack", "mode": "direct"}
{"ts": "2026-06-22T19:17:31.284013+00:00", "level": "metric", "event": "chunk_ack", "role": "benchmark", "region": "eastus", "seq_num": 174, "rtt_ms": 33608.13, "verified": true, "status": "forwarded_no_ack", "mode": "direct"}
{"ts": "2026-06-22T19:17:31.475046+00:00", "level": "metric", "event": "chunk_ack", "role": "benchmark", "region": "eastus", "seq_num": 175, "rtt_ms": 33798.32, "verified": true, "status": "forwarded_no_ack", "mode": "direct"}
{"ts": "2026-06-22T19:17:31.666826+00:00", "level": "metric", "event": "chunk_ack", "role": "benchmark", "region": "eastus", "seq_num": 176, "rtt_ms": 33989.01, "verified": true, "status": "forwarded_no_ack", "mode": "direct"}
{"ts": "2026-06-22T19:17:31.858072+00:00", "level": "metric", "event": "chunk_ack", "role": "benchmark", "region": "eastus", "seq_num": 177, "rtt_ms": 34180.04, "verified": true, "status": "forwarded_no_ack", "mode": "direct"}
{"ts": "2026-06-22T19:17:32.049039+00:00", "level": "metric", "event": "chunk_ack", "role": "benchmark", "region": "eastus", "seq_num": 178, "rtt_ms": 34370.26, "verified": true, "status": "forwarded_no_ack", "mode": "direct"}
{"ts": "2026-06-22T19:17:32.240215+00:00", "level": "metric", "event": "chunk_ack", "role": "benchmark", "region": "eastus", "seq_num": 179, "rtt_ms": 34560.48, "verified": true, "status": "forwarded_no_ack", "mode": "direct"}
{"ts": "2026-06-22T19:17:32.431049+00:00", "level": "metric", "event": "chunk_ack", "role": "benchmark", "region": "eastus", "seq_num": 180, "rtt_ms": 34751.02, "verified": true, "status": "forwarded_no_ack", "mode": "direct"}
{"ts": "2026-06-22T19:17:32.622380+00:00", "level": "metric", "event": "chunk_ack", "role": "benchmark", "region": "eastus", "seq_num": 181, "rtt_ms": 34941.39, "verified": true, "status": "forwarded_no_ack", "mode": "direct"}
{"ts": "2026-06-22T19:17:32.813571+00:00", "level": "metric", "event": "chunk_ack", "role": "benchmark", "region": "eastus", "seq_num": 182, "rtt_ms": 35131.98, "verified": true, "status": "forwarded_no_ack", "mode": "direct"}
{"ts": "2026-06-22T19:17:33.005352+00:00", "level": "metric", "event": "chunk_ack", "role": "benchmark", "region": "eastus", "seq_num": 183, "rtt_ms": 35322.75, "verified": true, "status": "forwarded_no_ack", "mode": "direct"}
{"ts": "2026-06-22T19:17:33.197232+00:00", "level": "metric", "event": "chunk_ack", "role": "benchmark", "region": "eastus", "seq_num": 184, "rtt_ms": 35513.48, "verified": true, "status": "forwarded_no_ack", "mode": "direct"}
{"ts": "2026-06-22T19:17:33.388462+00:00", "level": "metric", "event": "chunk_ack", "role": "benchmark", "region": "eastus", "seq_num": 185, "rtt_ms": 35704.63, "verified": true, "status": "forwarded_no_ack", "mode": "direct"}
{"ts": "2026-06-22T19:17:33.580038+00:00", "level": "metric", "event": "chunk_ack", "role": "benchmark", "region": "eastus", "seq_num": 186, "rtt_ms": 35895.12, "verified": true, "status": "forwarded_no_ack", "mode": "direct"}
{"ts": "2026-06-22T19:17:33.771064+00:00", "level": "metric", "event": "chunk_ack", "role": "benchmark", "region": "eastus", "seq_num": 187, "rtt_ms": 36085.57, "verified": true, "status": "forwarded_no_ack", "mode": "direct"}
{"ts": "2026-06-22T19:17:33.963471+00:00", "level": "metric", "event": "chunk_ack", "role": "benchmark", "region": "eastus", "seq_num": 188, "rtt_ms": 36276.33, "verified": true, "status": "forwarded_no_ack", "mode": "direct"}
{"ts": "2026-06-22T19:17:34.154503+00:00", "level": "metric", "event": "chunk_ack", "role": "benchmark", "region": "eastus", "seq_num": 189, "rtt_ms": 36467.53, "verified": true, "status": "forwarded_no_ack", "mode": "direct"}
{"ts": "2026-06-22T19:17:34.345325+00:00", "level": "metric", "event": "chunk_ack", "role": "benchmark", "region": "eastus", "seq_num": 190, "rtt_ms": 36657.83, "verified": true, "status": "forwarded_no_ack", "mode": "direct"}
{"ts": "2026-06-22T19:17:34.537307+00:00", "level": "metric", "event": "chunk_ack", "role": "benchmark", "region": "eastus", "seq_num": 191, "rtt_ms": 36848.09, "verified": true, "status": "forwarded_no_ack", "mode": "direct"}
{"ts": "2026-06-22T19:17:34.728987+00:00", "level": "metric", "event": "chunk_ack", "role": "benchmark", "region": "eastus", "seq_num": 192, "rtt_ms": 37039.32, "verified": true, "status": "forwarded_no_ack", "mode": "direct"}
{"ts": "2026-06-22T19:17:34.921042+00:00", "level": "metric", "event": "chunk_ack", "role": "benchmark", "region": "eastus", "seq_num": 193, "rtt_ms": 37230.46, "verified": true, "status": "forwarded_no_ack", "mode": "direct"}
{"ts": "2026-06-22T19:17:35.112347+00:00", "level": "metric", "event": "chunk_ack", "role": "benchmark", "region": "eastus", "seq_num": 194, "rtt_ms": 37421.71, "verified": true, "status": "forwarded_no_ack", "mode": "direct"}
{"ts": "2026-06-22T19:17:35.313419+00:00", "level": "metric", "event": "chunk_ack", "role": "benchmark", "region": "eastus", "seq_num": 195, "rtt_ms": 37612.15, "verified": true, "status": "forwarded_no_ack", "mode": "direct"}
{"ts": "2026-06-22T19:17:35.504737+00:00", "level": "metric", "event": "chunk_ack", "role": "benchmark", "region": "eastus", "seq_num": 196, "rtt_ms": 37812.59, "verified": true, "status": "forwarded_no_ack", "mode": "direct"}
{"ts": "2026-06-22T19:17:35.696089+00:00", "level": "metric", "event": "chunk_ack", "role": "benchmark", "region": "eastus", "seq_num": 197, "rtt_ms": 38003.48, "verified": true, "status": "forwarded_no_ack", "mode": "direct"}
{"ts": "2026-06-22T19:17:35.889343+00:00", "level": "metric", "event": "chunk_ack", "role": "benchmark", "region": "eastus", "seq_num": 198, "rtt_ms": 38194.23, "verified": true, "status": "forwarded_no_ack", "mode": "direct"}
{"ts": "2026-06-22T19:17:36.080944+00:00", "level": "metric", "event": "chunk_ack", "role": "benchmark", "region": "eastus", "seq_num": 199, "rtt_ms": 38386.84, "verified": true, "status": "forwarded_no_ack", "mode": "direct"}
{"ts": "2026-06-22T19:17:36.271570+00:00", "level": "metric", "event": "chunk_ack", "role": "benchmark", "region": "eastus", "seq_num": 200, "rtt_ms": 38577.31, "verified": true, "status": "forwarded_no_ack", "mode": "direct"}
{"ts": "2026-06-22T19:17:36.463063+00:00", "level": "metric", "event": "chunk_ack", "role": "benchmark", "region": "eastus", "seq_num": 201, "rtt_ms": 38768.21, "verified": true, "status": "forwarded_no_ack", "mode": "direct"}
{"ts": "2026-06-22T19:17:36.654153+00:00", "level": "metric", "event": "chunk_ack", "role": "benchmark", "region": "eastus", "seq_num": 202, "rtt_ms": 38958.14, "verified": true, "status": "forwarded_no_ack", "mode": "direct"}
{"ts": "2026-06-22T19:17:36.845771+00:00", "level": "metric", "event": "chunk_ack", "role": "benchmark", "region": "eastus", "seq_num": 203, "rtt_ms": 39148.52, "verified": true, "status": "forwarded_no_ack", "mode": "direct"}
{"ts": "2026-06-22T19:17:37.037517+00:00", "level": "metric", "event": "chunk_ack", "role": "benchmark", "region": "eastus", "seq_num": 204, "rtt_ms": 39339.41, "verified": true, "status": "forwarded_no_ack", "mode": "direct"}
{"ts": "2026-06-22T19:17:37.232826+00:00", "level": "info", "event": "mode_complete", "role": "benchmark", "region": "eastus", "mode": "direct", "avg_rtt_ms": 20150.913, "p99_rtt_ms": 38958.139, "throughput_mbps": 0.021, "verified_pct": 100.0}
{"ts": "2026-06-22T19:17:37.233123+00:00", "level": "info", "event": "mode_started", "role": "benchmark", "region": "eastus", "mode": "isolation"}
{"ts": "2026-06-22T19:17:38.935754+00:00", "level": "metric", "event": "chunk_ack", "role": "benchmark", "region": "eastus", "seq_num": 0, "rtt_ms": 240.44, "verified": true, "status": "forwarded_no_ack", "mode": "isolation"}
{"ts": "2026-06-22T19:17:39.082972+00:00", "level": "metric", "event": "chunk_ack", "role": "benchmark", "region": "eastus", "seq_num": 1, "rtt_ms": 297.01, "verified": true, "status": "forwarded_no_ack", "mode": "isolation"}
{"ts": "2026-06-22T19:17:39.229964+00:00", "level": "metric", "event": "chunk_ack", "role": "benchmark", "region": "eastus", "seq_num": 2, "rtt_ms": 443.18, "verified": true, "status": "forwarded_no_ack", "mode": "isolation"}
{"ts": "2026-06-22T19:17:39.383800+00:00", "level": "metric", "event": "chunk_ack", "role": "benchmark", "region": "eastus", "seq_num": 3, "rtt_ms": 596.21, "verified": true, "status": "forwarded_no_ack", "mode": "isolation"}
{"ts": "2026-06-22T19:17:39.533569+00:00", "level": "metric", "event": "chunk_ack", "role": "benchmark", "region": "eastus", "seq_num": 4, "rtt_ms": 745.23, "verified": true, "status": "forwarded_no_ack", "mode": "isolation"}
{"ts": "2026-06-22T19:17:39.872124+00:00", "level": "metric", "event": "chunk_ack", "role": "benchmark", "region": "eastus", "seq_num": 5, "rtt_ms": 892.25, "verified": true, "status": "forwarded_no_ack", "mode": "isolation"}
{"ts": "2026-06-22T19:17:40.063045+00:00", "level": "metric", "event": "chunk_ack", "role": "benchmark", "region": "eastus", "seq_num": 6, "rtt_ms": 1082.75, "verified": true, "status": "forwarded_no_ack", "mode": "isolation"}
{"ts": "2026-06-22T19:17:40.258362+00:00", "level": "metric", "event": "chunk_ack", "role": "benchmark", "region": "eastus", "seq_num": 7, "rtt_ms": 1272.8, "verified": true, "status": "forwarded_no_ack", "mode": "isolation"}
{"ts": "2026-06-22T19:17:40.462705+00:00", "level": "metric", "event": "chunk_ack", "role": "benchmark", "region": "eastus", "seq_num": 8, "rtt_ms": 1467.16, "verified": true, "status": "forwarded_no_ack", "mode": "isolation"}
{"ts": "2026-06-22T19:17:40.654313+00:00", "level": "metric", "event": "chunk_ack", "role": "benchmark", "region": "eastus", "seq_num": 9, "rtt_ms": 1671.43, "verified": true, "status": "forwarded_no_ack", "mode": "isolation"}
{"ts": "2026-06-22T19:17:40.844839+00:00", "level": "metric", "event": "chunk_ack", "role": "benchmark", "region": "eastus", "seq_num": 10, "rtt_ms": 1861.35, "verified": true, "status": "forwarded_no_ack", "mode": "isolation"}
{"ts": "2026-06-22T19:17:41.036527+00:00", "level": "metric", "event": "chunk_ack", "role": "benchmark", "region": "eastus", "seq_num": 11, "rtt_ms": 2051.07, "verified": true, "status": "forwarded_no_ack", "mode": "isolation"}
{"ts": "2026-06-22T19:17:41.227457+00:00", "level": "metric", "event": "chunk_ack", "role": "benchmark", "region": "eastus", "seq_num": 12, "rtt_ms": 2241.96, "verified": true, "status": "forwarded_no_ack", "mode": "isolation"}
{"ts": "2026-06-22T19:17:41.418371+00:00", "level": "metric", "event": "chunk_ack", "role": "benchmark", "region": "eastus", "seq_num": 13, "rtt_ms": 2432.31, "verified": true, "status": "forwarded_no_ack", "mode": "isolation"}
{"ts": "2026-06-22T19:17:41.609912+00:00", "level": "metric", "event": "chunk_ack", "role": "benchmark", "region": "eastus", "seq_num": 14, "rtt_ms": 2622.6, "verified": true, "status": "forwarded_no_ack", "mode": "isolation"}
{"ts": "2026-06-22T19:17:41.801034+00:00", "level": "metric", "event": "chunk_ack", "role": "benchmark", "region": "eastus", "seq_num": 15, "rtt_ms": 2813.27, "verified": true, "status": "forwarded_no_ack", "mode": "isolation"}
{"ts": "2026-06-22T19:17:41.993302+00:00", "level": "metric", "event": "chunk_ack", "role": "benchmark", "region": "eastus", "seq_num": 16, "rtt_ms": 3003.57, "verified": true, "status": "forwarded_no_ack", "mode": "isolation"}
{"ts": "2026-06-22T19:17:42.184107+00:00", "level": "metric", "event": "chunk_ack", "role": "benchmark", "region": "eastus", "seq_num": 17, "rtt_ms": 3195.02, "verified": true, "status": "forwarded_no_ack", "mode": "isolation"}
{"ts": "2026-06-22T19:17:42.375180+00:00", "level": "metric", "event": "chunk_ack", "role": "benchmark", "region": "eastus", "seq_num": 18, "rtt_ms": 3385.06, "verified": true, "status": "forwarded_no_ack", "mode": "isolation"}
{"ts": "2026-06-22T19:17:42.565872+00:00", "level": "metric", "event": "chunk_ack", "role": "benchmark", "region": "eastus", "seq_num": 19, "rtt_ms": 3575.36, "verified": true, "status": "forwarded_no_ack", "mode": "isolation"}
{"ts": "2026-06-22T19:17:42.759190+00:00", "level": "metric", "event": "chunk_ack", "role": "benchmark", "region": "eastus", "seq_num": 20, "rtt_ms": 3764.9, "verified": true, "status": "forwarded_no_ack", "mode": "isolation"}
{"ts": "2026-06-22T19:17:42.951248+00:00", "level": "metric", "event": "chunk_ack", "role": "benchmark", "region": "eastus", "seq_num": 21, "rtt_ms": 3957.55, "verified": true, "status": "forwarded_no_ack", "mode": "isolation"}
{"ts": "2026-06-22T19:17:43.142970+00:00", "level": "metric", "event": "chunk_ack", "role": "benchmark", "region": "eastus", "seq_num": 22, "rtt_ms": 4148.82, "verified": true, "status": "forwarded_no_ack", "mode": "isolation"}
{"ts": "2026-06-22T19:17:43.334755+00:00", "level": "metric", "event": "chunk_ack", "role": "benchmark", "region": "eastus", "seq_num": 23, "rtt_ms": 4340.35, "verified": true, "status": "forwarded_no_ack", "mode": "isolation"}
{"ts": "2026-06-22T19:17:43.525739+00:00", "level": "metric", "event": "chunk_ack", "role": "benchmark", "region": "eastus", "seq_num": 24, "rtt_ms": 4530.37, "verified": true, "status": "forwarded_no_ack", "mode": "isolation"}
{"ts": "2026-06-22T19:17:43.717895+00:00", "level": "metric", "event": "chunk_ack", "role": "benchmark", "region": "eastus", "seq_num": 25, "rtt_ms": 4720.59, "verified": true, "status": "forwarded_no_ack", "mode": "isolation"}
{"ts": "2026-06-22T19:17:43.909346+00:00", "level": "metric", "event": "chunk_ack", "role": "benchmark", "region": "eastus", "seq_num": 26, "rtt_ms": 4912.01, "verified": true, "status": "forwarded_no_ack", "mode": "isolation"}
{"ts": "2026-06-22T19:17:44.100583+00:00", "level": "metric", "event": "chunk_ack", "role": "benchmark", "region": "eastus", "seq_num": 27, "rtt_ms": 5102.69, "verified": true, "status": "forwarded_no_ack", "mode": "isolation"}
{"ts": "2026-06-22T19:17:44.291371+00:00", "level": "metric", "event": "chunk_ack", "role": "benchmark", "region": "eastus", "seq_num": 28, "rtt_ms": 5292.99, "verified": true, "status": "forwarded_no_ack", "mode": "isolation"}
{"ts": "2026-06-22T19:17:44.482480+00:00", "level": "metric", "event": "chunk_ack", "role": "benchmark", "region": "eastus", "seq_num": 29, "rtt_ms": 5483.09, "verified": true, "status": "forwarded_no_ack", "mode": "isolation"}
{"ts": "2026-06-22T19:17:44.673010+00:00", "level": "metric", "event": "chunk_ack", "role": "benchmark", "region": "eastus", "seq_num": 30, "rtt_ms": 5673.04, "verified": true, "status": "forwarded_no_ack", "mode": "isolation"}
{"ts": "2026-06-22T19:17:44.864140+00:00", "level": "metric", "event": "chunk_ack", "role": "benchmark", "region": "eastus", "seq_num": 31, "rtt_ms": 5863.09, "verified": true, "status": "forwarded_no_ack", "mode": "isolation"}
{"ts": "2026-06-22T19:17:45.055423+00:00", "level": "metric", "event": "chunk_ack", "role": "benchmark", "region": "eastus", "seq_num": 32, "rtt_ms": 6053.55, "verified": true, "status": "forwarded_no_ack", "mode": "isolation"}
{"ts": "2026-06-22T19:17:45.248137+00:00", "level": "metric", "event": "chunk_ack", "role": "benchmark", "region": "eastus", "seq_num": 33, "rtt_ms": 6244.05, "verified": true, "status": "forwarded_no_ack", "mode": "isolation"}
{"ts": "2026-06-22T19:17:45.439537+00:00", "level": "metric", "event": "chunk_ack", "role": "benchmark", "region": "eastus", "seq_num": 34, "rtt_ms": 6435.97, "verified": true, "status": "forwarded_no_ack", "mode": "isolation"}
{"ts": "2026-06-22T19:17:45.630673+00:00", "level": "metric", "event": "chunk_ack", "role": "benchmark", "region": "eastus", "seq_num": 35, "rtt_ms": 6626.57, "verified": true, "status": "forwarded_no_ack", "mode": "isolation"}
{"ts": "2026-06-22T19:17:45.822101+00:00", "level": "metric", "event": "chunk_ack", "role": "benchmark", "region": "eastus", "seq_num": 36, "rtt_ms": 6816.97, "verified": true, "status": "forwarded_no_ack", "mode": "isolation"}
{"ts": "2026-06-22T19:17:46.013080+00:00", "level": "metric", "event": "chunk_ack", "role": "benchmark", "region": "eastus", "seq_num": 37, "rtt_ms": 7007.34, "verified": true, "status": "forwarded_no_ack", "mode": "isolation"}
{"ts": "2026-06-22T19:17:46.203963+00:00", "level": "metric", "event": "chunk_ack", "role": "benchmark", "region": "eastus", "seq_num": 38, "rtt_ms": 7197.44, "verified": true, "status": "forwarded_no_ack", "mode": "isolation"}
{"ts": "2026-06-22T19:17:46.395283+00:00", "level": "metric", "event": "chunk_ack", "role": "benchmark", "region": "eastus", "seq_num": 39, "rtt_ms": 7387.81, "verified": true, "status": "forwarded_no_ack", "mode": "isolation"}
{"ts": "2026-06-22T19:17:46.586022+00:00", "level": "metric", "event": "chunk_ack", "role": "benchmark", "region": "eastus", "seq_num": 40, "rtt_ms": 7578.15, "verified": true, "status": "forwarded_no_ack", "mode": "isolation"}
{"ts": "2026-06-22T19:17:46.777013+00:00", "level": "metric", "event": "chunk_ack", "role": "benchmark", "region": "eastus", "seq_num": 41, "rtt_ms": 7768.16, "verified": true, "status": "forwarded_no_ack", "mode": "isolation"}
{"ts": "2026-06-22T19:17:46.967855+00:00", "level": "metric", "event": "chunk_ack", "role": "benchmark", "region": "eastus", "seq_num": 42, "rtt_ms": 7958.6, "verified": true, "status": "forwarded_no_ack", "mode": "isolation"}
{"ts": "2026-06-22T19:17:47.158744+00:00", "level": "metric", "event": "chunk_ack", "role": "benchmark", "region": "eastus", "seq_num": 43, "rtt_ms": 8148.69, "verified": true, "status": "forwarded_no_ack", "mode": "isolation"}
{"ts": "2026-06-22T19:17:47.350519+00:00", "level": "metric", "event": "chunk_ack", "role": "benchmark", "region": "eastus", "seq_num": 44, "rtt_ms": 8338.04, "verified": true, "status": "forwarded_no_ack", "mode": "isolation"}
{"ts": "2026-06-22T19:17:47.541298+00:00", "level": "metric", "event": "chunk_ack", "role": "benchmark", "region": "eastus", "seq_num": 45, "rtt_ms": 8529.02, "verified": true, "status": "forwarded_no_ack", "mode": "isolation"}
{"ts": "2026-06-22T19:17:47.732813+00:00", "level": "metric", "event": "chunk_ack", "role": "benchmark", "region": "eastus", "seq_num": 46, "rtt_ms": 8719.03, "verified": true, "status": "forwarded_no_ack", "mode": "isolation"}
{"ts": "2026-06-22T19:17:47.923512+00:00", "level": "metric", "event": "chunk_ack", "role": "benchmark", "region": "eastus", "seq_num": 47, "rtt_ms": 8909.74, "verified": true, "status": "forwarded_no_ack", "mode": "isolation"}
{"ts": "2026-06-22T19:17:48.114929+00:00", "level": "metric", "event": "chunk_ack", "role": "benchmark", "region": "eastus", "seq_num": 48, "rtt_ms": 9099.65, "verified": true, "status": "forwarded_no_ack", "mode": "isolation"}
{"ts": "2026-06-22T19:17:48.305991+00:00", "level": "metric", "event": "chunk_ack", "role": "benchmark", "region": "eastus", "seq_num": 49, "rtt_ms": 9290.53, "verified": true, "status": "forwarded_no_ack", "mode": "isolation"}
{"ts": "2026-06-22T19:17:48.498410+00:00", "level": "metric", "event": "chunk_ack", "role": "benchmark", "region": "eastus", "seq_num": 50, "rtt_ms": 9480.86, "verified": true, "status": "forwarded_no_ack", "mode": "isolation"}
{"ts": "2026-06-22T19:17:48.689415+00:00", "level": "metric", "event": "chunk_ack", "role": "benchmark", "region": "eastus", "seq_num": 51, "rtt_ms": 9672.2, "verified": true, "status": "forwarded_no_ack", "mode": "isolation"}
{"ts": "2026-06-22T19:17:48.880116+00:00", "level": "metric", "event": "chunk_ack", "role": "benchmark", "region": "eastus", "seq_num": 52, "rtt_ms": 9862.33, "verified": true, "status": "forwarded_no_ack", "mode": "isolation"}
{"ts": "2026-06-22T19:17:49.071909+00:00", "level": "metric", "event": "chunk_ack", "role": "benchmark", "region": "eastus", "seq_num": 53, "rtt_ms": 10052.65, "verified": true, "status": "forwarded_no_ack", "mode": "isolation"}
{"ts": "2026-06-22T19:17:49.263173+00:00", "level": "metric", "event": "chunk_ack", "role": "benchmark", "region": "eastus", "seq_num": 54, "rtt_ms": 10243.52, "verified": true, "status": "forwarded_no_ack", "mode": "isolation"}
{"ts": "2026-06-22T19:17:49.454935+00:00", "level": "metric", "event": "chunk_ack", "role": "benchmark", "region": "eastus", "seq_num": 55, "rtt_ms": 10433.9, "verified": true, "status": "forwarded_no_ack", "mode": "isolation"}
{"ts": "2026-06-22T19:17:49.645862+00:00", "level": "metric", "event": "chunk_ack", "role": "benchmark", "region": "eastus", "seq_num": 56, "rtt_ms": 10624.73, "verified": true, "status": "forwarded_no_ack", "mode": "isolation"}
{"ts": "2026-06-22T19:17:49.836857+00:00", "level": "metric", "event": "chunk_ack", "role": "benchmark", "region": "eastus", "seq_num": 57, "rtt_ms": 10814.95, "verified": true, "status": "forwarded_no_ack", "mode": "isolation"}
{"ts": "2026-06-22T19:17:50.028631+00:00", "level": "metric", "event": "chunk_ack", "role": "benchmark", "region": "eastus", "seq_num": 58, "rtt_ms": 11005.09, "verified": true, "status": "forwarded_no_ack", "mode": "isolation"}
{"ts": "2026-06-22T19:17:50.219505+00:00", "level": "metric", "event": "chunk_ack", "role": "benchmark", "region": "eastus", "seq_num": 59, "rtt_ms": 11196.08, "verified": true, "status": "forwarded_no_ack", "mode": "isolation"}
{"ts": "2026-06-22T19:17:50.410451+00:00", "level": "metric", "event": "chunk_ack", "role": "benchmark", "region": "eastus", "seq_num": 60, "rtt_ms": 11386.44, "verified": true, "status": "forwarded_no_ack", "mode": "isolation"}
{"ts": "2026-06-22T19:17:50.603602+00:00", "level": "metric", "event": "chunk_ack", "role": "benchmark", "region": "eastus", "seq_num": 61, "rtt_ms": 11576.72, "verified": true, "status": "forwarded_no_ack", "mode": "isolation"}
{"ts": "2026-06-22T19:17:50.794351+00:00", "level": "metric", "event": "chunk_ack", "role": "benchmark", "region": "eastus", "seq_num": 62, "rtt_ms": 11769.01, "verified": true, "status": "forwarded_no_ack", "mode": "isolation"}
{"ts": "2026-06-22T19:17:50.985521+00:00", "level": "metric", "event": "chunk_ack", "role": "benchmark", "region": "eastus", "seq_num": 63, "rtt_ms": 11958.9, "verified": true, "status": "forwarded_no_ack", "mode": "isolation"}
{"ts": "2026-06-22T19:17:51.177181+00:00", "level": "metric", "event": "chunk_ack", "role": "benchmark", "region": "eastus", "seq_num": 64, "rtt_ms": 12149.25, "verified": true, "status": "forwarded_no_ack", "mode": "isolation"}
{"ts": "2026-06-22T19:17:51.383954+00:00", "level": "metric", "event": "chunk_ack", "role": "benchmark", "region": "eastus", "seq_num": 65, "rtt_ms": 12339.81, "verified": true, "status": "forwarded_no_ack", "mode": "isolation"}
{"ts": "2026-06-22T19:17:51.575455+00:00", "level": "metric", "event": "chunk_ack", "role": "benchmark", "region": "eastus", "seq_num": 66, "rtt_ms": 12546.1, "verified": true, "status": "forwarded_no_ack", "mode": "isolation"}
{"ts": "2026-06-22T19:17:51.767400+00:00", "level": "metric", "event": "chunk_ack", "role": "benchmark", "region": "eastus", "seq_num": 67, "rtt_ms": 12737.24, "verified": true, "status": "forwarded_no_ack", "mode": "isolation"}
{"ts": "2026-06-22T19:17:51.958399+00:00", "level": "metric", "event": "chunk_ack", "role": "benchmark", "region": "eastus", "seq_num": 68, "rtt_ms": 12928.04, "verified": true, "status": "forwarded_no_ack", "mode": "isolation"}
{"ts": "2026-06-22T19:17:52.149408+00:00", "level": "metric", "event": "chunk_ack", "role": "benchmark", "region": "eastus", "seq_num": 69, "rtt_ms": 13118.22, "verified": true, "status": "forwarded_no_ack", "mode": "isolation"}
{"ts": "2026-06-22T19:17:52.342426+00:00", "level": "metric", "event": "chunk_ack", "role": "benchmark", "region": "eastus", "seq_num": 70, "rtt_ms": 13308.63, "verified": true, "status": "forwarded_no_ack", "mode": "isolation"}
{"ts": "2026-06-22T19:17:52.533346+00:00", "level": "metric", "event": "chunk_ack", "role": "benchmark", "region": "eastus", "seq_num": 71, "rtt_ms": 13500.48, "verified": true, "status": "forwarded_no_ack", "mode": "isolation"}
{"ts": "2026-06-22T19:17:52.725322+00:00", "level": "metric", "event": "chunk_ack", "role": "benchmark", "region": "eastus", "seq_num": 72, "rtt_ms": 13690.67, "verified": true, "status": "forwarded_no_ack", "mode": "isolation"}
{"ts": "2026-06-22T19:17:52.916055+00:00", "level": "metric", "event": "chunk_ack", "role": "benchmark", "region": "eastus", "seq_num": 73, "rtt_ms": 13881.75, "verified": true, "status": "forwarded_no_ack", "mode": "isolation"}
{"ts": "2026-06-22T19:17:53.107921+00:00", "level": "metric", "event": "chunk_ack", "role": "benchmark", "region": "eastus", "seq_num": 74, "rtt_ms": 14072.12, "verified": true, "status": "forwarded_no_ack", "mode": "isolation"}
{"ts": "2026-06-22T19:17:53.299483+00:00", "level": "metric", "event": "chunk_ack", "role": "benchmark", "region": "eastus", "seq_num": 75, "rtt_ms": 14262.85, "verified": true, "status": "forwarded_no_ack", "mode": "isolation"}
{"ts": "2026-06-22T19:17:53.491500+00:00", "level": "metric", "event": "chunk_ack", "role": "benchmark", "region": "eastus", "seq_num": 76, "rtt_ms": 14453.62, "verified": true, "status": "forwarded_no_ack", "mode": "isolation"}
{"ts": "2026-06-22T19:17:53.682918+00:00", "level": "metric", "event": "chunk_ack", "role": "benchmark", "region": "eastus", "seq_num": 77, "rtt_ms": 14645.2, "verified": true, "status": "forwarded_no_ack", "mode": "isolation"}
{"ts": "2026-06-22T19:17:53.874415+00:00", "level": "metric", "event": "chunk_ack", "role": "benchmark", "region": "eastus", "seq_num": 78, "rtt_ms": 14835.87, "verified": true, "status": "forwarded_no_ack", "mode": "isolation"}
{"ts": "2026-06-22T19:17:54.065488+00:00", "level": "metric", "event": "chunk_ack", "role": "benchmark", "region": "eastus", "seq_num": 79, "rtt_ms": 15026.55, "verified": true, "status": "forwarded_no_ack", "mode": "isolation"}
{"ts": "2026-06-22T19:17:54.257604+00:00", "level": "metric", "event": "chunk_ack", "role": "benchmark", "region": "eastus", "seq_num": 80, "rtt_ms": 15216.83, "verified": true, "status": "forwarded_no_ack", "mode": "isolation"}
{"ts": "2026-06-22T19:17:54.448413+00:00", "level": "metric", "event": "chunk_ack", "role": "benchmark", "region": "eastus", "seq_num": 81, "rtt_ms": 15407.87, "verified": true, "status": "forwarded_no_ack", "mode": "isolation"}
{"ts": "2026-06-22T19:17:54.639618+00:00", "level": "metric", "event": "chunk_ack", "role": "benchmark", "region": "eastus", "seq_num": 82, "rtt_ms": 15598.26, "verified": true, "status": "forwarded_no_ack", "mode": "isolation"}
{"ts": "2026-06-22T19:17:54.830857+00:00", "level": "metric", "event": "chunk_ack", "role": "benchmark", "region": "eastus", "seq_num": 83, "rtt_ms": 15788.67, "verified": true, "status": "forwarded_no_ack", "mode": "isolation"}
{"ts": "2026-06-22T19:17:55.021666+00:00", "level": "metric", "event": "chunk_ack", "role": "benchmark", "region": "eastus", "seq_num": 84, "rtt_ms": 15978.73, "verified": true, "status": "forwarded_no_ack", "mode": "isolation"}
{"ts": "2026-06-22T19:17:55.212927+00:00", "level": "metric", "event": "chunk_ack", "role": "benchmark", "region": "eastus", "seq_num": 85, "rtt_ms": 16168.8, "verified": true, "status": "forwarded_no_ack", "mode": "isolation"}
{"ts": "2026-06-22T19:17:55.403900+00:00", "level": "metric", "event": "chunk_ack", "role": "benchmark", "region": "eastus", "seq_num": 86, "rtt_ms": 16359.49, "verified": true, "status": "forwarded_no_ack", "mode": "isolation"}
{"ts": "2026-06-22T19:17:55.594961+00:00", "level": "metric", "event": "chunk_ack", "role": "benchmark", "region": "eastus", "seq_num": 87, "rtt_ms": 16549.38, "verified": true, "status": "forwarded_no_ack", "mode": "isolation"}
{"ts": "2026-06-22T19:17:55.785959+00:00", "level": "metric", "event": "chunk_ack", "role": "benchmark", "region": "eastus", "seq_num": 88, "rtt_ms": 16739.93, "verified": true, "status": "forwarded_no_ack", "mode": "isolation"}
{"ts": "2026-06-22T19:17:55.977210+00:00", "level": "metric", "event": "chunk_ack", "role": "benchmark", "region": "eastus", "seq_num": 89, "rtt_ms": 16930.09, "verified": true, "status": "forwarded_no_ack", "mode": "isolation"}
{"ts": "2026-06-22T19:17:56.168556+00:00", "level": "metric", "event": "chunk_ack", "role": "benchmark", "region": "eastus", "seq_num": 90, "rtt_ms": 17120.73, "verified": true, "status": "forwarded_no_ack", "mode": "isolation"}
{"ts": "2026-06-22T19:17:56.359404+00:00", "level": "metric", "event": "chunk_ack", "role": "benchmark", "region": "eastus", "seq_num": 91, "rtt_ms": 17310.79, "verified": true, "status": "forwarded_no_ack", "mode": "isolation"}
{"ts": "2026-06-22T19:17:56.550322+00:00", "level": "metric", "event": "chunk_ack", "role": "benchmark", "region": "eastus", "seq_num": 92, "rtt_ms": 17500.82, "verified": true, "status": "forwarded_no_ack", "mode": "isolation"}
{"ts": "2026-06-22T19:17:56.741206+00:00", "level": "metric", "event": "chunk_ack", "role": "benchmark", "region": "eastus", "seq_num": 93, "rtt_ms": 17691.0, "verified": true, "status": "forwarded_no_ack", "mode": "isolation"}
{"ts": "2026-06-22T19:17:56.932141+00:00", "level": "metric", "event": "chunk_ack", "role": "benchmark", "region": "eastus", "seq_num": 94, "rtt_ms": 17881.35, "verified": true, "status": "forwarded_no_ack", "mode": "isolation"}
{"ts": "2026-06-22T19:17:57.123494+00:00", "level": "metric", "event": "chunk_ack", "role": "benchmark", "region": "eastus", "seq_num": 95, "rtt_ms": 18071.6, "verified": true, "status": "forwarded_no_ack", "mode": "isolation"}
{"ts": "2026-06-22T19:17:57.314238+00:00", "level": "metric", "event": "chunk_ack", "role": "benchmark", "region": "eastus", "seq_num": 96, "rtt_ms": 18261.77, "verified": true, "status": "forwarded_no_ack", "mode": "isolation"}
{"ts": "2026-06-22T19:17:57.506920+00:00", "level": "metric", "event": "chunk_ack", "role": "benchmark", "region": "eastus", "seq_num": 97, "rtt_ms": 18452.08, "verified": true, "status": "forwarded_no_ack", "mode": "isolation"}
{"ts": "2026-06-22T19:17:57.698110+00:00", "level": "metric", "event": "chunk_ack", "role": "benchmark", "region": "eastus", "seq_num": 98, "rtt_ms": 18643.96, "verified": true, "status": "forwarded_no_ack", "mode": "isolation"}
{"ts": "2026-06-22T19:17:57.889319+00:00", "level": "metric", "event": "chunk_ack", "role": "benchmark", "region": "eastus", "seq_num": 99, "rtt_ms": 18834.36, "verified": true, "status": "forwarded_no_ack", "mode": "isolation"}
{"ts": "2026-06-22T19:17:58.080719+00:00", "level": "metric", "event": "chunk_ack", "role": "benchmark", "region": "eastus", "seq_num": 100, "rtt_ms": 19024.78, "verified": true, "status": "forwarded_no_ack", "mode": "isolation"}
{"ts": "2026-06-22T19:17:58.272150+00:00", "level": "metric", "event": "chunk_ack", "role": "benchmark", "region": "eastus", "seq_num": 101, "rtt_ms": 19215.61, "verified": true, "status": "forwarded_no_ack", "mode": "isolation"}
{"ts": "2026-06-22T19:17:58.546461+00:00", "level": "metric", "event": "chunk_ack", "role": "benchmark", "region": "eastus", "seq_num": 102, "rtt_ms": 19405.91, "verified": true, "status": "forwarded_no_ack", "mode": "isolation"}
{"ts": "2026-06-22T19:17:58.737455+00:00", "level": "metric", "event": "chunk_ack", "role": "benchmark", "region": "eastus", "seq_num": 103, "rtt_ms": 19679.48, "verified": true, "status": "forwarded_no_ack", "mode": "isolation"}
{"ts": "2026-06-22T19:17:58.928459+00:00", "level": "metric", "event": "chunk_ack", "role": "benchmark", "region": "eastus", "seq_num": 104, "rtt_ms": 19869.73, "verified": true, "status": "forwarded_no_ack", "mode": "isolation"}
{"ts": "2026-06-22T19:17:59.120310+00:00", "level": "metric", "event": "chunk_ack", "role": "benchmark", "region": "eastus", "seq_num": 105, "rtt_ms": 20059.9, "verified": true, "status": "forwarded_no_ack", "mode": "isolation"}
{"ts": "2026-06-22T19:17:59.311313+00:00", "level": "metric", "event": "chunk_ack", "role": "benchmark", "region": "eastus", "seq_num": 106, "rtt_ms": 20250.96, "verified": true, "status": "forwarded_no_ack", "mode": "isolation"}
{"ts": "2026-06-22T19:17:59.502540+00:00", "level": "metric", "event": "chunk_ack", "role": "benchmark", "region": "eastus", "seq_num": 107, "rtt_ms": 20441.33, "verified": true, "status": "forwarded_no_ack", "mode": "isolation"}
{"ts": "2026-06-22T19:17:59.693854+00:00", "level": "metric", "event": "chunk_ack", "role": "benchmark", "region": "eastus", "seq_num": 108, "rtt_ms": 20631.64, "verified": true, "status": "forwarded_no_ack", "mode": "isolation"}
{"ts": "2026-06-22T19:17:59.889203+00:00", "level": "metric", "event": "chunk_ack", "role": "benchmark", "region": "eastus", "seq_num": 109, "rtt_ms": 20821.97, "verified": true, "status": "forwarded_no_ack", "mode": "isolation"}
{"ts": "2026-06-22T19:18:00.080493+00:00", "level": "metric", "event": "chunk_ack", "role": "benchmark", "region": "eastus", "seq_num": 110, "rtt_ms": 21016.88, "verified": true, "status": "forwarded_no_ack", "mode": "isolation"}
{"ts": "2026-06-22T19:18:00.271239+00:00", "level": "metric", "event": "chunk_ack", "role": "benchmark", "region": "eastus", "seq_num": 111, "rtt_ms": 21206.91, "verified": true, "status": "forwarded_no_ack", "mode": "isolation"}
{"ts": "2026-06-22T19:18:00.462262+00:00", "level": "metric", "event": "chunk_ack", "role": "benchmark", "region": "eastus", "seq_num": 112, "rtt_ms": 21397.21, "verified": true, "status": "forwarded_no_ack", "mode": "isolation"}
{"ts": "2026-06-22T19:18:00.653140+00:00", "level": "metric", "event": "chunk_ack", "role": "benchmark", "region": "eastus", "seq_num": 113, "rtt_ms": 21587.52, "verified": true, "status": "forwarded_no_ack", "mode": "isolation"}
{"ts": "2026-06-22T19:18:00.844910+00:00", "level": "metric", "event": "chunk_ack", "role": "benchmark", "region": "eastus", "seq_num": 114, "rtt_ms": 21777.63, "verified": true, "status": "forwarded_no_ack", "mode": "isolation"}
{"ts": "2026-06-22T19:18:01.035964+00:00", "level": "metric", "event": "chunk_ack", "role": "benchmark", "region": "eastus", "seq_num": 115, "rtt_ms": 21968.63, "verified": true, "status": "forwarded_no_ack", "mode": "isolation"}
{"ts": "2026-06-22T19:18:01.226854+00:00", "level": "metric", "event": "chunk_ack", "role": "benchmark", "region": "eastus", "seq_num": 116, "rtt_ms": 22158.53, "verified": true, "status": "forwarded_no_ack", "mode": "isolation"}
{"ts": "2026-06-22T19:18:01.418087+00:00", "level": "metric", "event": "chunk_ack", "role": "benchmark", "region": "eastus", "seq_num": 117, "rtt_ms": 22349.03, "verified": true, "status": "forwarded_no_ack", "mode": "isolation"}
{"ts": "2026-06-22T19:18:01.609023+00:00", "level": "metric", "event": "chunk_ack", "role": "benchmark", "region": "eastus", "seq_num": 118, "rtt_ms": 22539.17, "verified": true, "status": "forwarded_no_ack", "mode": "isolation"}
{"ts": "2026-06-22T19:18:01.800753+00:00", "level": "metric", "event": "chunk_ack", "role": "benchmark", "region": "eastus", "seq_num": 119, "rtt_ms": 22729.59, "verified": true, "status": "forwarded_no_ack", "mode": "isolation"}
{"ts": "2026-06-22T19:18:01.992164+00:00", "level": "metric", "event": "chunk_ack", "role": "benchmark", "region": "eastus", "seq_num": 120, "rtt_ms": 22920.49, "verified": true, "status": "forwarded_no_ack", "mode": "isolation"}
{"ts": "2026-06-22T19:18:02.183487+00:00", "level": "metric", "event": "chunk_ack", "role": "benchmark", "region": "eastus", "seq_num": 121, "rtt_ms": 23111.19, "verified": true, "status": "forwarded_no_ack", "mode": "isolation"}
{"ts": "2026-06-22T19:18:02.375828+00:00", "level": "metric", "event": "chunk_ack", "role": "benchmark", "region": "eastus", "seq_num": 122, "rtt_ms": 23301.45, "verified": true, "status": "forwarded_no_ack", "mode": "isolation"}
{"ts": "2026-06-22T19:18:02.566422+00:00", "level": "metric", "event": "chunk_ack", "role": "benchmark", "region": "eastus", "seq_num": 123, "rtt_ms": 23492.92, "verified": true, "status": "forwarded_no_ack", "mode": "isolation"}
{"ts": "2026-06-22T19:18:02.757078+00:00", "level": "metric", "event": "chunk_ack", "role": "benchmark", "region": "eastus", "seq_num": 124, "rtt_ms": 23682.73, "verified": true, "status": "forwarded_no_ack", "mode": "isolation"}
{"ts": "2026-06-22T19:18:02.948059+00:00", "level": "metric", "event": "chunk_ack", "role": "benchmark", "region": "eastus", "seq_num": 125, "rtt_ms": 23872.85, "verified": true, "status": "forwarded_no_ack", "mode": "isolation"}
{"ts": "2026-06-22T19:18:03.139668+00:00", "level": "metric", "event": "chunk_ack", "role": "benchmark", "region": "eastus", "seq_num": 126, "rtt_ms": 24063.56, "verified": true, "status": "forwarded_no_ack", "mode": "isolation"}
{"ts": "2026-06-22T19:18:03.330927+00:00", "level": "metric", "event": "chunk_ack", "role": "benchmark", "region": "eastus", "seq_num": 127, "rtt_ms": 24253.65, "verified": true, "status": "forwarded_no_ack", "mode": "isolation"}
{"ts": "2026-06-22T19:18:03.522724+00:00", "level": "metric", "event": "chunk_ack", "role": "benchmark", "region": "eastus", "seq_num": 128, "rtt_ms": 24444.47, "verified": true, "status": "forwarded_no_ack", "mode": "isolation"}
{"ts": "2026-06-22T19:18:03.714458+00:00", "level": "metric", "event": "chunk_ack", "role": "benchmark", "region": "eastus", "seq_num": 129, "rtt_ms": 24635.26, "verified": true, "status": "forwarded_no_ack", "mode": "isolation"}
{"ts": "2026-06-22T19:18:03.905254+00:00", "level": "metric", "event": "chunk_ack", "role": "benchmark", "region": "eastus", "seq_num": 130, "rtt_ms": 24825.9, "verified": true, "status": "forwarded_no_ack", "mode": "isolation"}
{"ts": "2026-06-22T19:18:04.096950+00:00", "level": "metric", "event": "chunk_ack", "role": "benchmark", "region": "eastus", "seq_num": 131, "rtt_ms": 25016.41, "verified": true, "status": "forwarded_no_ack", "mode": "isolation"}
{"ts": "2026-06-22T19:18:04.288246+00:00", "level": "metric", "event": "chunk_ack", "role": "benchmark", "region": "eastus", "seq_num": 132, "rtt_ms": 25207.23, "verified": true, "status": "forwarded_no_ack", "mode": "isolation"}
{"ts": "2026-06-22T19:18:04.479551+00:00", "level": "metric", "event": "chunk_ack", "role": "benchmark", "region": "eastus", "seq_num": 133, "rtt_ms": 25397.73, "verified": true, "status": "forwarded_no_ack", "mode": "isolation"}
{"ts": "2026-06-22T19:18:04.671719+00:00", "level": "metric", "event": "chunk_ack", "role": "benchmark", "region": "eastus", "seq_num": 134, "rtt_ms": 25587.89, "verified": true, "status": "forwarded_no_ack", "mode": "isolation"}
{"ts": "2026-06-22T19:18:04.863550+00:00", "level": "metric", "event": "chunk_ack", "role": "benchmark", "region": "eastus", "seq_num": 135, "rtt_ms": 25779.55, "verified": true, "status": "forwarded_no_ack", "mode": "isolation"}
{"ts": "2026-06-22T19:18:05.054773+00:00", "level": "metric", "event": "chunk_ack", "role": "benchmark", "region": "eastus", "seq_num": 136, "rtt_ms": 25970.34, "verified": true, "status": "forwarded_no_ack", "mode": "isolation"}
{"ts": "2026-06-22T19:18:05.245904+00:00", "level": "metric", "event": "chunk_ack", "role": "benchmark", "region": "eastus", "seq_num": 137, "rtt_ms": 26160.59, "verified": true, "status": "forwarded_no_ack", "mode": "isolation"}
{"ts": "2026-06-22T19:18:05.437336+00:00", "level": "metric", "event": "chunk_ack", "role": "benchmark", "region": "eastus", "seq_num": 138, "rtt_ms": 26350.77, "verified": true, "status": "forwarded_no_ack", "mode": "isolation"}
{"ts": "2026-06-22T19:18:05.629966+00:00", "level": "metric", "event": "chunk_ack", "role": "benchmark", "region": "eastus", "seq_num": 139, "rtt_ms": 26540.63, "verified": true, "status": "forwarded_no_ack", "mode": "isolation"}
{"ts": "2026-06-22T19:18:05.822990+00:00", "level": "metric", "event": "chunk_ack", "role": "benchmark", "region": "eastus", "seq_num": 140, "rtt_ms": 26732.22, "verified": true, "status": "forwarded_no_ack", "mode": "isolation"}
{"ts": "2026-06-22T19:18:06.015712+00:00", "level": "metric", "event": "chunk_ack", "role": "benchmark", "region": "eastus", "seq_num": 141, "rtt_ms": 26923.33, "verified": true, "status": "forwarded_no_ack", "mode": "isolation"}
{"ts": "2026-06-22T19:18:06.210534+00:00", "level": "metric", "event": "chunk_ack", "role": "benchmark", "region": "eastus", "seq_num": 142, "rtt_ms": 27115.21, "verified": true, "status": "forwarded_no_ack", "mode": "isolation"}
{"ts": "2026-06-22T19:18:06.402059+00:00", "level": "metric", "event": "chunk_ack", "role": "benchmark", "region": "eastus", "seq_num": 143, "rtt_ms": 27308.83, "verified": true, "status": "forwarded_no_ack", "mode": "isolation"}
{"ts": "2026-06-22T19:18:06.594005+00:00", "level": "metric", "event": "chunk_ack", "role": "benchmark", "region": "eastus", "seq_num": 144, "rtt_ms": 27499.49, "verified": true, "status": "forwarded_no_ack", "mode": "isolation"}
{"ts": "2026-06-22T19:18:06.785224+00:00", "level": "metric", "event": "chunk_ack", "role": "benchmark", "region": "eastus", "seq_num": 145, "rtt_ms": 27689.65, "verified": true, "status": "forwarded_no_ack", "mode": "isolation"}
{"ts": "2026-06-22T19:18:06.976120+00:00", "level": "metric", "event": "chunk_ack", "role": "benchmark", "region": "eastus", "seq_num": 146, "rtt_ms": 27879.3, "verified": true, "status": "forwarded_no_ack", "mode": "isolation"}
{"ts": "2026-06-22T19:18:07.167051+00:00", "level": "metric", "event": "chunk_ack", "role": "benchmark", "region": "eastus", "seq_num": 147, "rtt_ms": 28069.28, "verified": true, "status": "forwarded_no_ack", "mode": "isolation"}
{"ts": "2026-06-22T19:18:07.358174+00:00", "level": "metric", "event": "chunk_ack", "role": "benchmark", "region": "eastus", "seq_num": 148, "rtt_ms": 28259.18, "verified": true, "status": "forwarded_no_ack", "mode": "isolation"}
{"ts": "2026-06-22T19:18:07.550343+00:00", "level": "metric", "event": "chunk_ack", "role": "benchmark", "region": "eastus", "seq_num": 149, "rtt_ms": 28449.93, "verified": true, "status": "forwarded_no_ack", "mode": "isolation"}
{"ts": "2026-06-22T19:18:07.741850+00:00", "level": "metric", "event": "chunk_ack", "role": "benchmark", "region": "eastus", "seq_num": 150, "rtt_ms": 28641.29, "verified": true, "status": "forwarded_no_ack", "mode": "isolation"}
{"ts": "2026-06-22T19:18:07.933494+00:00", "level": "metric", "event": "chunk_ack", "role": "benchmark", "region": "eastus", "seq_num": 151, "rtt_ms": 28831.88, "verified": true, "status": "forwarded_no_ack", "mode": "isolation"}
{"ts": "2026-06-22T19:18:08.124407+00:00", "level": "metric", "event": "chunk_ack", "role": "benchmark", "region": "eastus", "seq_num": 152, "rtt_ms": 29021.83, "verified": true, "status": "forwarded_no_ack", "mode": "isolation"}
{"ts": "2026-06-22T19:18:08.315451+00:00", "level": "metric", "event": "chunk_ack", "role": "benchmark", "region": "eastus", "seq_num": 153, "rtt_ms": 29211.92, "verified": true, "status": "forwarded_no_ack", "mode": "isolation"}
{"ts": "2026-06-22T19:18:08.506128+00:00", "level": "metric", "event": "chunk_ack", "role": "benchmark", "region": "eastus", "seq_num": 154, "rtt_ms": 29401.87, "verified": true, "status": "forwarded_no_ack", "mode": "isolation"}
{"ts": "2026-06-22T19:18:08.696776+00:00", "level": "metric", "event": "chunk_ack", "role": "benchmark", "region": "eastus", "seq_num": 155, "rtt_ms": 29591.26, "verified": true, "status": "forwarded_no_ack", "mode": "isolation"}
{"ts": "2026-06-22T19:18:08.887856+00:00", "level": "metric", "event": "chunk_ack", "role": "benchmark", "region": "eastus", "seq_num": 156, "rtt_ms": 29781.34, "verified": true, "status": "forwarded_no_ack", "mode": "isolation"}
{"ts": "2026-06-22T19:18:09.078909+00:00", "level": "metric", "event": "chunk_ack", "role": "benchmark", "region": "eastus", "seq_num": 157, "rtt_ms": 29971.3, "verified": true, "status": "forwarded_no_ack", "mode": "isolation"}
{"ts": "2026-06-22T19:18:09.270022+00:00", "level": "metric", "event": "chunk_ack", "role": "benchmark", "region": "eastus", "seq_num": 158, "rtt_ms": 30161.94, "verified": true, "status": "forwarded_no_ack", "mode": "isolation"}
{"ts": "2026-06-22T19:18:09.461433+00:00", "level": "metric", "event": "chunk_ack", "role": "benchmark", "region": "eastus", "seq_num": 159, "rtt_ms": 30352.29, "verified": true, "status": "forwarded_no_ack", "mode": "isolation"}
{"ts": "2026-06-22T19:18:09.655928+00:00", "level": "metric", "event": "chunk_ack", "role": "benchmark", "region": "eastus", "seq_num": 160, "rtt_ms": 30542.54, "verified": true, "status": "forwarded_no_ack", "mode": "isolation"}
{"ts": "2026-06-22T19:18:09.847162+00:00", "level": "metric", "event": "chunk_ack", "role": "benchmark", "region": "eastus", "seq_num": 161, "rtt_ms": 30736.48, "verified": true, "status": "forwarded_no_ack", "mode": "isolation"}
{"ts": "2026-06-22T19:18:10.038565+00:00", "level": "metric", "event": "chunk_ack", "role": "benchmark", "region": "eastus", "seq_num": 162, "rtt_ms": 30926.82, "verified": true, "status": "forwarded_no_ack", "mode": "isolation"}
{"ts": "2026-06-22T19:18:10.229487+00:00", "level": "metric", "event": "chunk_ack", "role": "benchmark", "region": "eastus", "seq_num": 163, "rtt_ms": 31117.27, "verified": true, "status": "forwarded_no_ack", "mode": "isolation"}
{"ts": "2026-06-22T19:18:10.420788+00:00", "level": "metric", "event": "chunk_ack", "role": "benchmark", "region": "eastus", "seq_num": 164, "rtt_ms": 31307.46, "verified": true, "status": "forwarded_no_ack", "mode": "isolation"}
{"ts": "2026-06-22T19:18:10.611677+00:00", "level": "metric", "event": "chunk_ack", "role": "benchmark", "region": "eastus", "seq_num": 165, "rtt_ms": 31497.98, "verified": true, "status": "forwarded_no_ack", "mode": "isolation"}
{"ts": "2026-06-22T19:18:10.802909+00:00", "level": "metric", "event": "chunk_ack", "role": "benchmark", "region": "eastus", "seq_num": 166, "rtt_ms": 31688.41, "verified": true, "status": "forwarded_no_ack", "mode": "isolation"}
{"ts": "2026-06-22T19:18:10.994276+00:00", "level": "metric", "event": "chunk_ack", "role": "benchmark", "region": "eastus", "seq_num": 167, "rtt_ms": 31878.83, "verified": true, "status": "forwarded_no_ack", "mode": "isolation"}
{"ts": "2026-06-22T19:18:11.185281+00:00", "level": "metric", "event": "chunk_ack", "role": "benchmark", "region": "eastus", "seq_num": 168, "rtt_ms": 32069.4, "verified": true, "status": "forwarded_no_ack", "mode": "isolation"}
{"ts": "2026-06-22T19:18:11.376591+00:00", "level": "metric", "event": "chunk_ack", "role": "benchmark", "region": "eastus", "seq_num": 169, "rtt_ms": 32259.33, "verified": true, "status": "forwarded_no_ack", "mode": "isolation"}
{"ts": "2026-06-22T19:18:11.569105+00:00", "level": "metric", "event": "chunk_ack", "role": "benchmark", "region": "eastus", "seq_num": 170, "rtt_ms": 32449.92, "verified": true, "status": "forwarded_no_ack", "mode": "isolation"}
{"ts": "2026-06-22T19:18:11.760483+00:00", "level": "metric", "event": "chunk_ack", "role": "benchmark", "region": "eastus", "seq_num": 171, "rtt_ms": 32641.93, "verified": true, "status": "forwarded_no_ack", "mode": "isolation"}
{"ts": "2026-06-22T19:18:11.951547+00:00", "level": "metric", "event": "chunk_ack", "role": "benchmark", "region": "eastus", "seq_num": 172, "rtt_ms": 32832.47, "verified": true, "status": "forwarded_no_ack", "mode": "isolation"}
{"ts": "2026-06-22T19:18:12.143156+00:00", "level": "metric", "event": "chunk_ack", "role": "benchmark", "region": "eastus", "seq_num": 173, "rtt_ms": 33023.05, "verified": true, "status": "forwarded_no_ack", "mode": "isolation"}
{"ts": "2026-06-22T19:18:12.336397+00:00", "level": "metric", "event": "chunk_ack", "role": "benchmark", "region": "eastus", "seq_num": 174, "rtt_ms": 33213.23, "verified": true, "status": "forwarded_no_ack", "mode": "isolation"}
{"ts": "2026-06-22T19:18:12.527342+00:00", "level": "metric", "event": "chunk_ack", "role": "benchmark", "region": "eastus", "seq_num": 175, "rtt_ms": 33405.53, "verified": true, "status": "forwarded_no_ack", "mode": "isolation"}
{"ts": "2026-06-22T19:18:12.719301+00:00", "level": "metric", "event": "chunk_ack", "role": "benchmark", "region": "eastus", "seq_num": 176, "rtt_ms": 33595.76, "verified": true, "status": "forwarded_no_ack", "mode": "isolation"}
{"ts": "2026-06-22T19:18:12.910879+00:00", "level": "metric", "event": "chunk_ack", "role": "benchmark", "region": "eastus", "seq_num": 177, "rtt_ms": 33786.79, "verified": true, "status": "forwarded_no_ack", "mode": "isolation"}
{"ts": "2026-06-22T19:18:13.102309+00:00", "level": "metric", "event": "chunk_ack", "role": "benchmark", "region": "eastus", "seq_num": 178, "rtt_ms": 33977.55, "verified": true, "status": "forwarded_no_ack", "mode": "isolation"}
{"ts": "2026-06-22T19:18:13.293383+00:00", "level": "metric", "event": "chunk_ack", "role": "benchmark", "region": "eastus", "seq_num": 179, "rtt_ms": 34168.04, "verified": true, "status": "forwarded_no_ack", "mode": "isolation"}
{"ts": "2026-06-22T19:18:13.485041+00:00", "level": "metric", "event": "chunk_ack", "role": "benchmark", "region": "eastus", "seq_num": 180, "rtt_ms": 34357.42, "verified": true, "status": "forwarded_no_ack", "mode": "isolation"}
{"ts": "2026-06-22T19:18:13.677074+00:00", "level": "metric", "event": "chunk_ack", "role": "benchmark", "region": "eastus", "seq_num": 181, "rtt_ms": 34547.91, "verified": true, "status": "forwarded_no_ack", "mode": "isolation"}
{"ts": "2026-06-22T19:18:13.869875+00:00", "level": "metric", "event": "chunk_ack", "role": "benchmark", "region": "eastus", "seq_num": 182, "rtt_ms": 34738.8, "verified": true, "status": "forwarded_no_ack", "mode": "isolation"}
{"ts": "2026-06-22T19:18:14.060913+00:00", "level": "metric", "event": "chunk_ack", "role": "benchmark", "region": "eastus", "seq_num": 183, "rtt_ms": 34930.59, "verified": true, "status": "forwarded_no_ack", "mode": "isolation"}
{"ts": "2026-06-22T19:18:14.252159+00:00", "level": "metric", "event": "chunk_ack", "role": "benchmark", "region": "eastus", "seq_num": 184, "rtt_ms": 35120.67, "verified": true, "status": "forwarded_no_ack", "mode": "isolation"}
{"ts": "2026-06-22T19:18:14.444250+00:00", "level": "metric", "event": "chunk_ack", "role": "benchmark", "region": "eastus", "seq_num": 185, "rtt_ms": 35310.42, "verified": true, "status": "forwarded_no_ack", "mode": "isolation"}
{"ts": "2026-06-22T19:18:14.635756+00:00", "level": "metric", "event": "chunk_ack", "role": "benchmark", "region": "eastus", "seq_num": 186, "rtt_ms": 35501.73, "verified": true, "status": "forwarded_no_ack", "mode": "isolation"}
{"ts": "2026-06-22T19:18:14.827124+00:00", "level": "metric", "event": "chunk_ack", "role": "benchmark", "region": "eastus", "seq_num": 187, "rtt_ms": 35692.03, "verified": true, "status": "forwarded_no_ack", "mode": "isolation"}
{"ts": "2026-06-22T19:18:15.018278+00:00", "level": "metric", "event": "chunk_ack", "role": "benchmark", "region": "eastus", "seq_num": 188, "rtt_ms": 35881.82, "verified": true, "status": "forwarded_no_ack", "mode": "isolation"}
{"ts": "2026-06-22T19:18:15.209443+00:00", "level": "metric", "event": "chunk_ack", "role": "benchmark", "region": "eastus", "seq_num": 189, "rtt_ms": 36071.77, "verified": true, "status": "forwarded_no_ack", "mode": "isolation"}
{"ts": "2026-06-22T19:18:15.405682+00:00", "level": "metric", "event": "chunk_ack", "role": "benchmark", "region": "eastus", "seq_num": 190, "rtt_ms": 36262.03, "verified": true, "status": "forwarded_no_ack", "mode": "isolation"}
{"ts": "2026-06-22T19:18:15.598986+00:00", "level": "metric", "event": "chunk_ack", "role": "benchmark", "region": "eastus", "seq_num": 191, "rtt_ms": 36457.63, "verified": true, "status": "forwarded_no_ack", "mode": "isolation"}
{"ts": "2026-06-22T19:18:15.790365+00:00", "level": "metric", "event": "chunk_ack", "role": "benchmark", "region": "eastus", "seq_num": 192, "rtt_ms": 36650.08, "verified": true, "status": "forwarded_no_ack", "mode": "isolation"}
{"ts": "2026-06-22T19:18:15.982850+00:00", "level": "metric", "event": "chunk_ack", "role": "benchmark", "region": "eastus", "seq_num": 193, "rtt_ms": 36840.81, "verified": true, "status": "forwarded_no_ack", "mode": "isolation"}
{"ts": "2026-06-22T19:18:16.176140+00:00", "level": "metric", "event": "chunk_ack", "role": "benchmark", "region": "eastus", "seq_num": 194, "rtt_ms": 37031.98, "verified": true, "status": "forwarded_no_ack", "mode": "isolation"}
{"ts": "2026-06-22T19:18:16.366745+00:00", "level": "metric", "event": "chunk_ack", "role": "benchmark", "region": "eastus", "seq_num": 195, "rtt_ms": 37224.49, "verified": true, "status": "forwarded_no_ack", "mode": "isolation"}
{"ts": "2026-06-22T19:18:16.558354+00:00", "level": "metric", "event": "chunk_ack", "role": "benchmark", "region": "eastus", "seq_num": 196, "rtt_ms": 37414.57, "verified": true, "status": "forwarded_no_ack", "mode": "isolation"}
{"ts": "2026-06-22T19:18:16.749121+00:00", "level": "metric", "event": "chunk_ack", "role": "benchmark", "region": "eastus", "seq_num": 197, "rtt_ms": 37605.44, "verified": true, "status": "forwarded_no_ack", "mode": "isolation"}
{"ts": "2026-06-22T19:18:16.945517+00:00", "level": "metric", "event": "chunk_ack", "role": "benchmark", "region": "eastus", "seq_num": 198, "rtt_ms": 37795.09, "verified": true, "status": "forwarded_no_ack", "mode": "isolation"}
{"ts": "2026-06-22T19:18:17.136739+00:00", "level": "metric", "event": "chunk_ack", "role": "benchmark", "region": "eastus", "seq_num": 199, "rtt_ms": 37990.83, "verified": true, "status": "forwarded_no_ack", "mode": "isolation"}
{"ts": "2026-06-22T19:18:17.329382+00:00", "level": "metric", "event": "chunk_ack", "role": "benchmark", "region": "eastus", "seq_num": 200, "rtt_ms": 38181.08, "verified": true, "status": "forwarded_no_ack", "mode": "isolation"}
{"ts": "2026-06-22T19:18:17.520982+00:00", "level": "metric", "event": "chunk_ack", "role": "benchmark", "region": "eastus", "seq_num": 201, "rtt_ms": 38373.25, "verified": true, "status": "forwarded_no_ack", "mode": "isolation"}
{"ts": "2026-06-22T19:18:17.711865+00:00", "level": "metric", "event": "chunk_ack", "role": "benchmark", "region": "eastus", "seq_num": 202, "rtt_ms": 38563.3, "verified": true, "status": "forwarded_no_ack", "mode": "isolation"}
{"ts": "2026-06-22T19:18:17.903156+00:00", "level": "metric", "event": "chunk_ack", "role": "benchmark", "region": "eastus", "seq_num": 203, "rtt_ms": 38753.51, "verified": true, "status": "forwarded_no_ack", "mode": "isolation"}
{"ts": "2026-06-22T19:18:18.094419+00:00", "level": "metric", "event": "chunk_ack", "role": "benchmark", "region": "eastus", "seq_num": 204, "rtt_ms": 38943.67, "verified": true, "status": "forwarded_no_ack", "mode": "isolation"}
{"ts": "2026-06-22T19:18:18.286084+00:00", "level": "info", "event": "mode_complete", "role": "benchmark", "region": "eastus", "mode": "isolation", "avg_rtt_ms": 19922.741, "p99_rtt_ms": 38563.296, "throughput_mbps": 0.021, "verified_pct": 100.0}
{"ts": "2026-06-22T19:18:18.286223+00:00", "level": "info", "event": "mode_started", "role": "benchmark", "region": "eastus", "mode": "superposition"}
{"ts": "2026-06-22T19:18:19.597212+00:00", "level": "metric", "event": "chunk_ack", "role": "benchmark", "region": "eastus", "seq_num": 0, "rtt_ms": 233.42, "verified": true, "status": "forwarded_no_ack", "mode": "superposition"}
{"ts": "2026-06-22T19:18:19.751443+00:00", "level": "metric", "event": "chunk_ack", "role": "benchmark", "region": "eastus", "seq_num": 1, "rtt_ms": 317.96, "verified": true, "status": "forwarded_no_ack", "mode": "superposition"}
{"ts": "2026-06-22T19:18:19.905070+00:00", "level": "metric", "event": "chunk_ack", "role": "benchmark", "region": "eastus", "seq_num": 2, "rtt_ms": 470.78, "verified": true, "status": "forwarded_no_ack", "mode": "superposition"}
{"ts": "2026-06-22T19:18:20.088308+00:00", "level": "metric", "event": "chunk_ack", "role": "benchmark", "region": "eastus", "seq_num": 3, "rtt_ms": 653.25, "verified": true, "status": "forwarded_no_ack", "mode": "superposition"}
{"ts": "2026-06-22T19:18:20.279305+00:00", "level": "metric", "event": "chunk_ack", "role": "benchmark", "region": "eastus", "seq_num": 4, "rtt_ms": 843.52, "verified": true, "status": "error", "mode": "superposition"}
{"ts": "2026-06-22T19:18:20.618920+00:00", "level": "metric", "event": "chunk_ack", "role": "benchmark", "region": "eastus", "seq_num": 5, "rtt_ms": 990.43, "verified": true, "status": "forwarded_no_ack", "mode": "superposition"}
{"ts": "2026-06-22T19:18:20.809795+00:00", "level": "metric", "event": "chunk_ack", "role": "benchmark", "region": "eastus", "seq_num": 6, "rtt_ms": 1182.27, "verified": true, "status": "forwarded_no_ack", "mode": "superposition"}
{"ts": "2026-06-22T19:18:21.001433+00:00", "level": "metric", "event": "chunk_ack", "role": "benchmark", "region": "eastus", "seq_num": 7, "rtt_ms": 1372.22, "verified": true, "status": "forwarded_no_ack", "mode": "superposition"}
{"ts": "2026-06-22T19:18:21.192934+00:00", "level": "metric", "event": "chunk_ack", "role": "benchmark", "region": "eastus", "seq_num": 8, "rtt_ms": 1563.4, "verified": true, "status": "forwarded_no_ack", "mode": "superposition"}
{"ts": "2026-06-22T19:18:21.384862+00:00", "level": "metric", "event": "chunk_ack", "role": "benchmark", "region": "eastus", "seq_num": 9, "rtt_ms": 1754.44, "verified": true, "status": "forwarded_no_ack", "mode": "superposition"}
{"ts": "2026-06-22T19:18:21.576320+00:00", "level": "metric", "event": "chunk_ack", "role": "benchmark", "region": "eastus", "seq_num": 10, "rtt_ms": 1945.37, "verified": true, "status": "forwarded_no_ack", "mode": "superposition"}
{"ts": "2026-06-22T19:18:21.767186+00:00", "level": "metric", "event": "chunk_ack", "role": "benchmark", "region": "eastus", "seq_num": 11, "rtt_ms": 2135.84, "verified": true, "status": "forwarded_no_ack", "mode": "superposition"}
{"ts": "2026-06-22T19:18:21.958795+00:00", "level": "metric", "event": "chunk_ack", "role": "benchmark", "region": "eastus", "seq_num": 12, "rtt_ms": 2326.48, "verified": true, "status": "forwarded_no_ack", "mode": "superposition"}
{"ts": "2026-06-22T19:18:22.150592+00:00", "level": "metric", "event": "chunk_ack", "role": "benchmark", "region": "eastus", "seq_num": 13, "rtt_ms": 2517.42, "verified": true, "status": "forwarded_no_ack", "mode": "superposition"}
{"ts": "2026-06-22T19:18:22.341574+00:00", "level": "metric", "event": "chunk_ack", "role": "benchmark", "region": "eastus", "seq_num": 14, "rtt_ms": 2708.05, "verified": true, "status": "forwarded_no_ack", "mode": "superposition"}
{"ts": "2026-06-22T19:18:22.533250+00:00", "level": "metric", "event": "chunk_ack", "role": "benchmark", "region": "eastus", "seq_num": 15, "rtt_ms": 2898.63, "verified": true, "status": "forwarded_no_ack", "mode": "superposition"}
{"ts": "2026-06-22T19:18:22.724529+00:00", "level": "metric", "event": "chunk_ack", "role": "benchmark", "region": "eastus", "seq_num": 16, "rtt_ms": 3089.59, "verified": true, "status": "forwarded_no_ack", "mode": "superposition"}
{"ts": "2026-06-22T19:18:22.915459+00:00", "level": "metric", "event": "chunk_ack", "role": "benchmark", "region": "eastus", "seq_num": 17, "rtt_ms": 3280.11, "verified": true, "status": "forwarded_no_ack", "mode": "superposition"}
{"ts": "2026-06-22T19:18:23.106477+00:00", "level": "metric", "event": "chunk_ack", "role": "benchmark", "region": "eastus", "seq_num": 18, "rtt_ms": 3470.0, "verified": true, "status": "forwarded_no_ack", "mode": "superposition"}
{"ts": "2026-06-22T19:18:23.297630+00:00", "level": "metric", "event": "chunk_ack", "role": "benchmark", "region": "eastus", "seq_num": 19, "rtt_ms": 3660.69, "verified": true, "status": "forwarded_no_ack", "mode": "superposition"}
{"ts": "2026-06-22T19:18:23.489188+00:00", "level": "metric", "event": "chunk_ack", "role": "benchmark", "region": "eastus", "seq_num": 20, "rtt_ms": 3850.89, "verified": true, "status": "forwarded_no_ack", "mode": "superposition"}
{"ts": "2026-06-22T19:18:23.679953+00:00", "level": "metric", "event": "chunk_ack", "role": "benchmark", "region": "eastus", "seq_num": 21, "rtt_ms": 4041.85, "verified": true, "status": "forwarded_no_ack", "mode": "superposition"}
{"ts": "2026-06-22T19:18:23.871126+00:00", "level": "metric", "event": "chunk_ack", "role": "benchmark", "region": "eastus", "seq_num": 22, "rtt_ms": 4231.75, "verified": true, "status": "forwarded_no_ack", "mode": "superposition"}
{"ts": "2026-06-22T19:18:24.061726+00:00", "level": "metric", "event": "chunk_ack", "role": "benchmark", "region": "eastus", "seq_num": 23, "rtt_ms": 4422.14, "verified": true, "status": "forwarded_no_ack", "mode": "superposition"}
{"ts": "2026-06-22T19:18:24.253241+00:00", "level": "metric", "event": "chunk_ack", "role": "benchmark", "region": "eastus", "seq_num": 24, "rtt_ms": 4612.26, "verified": true, "status": "forwarded_no_ack", "mode": "superposition"}
{"ts": "2026-06-22T19:18:24.443906+00:00", "level": "metric", "event": "chunk_ack", "role": "benchmark", "region": "eastus", "seq_num": 25, "rtt_ms": 4803.02, "verified": true, "status": "forwarded_no_ack", "mode": "superposition"}
{"ts": "2026-06-22T19:18:24.634825+00:00", "level": "metric", "event": "chunk_ack", "role": "benchmark", "region": "eastus", "seq_num": 26, "rtt_ms": 4993.06, "verified": true, "status": "forwarded_no_ack", "mode": "superposition"}
{"ts": "2026-06-22T19:18:24.825734+00:00", "level": "metric", "event": "chunk_ack", "role": "benchmark", "region": "eastus", "seq_num": 27, "rtt_ms": 5183.3, "verified": true, "status": "forwarded_no_ack", "mode": "superposition"}
{"ts": "2026-06-22T19:18:25.016254+00:00", "level": "metric", "event": "chunk_ack", "role": "benchmark", "region": "eastus", "seq_num": 28, "rtt_ms": 5373.12, "verified": true, "status": "forwarded_no_ack", "mode": "superposition"}
{"ts": "2026-06-22T19:18:25.208164+00:00", "level": "metric", "event": "chunk_ack", "role": "benchmark", "region": "eastus", "seq_num": 29, "rtt_ms": 5563.01, "verified": true, "status": "forwarded_no_ack", "mode": "superposition"}
{"ts": "2026-06-22T19:18:25.399332+00:00", "level": "metric", "event": "chunk_ack", "role": "benchmark", "region": "eastus", "seq_num": 30, "rtt_ms": 5754.42, "verified": true, "status": "forwarded_no_ack", "mode": "superposition"}
{"ts": "2026-06-22T19:18:25.590370+00:00", "level": "metric", "event": "chunk_ack", "role": "benchmark", "region": "eastus", "seq_num": 31, "rtt_ms": 5944.59, "verified": true, "status": "forwarded_no_ack", "mode": "superposition"}
{"ts": "2026-06-22T19:18:25.781287+00:00", "level": "metric", "event": "chunk_ack", "role": "benchmark", "region": "eastus", "seq_num": 32, "rtt_ms": 6135.24, "verified": true, "status": "forwarded_no_ack", "mode": "superposition"}
{"ts": "2026-06-22T19:18:25.972019+00:00", "level": "metric", "event": "chunk_ack", "role": "benchmark", "region": "eastus", "seq_num": 33, "rtt_ms": 6325.17, "verified": true, "status": "forwarded_no_ack", "mode": "superposition"}
{"ts": "2026-06-22T19:18:26.163415+00:00", "level": "metric", "event": "chunk_ack", "role": "benchmark", "region": "eastus", "seq_num": 34, "rtt_ms": 6515.64, "verified": true, "status": "forwarded_no_ack", "mode": "superposition"}
{"ts": "2026-06-22T19:18:26.354470+00:00", "level": "metric", "event": "chunk_ack", "role": "benchmark", "region": "eastus", "seq_num": 35, "rtt_ms": 6706.19, "verified": true, "status": "forwarded_no_ack", "mode": "superposition"}
{"ts": "2026-06-22T19:18:26.545335+00:00", "level": "metric", "event": "chunk_ack", "role": "benchmark", "region": "eastus", "seq_num": 36, "rtt_ms": 6896.26, "verified": true, "status": "forwarded_no_ack", "mode": "superposition"}
{"ts": "2026-06-22T19:18:26.759091+00:00", "level": "metric", "event": "chunk_ack", "role": "benchmark", "region": "eastus", "seq_num": 37, "rtt_ms": 7086.28, "verified": true, "status": "forwarded_no_ack", "mode": "superposition"}
{"ts": "2026-06-22T19:18:26.950749+00:00", "level": "metric", "event": "chunk_ack", "role": "benchmark", "region": "eastus", "seq_num": 38, "rtt_ms": 7299.68, "verified": true, "status": "forwarded_no_ack", "mode": "superposition"}
{"ts": "2026-06-22T19:18:27.142417+00:00", "level": "metric", "event": "chunk_ack", "role": "benchmark", "region": "eastus", "seq_num": 39, "rtt_ms": 7490.3, "verified": true, "status": "forwarded_no_ack", "mode": "superposition"}
{"ts": "2026-06-22T19:18:27.333189+00:00", "level": "metric", "event": "chunk_ack", "role": "benchmark", "region": "eastus", "seq_num": 40, "rtt_ms": 7681.18, "verified": true, "status": "forwarded_no_ack", "mode": "superposition"}
{"ts": "2026-06-22T19:18:27.523948+00:00", "level": "metric", "event": "chunk_ack", "role": "benchmark", "region": "eastus", "seq_num": 41, "rtt_ms": 7871.18, "verified": true, "status": "forwarded_no_ack", "mode": "superposition"}
{"ts": "2026-06-22T19:18:27.716555+00:00", "level": "metric", "event": "chunk_ack", "role": "benchmark", "region": "eastus", "seq_num": 42, "rtt_ms": 8061.24, "verified": true, "status": "forwarded_no_ack", "mode": "superposition"}
{"ts": "2026-06-22T19:18:27.908351+00:00", "level": "metric", "event": "chunk_ack", "role": "benchmark", "region": "eastus", "seq_num": 43, "rtt_ms": 8253.4, "verified": true, "status": "forwarded_no_ack", "mode": "superposition"}
{"ts": "2026-06-22T19:18:28.100826+00:00", "level": "metric", "event": "chunk_ack", "role": "benchmark", "region": "eastus", "seq_num": 44, "rtt_ms": 8444.47, "verified": true, "status": "forwarded_no_ack", "mode": "superposition"}
{"ts": "2026-06-22T19:18:28.293988+00:00", "level": "metric", "event": "chunk_ack", "role": "benchmark", "region": "eastus", "seq_num": 45, "rtt_ms": 8637.62, "verified": true, "status": "forwarded_no_ack", "mode": "superposition"}
{"ts": "2026-06-22T19:18:28.484843+00:00", "level": "metric", "event": "chunk_ack", "role": "benchmark", "region": "eastus", "seq_num": 46, "rtt_ms": 8828.72, "verified": true, "status": "forwarded_no_ack", "mode": "superposition"}
{"ts": "2026-06-22T19:18:28.675514+00:00", "level": "metric", "event": "chunk_ack", "role": "benchmark", "region": "eastus", "seq_num": 47, "rtt_ms": 9018.61, "verified": true, "status": "forwarded_no_ack", "mode": "superposition"}
{"ts": "2026-06-22T19:18:28.866956+00:00", "level": "metric", "event": "chunk_ack", "role": "benchmark", "region": "eastus", "seq_num": 48, "rtt_ms": 9208.63, "verified": true, "status": "forwarded_no_ack", "mode": "superposition"}
{"ts": "2026-06-22T19:18:29.062529+00:00", "level": "metric", "event": "chunk_ack", "role": "benchmark", "region": "eastus", "seq_num": 49, "rtt_ms": 9399.33, "verified": true, "status": "forwarded_no_ack", "mode": "superposition"}
{"ts": "2026-06-22T19:18:29.258994+00:00", "level": "metric", "event": "chunk_ack", "role": "benchmark", "region": "eastus", "seq_num": 50, "rtt_ms": 9594.53, "verified": true, "status": "forwarded_no_ack", "mode": "superposition"}
{"ts": "2026-06-22T19:18:29.451954+00:00", "level": "metric", "event": "chunk_ack", "role": "benchmark", "region": "eastus", "seq_num": 51, "rtt_ms": 9790.41, "verified": true, "status": "forwarded_no_ack", "mode": "superposition"}
{"ts": "2026-06-22T19:18:29.690666+00:00", "level": "metric", "event": "chunk_ack", "role": "benchmark", "region": "eastus", "seq_num": 52, "rtt_ms": 9982.4, "verified": true, "status": "forwarded_no_ack", "mode": "superposition"}
{"ts": "2026-06-22T19:18:29.973472+00:00", "level": "metric", "event": "chunk_ack", "role": "benchmark", "region": "eastus", "seq_num": 53, "rtt_ms": 10220.24, "verified": true, "status": "forwarded_no_ack", "mode": "superposition"}
{"ts": "2026-06-22T19:18:30.165338+00:00", "level": "metric", "event": "chunk_ack", "role": "benchmark", "region": "eastus", "seq_num": 54, "rtt_ms": 10502.43, "verified": true, "status": "forwarded_no_ack", "mode": "superposition"}
{"ts": "2026-06-22T19:18:30.363595+00:00", "level": "metric", "event": "chunk_ack", "role": "benchmark", "region": "eastus", "seq_num": 55, "rtt_ms": 10693.54, "verified": true, "status": "forwarded_no_ack", "mode": "superposition"}
{"ts": "2026-06-22T19:18:30.555773+00:00", "level": "metric", "event": "chunk_ack", "role": "benchmark", "region": "eastus", "seq_num": 56, "rtt_ms": 10891.59, "verified": true, "status": "forwarded_no_ack", "mode": "superposition"}
{"ts": "2026-06-22T19:18:30.750197+00:00", "level": "metric", "event": "chunk_ack", "role": "benchmark", "region": "eastus", "seq_num": 57, "rtt_ms": 11082.87, "verified": true, "status": "forwarded_no_ack", "mode": "superposition"}
{"ts": "2026-06-22T19:18:30.944924+00:00", "level": "metric", "event": "chunk_ack", "role": "benchmark", "region": "eastus", "seq_num": 58, "rtt_ms": 11276.27, "verified": true, "status": "forwarded_no_ack", "mode": "superposition"}
{"ts": "2026-06-22T19:18:31.135786+00:00", "level": "metric", "event": "chunk_ack", "role": "benchmark", "region": "eastus", "seq_num": 59, "rtt_ms": 11470.28, "verified": true, "status": "forwarded_no_ack", "mode": "superposition"}
{"ts": "2026-06-22T19:18:31.326871+00:00", "level": "metric", "event": "chunk_ack", "role": "benchmark", "region": "eastus", "seq_num": 60, "rtt_ms": 11660.39, "verified": true, "status": "forwarded_no_ack", "mode": "superposition"}
{"ts": "2026-06-22T19:18:31.518034+00:00", "level": "metric", "event": "chunk_ack", "role": "benchmark", "region": "eastus", "seq_num": 61, "rtt_ms": 11850.92, "verified": true, "status": "forwarded_no_ack", "mode": "superposition"}
{"ts": "2026-06-22T19:18:31.709262+00:00", "level": "metric", "event": "chunk_ack", "role": "benchmark", "region": "eastus", "seq_num": 62, "rtt_ms": 12041.49, "verified": true, "status": "forwarded_no_ack", "mode": "superposition"}
{"ts": "2026-06-22T19:18:31.900449+00:00", "level": "metric", "event": "chunk_ack", "role": "benchmark", "region": "eastus", "seq_num": 63, "rtt_ms": 12232.04, "verified": true, "status": "forwarded_no_ack", "mode": "superposition"}
{"ts": "2026-06-22T19:18:32.092020+00:00", "level": "metric", "event": "chunk_ack", "role": "benchmark", "region": "eastus", "seq_num": 64, "rtt_ms": 12422.28, "verified": true, "status": "forwarded_no_ack", "mode": "superposition"}
{"ts": "2026-06-22T19:18:32.282809+00:00", "level": "metric", "event": "chunk_ack", "role": "benchmark", "region": "eastus", "seq_num": 65, "rtt_ms": 12612.86, "verified": true, "status": "forwarded_no_ack", "mode": "superposition"}
{"ts": "2026-06-22T19:18:32.473811+00:00", "level": "metric", "event": "chunk_ack", "role": "benchmark", "region": "eastus", "seq_num": 66, "rtt_ms": 12803.28, "verified": true, "status": "forwarded_no_ack", "mode": "superposition"}
{"ts": "2026-06-22T19:18:32.665088+00:00", "level": "metric", "event": "chunk_ack", "role": "benchmark", "region": "eastus", "seq_num": 67, "rtt_ms": 12993.52, "verified": true, "status": "forwarded_no_ack", "mode": "superposition"}
{"ts": "2026-06-22T19:18:32.855868+00:00", "level": "metric", "event": "chunk_ack", "role": "benchmark", "region": "eastus", "seq_num": 68, "rtt_ms": 13184.09, "verified": true, "status": "forwarded_no_ack", "mode": "superposition"}
{"ts": "2026-06-22T19:18:33.046726+00:00", "level": "metric", "event": "chunk_ack", "role": "benchmark", "region": "eastus", "seq_num": 69, "rtt_ms": 13374.25, "verified": true, "status": "forwarded_no_ack", "mode": "superposition"}
{"ts": "2026-06-22T19:18:33.237625+00:00", "level": "metric", "event": "chunk_ack", "role": "benchmark", "region": "eastus", "seq_num": 70, "rtt_ms": 13564.36, "verified": true, "status": "forwarded_no_ack", "mode": "superposition"}
{"ts": "2026-06-22T19:18:33.428941+00:00", "level": "metric", "event": "chunk_ack", "role": "benchmark", "region": "eastus", "seq_num": 71, "rtt_ms": 13754.5, "verified": true, "status": "forwarded_no_ack", "mode": "superposition"}
{"ts": "2026-06-22T19:18:33.622987+00:00", "level": "metric", "event": "chunk_ack", "role": "benchmark", "region": "eastus", "seq_num": 72, "rtt_ms": 13945.21, "verified": true, "status": "forwarded_no_ack", "mode": "superposition"}
{"ts": "2026-06-22T19:18:33.813475+00:00", "level": "metric", "event": "chunk_ack", "role": "benchmark", "region": "eastus", "seq_num": 73, "rtt_ms": 14138.2, "verified": true, "status": "forwarded_no_ack", "mode": "superposition"}
{"ts": "2026-06-22T19:18:34.004921+00:00", "level": "metric", "event": "chunk_ack", "role": "benchmark", "region": "eastus", "seq_num": 74, "rtt_ms": 14327.97, "verified": true, "status": "forwarded_no_ack", "mode": "superposition"}
{"ts": "2026-06-22T19:18:34.195917+00:00", "level": "metric", "event": "chunk_ack", "role": "benchmark", "region": "eastus", "seq_num": 75, "rtt_ms": 14518.51, "verified": true, "status": "forwarded_no_ack", "mode": "superposition"}
{"ts": "2026-06-22T19:18:34.386776+00:00", "level": "metric", "event": "chunk_ack", "role": "benchmark", "region": "eastus", "seq_num": 76, "rtt_ms": 14708.82, "verified": true, "status": "forwarded_no_ack", "mode": "superposition"}
{"ts": "2026-06-22T19:18:34.579347+00:00", "level": "metric", "event": "chunk_ack", "role": "benchmark", "region": "eastus", "seq_num": 77, "rtt_ms": 14899.44, "verified": true, "status": "forwarded_no_ack", "mode": "superposition"}
{"ts": "2026-06-22T19:18:34.770609+00:00", "level": "metric", "event": "chunk_ack", "role": "benchmark", "region": "eastus", "seq_num": 78, "rtt_ms": 15091.0, "verified": true, "status": "forwarded_no_ack", "mode": "superposition"}
{"ts": "2026-06-22T19:18:34.961580+00:00", "level": "metric", "event": "chunk_ack", "role": "benchmark", "region": "eastus", "seq_num": 79, "rtt_ms": 15281.66, "verified": true, "status": "forwarded_no_ack", "mode": "superposition"}
{"ts": "2026-06-22T19:18:35.152293+00:00", "level": "metric", "event": "chunk_ack", "role": "benchmark", "region": "eastus", "seq_num": 80, "rtt_ms": 15471.84, "verified": true, "status": "forwarded_no_ack", "mode": "superposition"}
{"ts": "2026-06-22T19:18:35.343119+00:00", "level": "metric", "event": "chunk_ack", "role": "benchmark", "region": "eastus", "seq_num": 81, "rtt_ms": 15661.5, "verified": true, "status": "forwarded_no_ack", "mode": "superposition"}
{"ts": "2026-06-22T19:18:35.533944+00:00", "level": "metric", "event": "chunk_ack", "role": "benchmark", "region": "eastus", "seq_num": 82, "rtt_ms": 15851.75, "verified": true, "status": "forwarded_no_ack", "mode": "superposition"}
{"ts": "2026-06-22T19:18:35.724618+00:00", "level": "metric", "event": "chunk_ack", "role": "benchmark", "region": "eastus", "seq_num": 83, "rtt_ms": 16041.77, "verified": true, "status": "forwarded_no_ack", "mode": "superposition"}
{"ts": "2026-06-22T19:18:35.915094+00:00", "level": "metric", "event": "chunk_ack", "role": "benchmark", "region": "eastus", "seq_num": 84, "rtt_ms": 16231.73, "verified": true, "status": "forwarded_no_ack", "mode": "superposition"}
{"ts": "2026-06-22T19:18:36.106569+00:00", "level": "metric", "event": "chunk_ack", "role": "benchmark", "region": "eastus", "seq_num": 85, "rtt_ms": 16421.8, "verified": true, "status": "forwarded_no_ack", "mode": "superposition"}
{"ts": "2026-06-22T19:18:36.869912+00:00", "level": "metric", "event": "chunk_ack", "role": "benchmark", "region": "eastus", "seq_num": 86, "rtt_ms": 16612.35, "verified": true, "status": "forwarded_no_ack", "mode": "superposition"}
{"ts": "2026-06-22T19:18:37.249658+00:00", "level": "metric", "event": "chunk_ack", "role": "benchmark", "region": "eastus", "seq_num": 87, "rtt_ms": 17375.02, "verified": true, "status": "forwarded_no_ack", "mode": "superposition"}
{"ts": "2026-06-22T19:18:37.440350+00:00", "level": "metric", "event": "chunk_ack", "role": "benchmark", "region": "eastus", "seq_num": 88, "rtt_ms": 17754.12, "verified": true, "status": "forwarded_no_ack", "mode": "superposition"}
{"ts": "2026-06-22T19:18:37.630527+00:00", "level": "metric", "event": "chunk_ack", "role": "benchmark", "region": "eastus", "seq_num": 89, "rtt_ms": 17943.81, "verified": true, "status": "forwarded_no_ack", "mode": "superposition"}
{"ts": "2026-06-22T19:18:37.820547+00:00", "level": "metric", "event": "chunk_ack", "role": "benchmark", "region": "eastus", "seq_num": 90, "rtt_ms": 18133.34, "verified": true, "status": "forwarded_no_ack", "mode": "superposition"}
{"ts": "2026-06-22T19:18:38.010843+00:00", "level": "metric", "event": "chunk_ack", "role": "benchmark", "region": "eastus", "seq_num": 91, "rtt_ms": 18322.74, "verified": true, "status": "forwarded_no_ack", "mode": "superposition"}
{"ts": "2026-06-22T19:18:38.201111+00:00", "level": "metric", "event": "chunk_ack", "role": "benchmark", "region": "eastus", "seq_num": 92, "rtt_ms": 18512.24, "verified": true, "status": "forwarded_no_ack", "mode": "superposition"}
{"ts": "2026-06-22T19:18:38.392031+00:00", "level": "metric", "event": "chunk_ack", "role": "benchmark", "region": "eastus", "seq_num": 93, "rtt_ms": 18702.08, "verified": true, "status": "forwarded_no_ack", "mode": "superposition"}
{"ts": "2026-06-22T19:18:38.582859+00:00", "level": "metric", "event": "chunk_ack", "role": "benchmark", "region": "eastus", "seq_num": 94, "rtt_ms": 18892.53, "verified": true, "status": "forwarded_no_ack", "mode": "superposition"}
{"ts": "2026-06-22T19:18:38.773318+00:00", "level": "metric", "event": "chunk_ack", "role": "benchmark", "region": "eastus", "seq_num": 95, "rtt_ms": 19082.19, "verified": true, "status": "forwarded_no_ack", "mode": "superposition"}
{"ts": "2026-06-22T19:18:38.964161+00:00", "level": "metric", "event": "chunk_ack", "role": "benchmark", "region": "eastus", "seq_num": 96, "rtt_ms": 19271.92, "verified": true, "status": "forwarded_no_ack", "mode": "superposition"}
{"ts": "2026-06-22T19:18:39.154564+00:00", "level": "metric", "event": "chunk_ack", "role": "benchmark", "region": "eastus", "seq_num": 97, "rtt_ms": 19462.13, "verified": true, "status": "forwarded_no_ack", "mode": "superposition"}
{"ts": "2026-06-22T19:18:39.345496+00:00", "level": "metric", "event": "chunk_ack", "role": "benchmark", "region": "eastus", "seq_num": 98, "rtt_ms": 19652.15, "verified": true, "status": "forwarded_no_ack", "mode": "superposition"}
{"ts": "2026-06-22T19:18:39.536051+00:00", "level": "metric", "event": "chunk_ack", "role": "benchmark", "region": "eastus", "seq_num": 99, "rtt_ms": 19842.19, "verified": true, "status": "forwarded_no_ack", "mode": "superposition"}
{"ts": "2026-06-22T19:18:39.726776+00:00", "level": "metric", "event": "chunk_ack", "role": "benchmark", "region": "eastus", "seq_num": 100, "rtt_ms": 20032.07, "verified": true, "status": "forwarded_no_ack", "mode": "superposition"}
{"ts": "2026-06-22T19:18:39.918034+00:00", "level": "metric", "event": "chunk_ack", "role": "benchmark", "region": "eastus", "seq_num": 101, "rtt_ms": 20222.76, "verified": true, "status": "forwarded_no_ack", "mode": "superposition"}
{"ts": "2026-06-22T19:18:40.109502+00:00", "level": "metric", "event": "chunk_ack", "role": "benchmark", "region": "eastus", "seq_num": 102, "rtt_ms": 20412.42, "verified": true, "status": "forwarded_no_ack", "mode": "superposition"}
{"ts": "2026-06-22T19:18:40.299738+00:00", "level": "metric", "event": "chunk_ack", "role": "benchmark", "region": "eastus", "seq_num": 103, "rtt_ms": 20603.02, "verified": true, "status": "forwarded_no_ack", "mode": "superposition"}
{"ts": "2026-06-22T19:18:40.490811+00:00", "level": "metric", "event": "chunk_ack", "role": "benchmark", "region": "eastus", "seq_num": 104, "rtt_ms": 20792.92, "verified": true, "status": "forwarded_no_ack", "mode": "superposition"}
{"ts": "2026-06-22T19:18:40.681900+00:00", "level": "metric", "event": "chunk_ack", "role": "benchmark", "region": "eastus", "seq_num": 105, "rtt_ms": 20983.19, "verified": true, "status": "forwarded_no_ack", "mode": "superposition"}
{"ts": "2026-06-22T19:18:40.872459+00:00", "level": "metric", "event": "chunk_ack", "role": "benchmark", "region": "eastus", "seq_num": 106, "rtt_ms": 21173.26, "verified": true, "status": "forwarded_no_ack", "mode": "superposition"}
{"ts": "2026-06-22T19:18:41.063769+00:00", "level": "metric", "event": "chunk_ack", "role": "benchmark", "region": "eastus", "seq_num": 107, "rtt_ms": 21363.34, "verified": true, "status": "forwarded_no_ack", "mode": "superposition"}
{"ts": "2026-06-22T19:18:41.254259+00:00", "level": "metric", "event": "chunk_ack", "role": "benchmark", "region": "eastus", "seq_num": 108, "rtt_ms": 21553.92, "verified": true, "status": "forwarded_no_ack", "mode": "superposition"}
{"ts": "2026-06-22T19:18:41.445384+00:00", "level": "metric", "event": "chunk_ack", "role": "benchmark", "region": "eastus", "seq_num": 109, "rtt_ms": 21743.56, "verified": true, "status": "forwarded_no_ack", "mode": "superposition"}
{"ts": "2026-06-22T19:18:41.636083+00:00", "level": "metric", "event": "chunk_ack", "role": "benchmark", "region": "eastus", "seq_num": 110, "rtt_ms": 21934.1, "verified": true, "status": "forwarded_no_ack", "mode": "superposition"}
{"ts": "2026-06-22T19:18:41.826766+00:00", "level": "metric", "event": "chunk_ack", "role": "benchmark", "region": "eastus", "seq_num": 111, "rtt_ms": 22124.2, "verified": true, "status": "forwarded_no_ack", "mode": "superposition"}
{"ts": "2026-06-22T19:18:42.017189+00:00", "level": "metric", "event": "chunk_ack", "role": "benchmark", "region": "eastus", "seq_num": 112, "rtt_ms": 22314.12, "verified": true, "status": "forwarded_no_ack", "mode": "superposition"}
{"ts": "2026-06-22T19:18:42.207771+00:00", "level": "metric", "event": "chunk_ack", "role": "benchmark", "region": "eastus", "seq_num": 113, "rtt_ms": 22503.95, "verified": true, "status": "forwarded_no_ack", "mode": "superposition"}
{"ts": "2026-06-22T19:18:42.398576+00:00", "level": "metric", "event": "chunk_ack", "role": "benchmark", "region": "eastus", "seq_num": 114, "rtt_ms": 22693.74, "verified": true, "status": "forwarded_no_ack", "mode": "superposition"}
{"ts": "2026-06-22T19:18:42.589243+00:00", "level": "metric", "event": "chunk_ack", "role": "benchmark", "region": "eastus", "seq_num": 115, "rtt_ms": 22883.92, "verified": true, "status": "forwarded_no_ack", "mode": "superposition"}
{"ts": "2026-06-22T19:18:42.779815+00:00", "level": "metric", "event": "chunk_ack", "role": "benchmark", "region": "eastus", "seq_num": 116, "rtt_ms": 23073.58, "verified": true, "status": "forwarded_no_ack", "mode": "superposition"}
{"ts": "2026-06-22T19:18:42.970405+00:00", "level": "metric", "event": "chunk_ack", "role": "benchmark", "region": "eastus", "seq_num": 117, "rtt_ms": 23263.73, "verified": true, "status": "forwarded_no_ack", "mode": "superposition"}
{"ts": "2026-06-22T19:18:43.161839+00:00", "level": "metric", "event": "chunk_ack", "role": "benchmark", "region": "eastus", "seq_num": 118, "rtt_ms": 23453.72, "verified": true, "status": "forwarded_no_ack", "mode": "superposition"}
{"ts": "2026-06-22T19:18:43.352840+00:00", "level": "metric", "event": "chunk_ack", "role": "benchmark", "region": "eastus", "seq_num": 119, "rtt_ms": 23644.62, "verified": true, "status": "forwarded_no_ack", "mode": "superposition"}
{"ts": "2026-06-22T19:18:43.543796+00:00", "level": "metric", "event": "chunk_ack", "role": "benchmark", "region": "eastus", "seq_num": 120, "rtt_ms": 23834.69, "verified": true, "status": "forwarded_no_ack", "mode": "superposition"}
{"ts": "2026-06-22T19:18:43.734463+00:00", "level": "metric", "event": "chunk_ack", "role": "benchmark", "region": "eastus", "seq_num": 121, "rtt_ms": 24024.83, "verified": true, "status": "forwarded_no_ack", "mode": "superposition"}
{"ts": "2026-06-22T19:18:43.926274+00:00", "level": "metric", "event": "chunk_ack", "role": "benchmark", "region": "eastus", "seq_num": 122, "rtt_ms": 24214.95, "verified": true, "status": "forwarded_no_ack", "mode": "superposition"}
{"ts": "2026-06-22T19:18:44.116956+00:00", "level": "metric", "event": "chunk_ack", "role": "benchmark", "region": "eastus", "seq_num": 123, "rtt_ms": 24406.02, "verified": true, "status": "forwarded_no_ack", "mode": "superposition"}
{"ts": "2026-06-22T19:18:44.307538+00:00", "level": "metric", "event": "chunk_ack", "role": "benchmark", "region": "eastus", "seq_num": 124, "rtt_ms": 24596.08, "verified": true, "status": "forwarded_no_ack", "mode": "superposition"}
{"ts": "2026-06-22T19:18:44.498003+00:00", "level": "metric", "event": "chunk_ack", "role": "benchmark", "region": "eastus", "seq_num": 125, "rtt_ms": 24784.89, "verified": true, "status": "forwarded_no_ack", "mode": "superposition"}
{"ts": "2026-06-22T19:18:44.688740+00:00", "level": "metric", "event": "chunk_ack", "role": "benchmark", "region": "eastus", "seq_num": 126, "rtt_ms": 24974.53, "verified": true, "status": "forwarded_no_ack", "mode": "superposition"}
{"ts": "2026-06-22T19:18:44.879478+00:00", "level": "metric", "event": "chunk_ack", "role": "benchmark", "region": "eastus", "seq_num": 127, "rtt_ms": 25164.84, "verified": true, "status": "forwarded_no_ack", "mode": "superposition"}
{"ts": "2026-06-22T19:18:45.070104+00:00", "level": "metric", "event": "chunk_ack", "role": "benchmark", "region": "eastus", "seq_num": 128, "rtt_ms": 25354.88, "verified": true, "status": "forwarded_no_ack", "mode": "superposition"}
{"ts": "2026-06-22T19:18:45.261434+00:00", "level": "metric", "event": "chunk_ack", "role": "benchmark", "region": "eastus", "seq_num": 129, "rtt_ms": 25544.7, "verified": true, "status": "forwarded_no_ack", "mode": "superposition"}
{"ts": "2026-06-22T19:18:45.451796+00:00", "level": "metric", "event": "chunk_ack", "role": "benchmark", "region": "eastus", "seq_num": 130, "rtt_ms": 25735.02, "verified": true, "status": "forwarded_no_ack", "mode": "superposition"}
{"ts": "2026-06-22T19:18:45.642061+00:00", "level": "metric", "event": "chunk_ack", "role": "benchmark", "region": "eastus", "seq_num": 131, "rtt_ms": 25924.73, "verified": true, "status": "forwarded_no_ack", "mode": "superposition"}
{"ts": "2026-06-22T19:18:45.832260+00:00", "level": "metric", "event": "chunk_ack", "role": "benchmark", "region": "eastus", "seq_num": 132, "rtt_ms": 26114.28, "verified": true, "status": "forwarded_no_ack", "mode": "superposition"}
{"ts": "2026-06-22T19:18:46.023144+00:00", "level": "metric", "event": "chunk_ack", "role": "benchmark", "region": "eastus", "seq_num": 133, "rtt_ms": 26304.23, "verified": true, "status": "forwarded_no_ack", "mode": "superposition"}
{"ts": "2026-06-22T19:18:46.214961+00:00", "level": "metric", "event": "chunk_ack", "role": "benchmark", "region": "eastus", "seq_num": 134, "rtt_ms": 26494.28, "verified": true, "status": "forwarded_no_ack", "mode": "superposition"}
{"ts": "2026-06-22T19:18:46.405729+00:00", "level": "metric", "event": "chunk_ack", "role": "benchmark", "region": "eastus", "seq_num": 135, "rtt_ms": 26685.36, "verified": true, "status": "forwarded_no_ack", "mode": "superposition"}
{"ts": "2026-06-22T19:18:46.596008+00:00", "level": "metric", "event": "chunk_ack", "role": "benchmark", "region": "eastus", "seq_num": 136, "rtt_ms": 26875.3, "verified": true, "status": "forwarded_no_ack", "mode": "superposition"}
{"ts": "2026-06-22T19:18:46.786613+00:00", "level": "metric", "event": "chunk_ack", "role": "benchmark", "region": "eastus", "seq_num": 137, "rtt_ms": 27064.75, "verified": true, "status": "forwarded_no_ack", "mode": "superposition"}
{"ts": "2026-06-22T19:18:46.977839+00:00", "level": "metric", "event": "chunk_ack", "role": "benchmark", "region": "eastus", "seq_num": 138, "rtt_ms": 27254.7, "verified": true, "status": "forwarded_no_ack", "mode": "superposition"}
{"ts": "2026-06-22T19:18:47.168395+00:00", "level": "metric", "event": "chunk_ack", "role": "benchmark", "region": "eastus", "seq_num": 139, "rtt_ms": 27445.13, "verified": true, "status": "forwarded_no_ack", "mode": "superposition"}
{"ts": "2026-06-22T19:18:47.358920+00:00", "level": "metric", "event": "chunk_ack", "role": "benchmark", "region": "eastus", "seq_num": 140, "rtt_ms": 27635.16, "verified": true, "status": "forwarded_no_ack", "mode": "superposition"}
{"ts": "2026-06-22T19:18:47.549710+00:00", "level": "metric", "event": "chunk_ack", "role": "benchmark", "region": "eastus", "seq_num": 141, "rtt_ms": 27825.08, "verified": true, "status": "forwarded_no_ack", "mode": "superposition"}
{"ts": "2026-06-22T19:18:47.740624+00:00", "level": "metric", "event": "chunk_ack", "role": "benchmark", "region": "eastus", "seq_num": 142, "rtt_ms": 28015.24, "verified": true, "status": "forwarded_no_ack", "mode": "superposition"}
{"ts": "2026-06-22T19:18:47.931156+00:00", "level": "metric", "event": "chunk_ack", "role": "benchmark", "region": "eastus", "seq_num": 143, "rtt_ms": 28205.37, "verified": true, "status": "forwarded_no_ack", "mode": "superposition"}
{"ts": "2026-06-22T19:18:48.122231+00:00", "level": "metric", "event": "chunk_ack", "role": "benchmark", "region": "eastus", "seq_num": 144, "rtt_ms": 28395.28, "verified": true, "status": "forwarded_no_ack", "mode": "superposition"}
{"ts": "2026-06-22T19:18:48.313216+00:00", "level": "metric", "event": "chunk_ack", "role": "benchmark", "region": "eastus", "seq_num": 145, "rtt_ms": 28585.7, "verified": true, "status": "forwarded_no_ack", "mode": "superposition"}
{"ts": "2026-06-22T19:18:48.504023+00:00", "level": "metric", "event": "chunk_ack", "role": "benchmark", "region": "eastus", "seq_num": 146, "rtt_ms": 28775.57, "verified": true, "status": "forwarded_no_ack", "mode": "superposition"}
{"ts": "2026-06-22T19:18:48.694865+00:00", "level": "metric", "event": "chunk_ack", "role": "benchmark", "region": "eastus", "seq_num": 147, "rtt_ms": 28965.63, "verified": true, "status": "forwarded_no_ack", "mode": "superposition"}
{"ts": "2026-06-22T19:18:48.885517+00:00", "level": "metric", "event": "chunk_ack", "role": "benchmark", "region": "eastus", "seq_num": 148, "rtt_ms": 29155.61, "verified": true, "status": "forwarded_no_ack", "mode": "superposition"}
{"ts": "2026-06-22T19:18:49.076399+00:00", "level": "metric", "event": "chunk_ack", "role": "benchmark", "region": "eastus", "seq_num": 149, "rtt_ms": 29345.34, "verified": true, "status": "forwarded_no_ack", "mode": "superposition"}
{"ts": "2026-06-22T19:18:49.266924+00:00", "level": "metric", "event": "chunk_ack", "role": "benchmark", "region": "eastus", "seq_num": 150, "rtt_ms": 29535.55, "verified": true, "status": "forwarded_no_ack", "mode": "superposition"}
{"ts": "2026-06-22T19:18:49.457224+00:00", "level": "metric", "event": "chunk_ack", "role": "benchmark", "region": "eastus", "seq_num": 151, "rtt_ms": 29725.4, "verified": true, "status": "forwarded_no_ack", "mode": "superposition"}
{"ts": "2026-06-22T19:18:49.647874+00:00", "level": "metric", "event": "chunk_ack", "role": "benchmark", "region": "eastus", "seq_num": 152, "rtt_ms": 29914.93, "verified": true, "status": "forwarded_no_ack", "mode": "superposition"}
{"ts": "2026-06-22T19:18:49.838471+00:00", "level": "metric", "event": "chunk_ack", "role": "benchmark", "region": "eastus", "seq_num": 153, "rtt_ms": 30104.92, "verified": true, "status": "forwarded_no_ack", "mode": "superposition"}
{"ts": "2026-06-22T19:18:50.028892+00:00", "level": "metric", "event": "chunk_ack", "role": "benchmark", "region": "eastus", "seq_num": 154, "rtt_ms": 30294.8, "verified": true, "status": "forwarded_no_ack", "mode": "superposition"}
{"ts": "2026-06-22T19:18:50.219808+00:00", "level": "metric", "event": "chunk_ack", "role": "benchmark", "region": "eastus", "seq_num": 155, "rtt_ms": 30484.66, "verified": true, "status": "forwarded_no_ack", "mode": "superposition"}
{"ts": "2026-06-22T19:18:50.410470+00:00", "level": "metric", "event": "chunk_ack", "role": "benchmark", "region": "eastus", "seq_num": 156, "rtt_ms": 30674.77, "verified": true, "status": "forwarded_no_ack", "mode": "superposition"}
{"ts": "2026-06-22T19:18:50.603729+00:00", "level": "metric", "event": "chunk_ack", "role": "benchmark", "region": "eastus", "seq_num": 157, "rtt_ms": 30866.35, "verified": true, "status": "forwarded_no_ack", "mode": "superposition"}
{"ts": "2026-06-22T19:18:50.794925+00:00", "level": "metric", "event": "chunk_ack", "role": "benchmark", "region": "eastus", "seq_num": 158, "rtt_ms": 31057.6, "verified": true, "status": "forwarded_no_ack", "mode": "superposition"}
{"ts": "2026-06-22T19:18:50.985331+00:00", "level": "metric", "event": "chunk_ack", "role": "benchmark", "region": "eastus", "seq_num": 159, "rtt_ms": 31247.78, "verified": true, "status": "forwarded_no_ack", "mode": "superposition"}
{"ts": "2026-06-22T19:18:51.176077+00:00", "level": "metric", "event": "chunk_ack", "role": "benchmark", "region": "eastus", "seq_num": 160, "rtt_ms": 31437.47, "verified": true, "status": "forwarded_no_ack", "mode": "superposition"}
{"ts": "2026-06-22T19:18:51.367628+00:00", "level": "metric", "event": "chunk_ack", "role": "benchmark", "region": "eastus", "seq_num": 161, "rtt_ms": 31627.89, "verified": true, "status": "forwarded_no_ack", "mode": "superposition"}
{"ts": "2026-06-22T19:18:51.558366+00:00", "level": "metric", "event": "chunk_ack", "role": "benchmark", "region": "eastus", "seq_num": 162, "rtt_ms": 31818.39, "verified": true, "status": "forwarded_no_ack", "mode": "superposition"}
{"ts": "2026-06-22T19:18:51.749286+00:00", "level": "metric", "event": "chunk_ack", "role": "benchmark", "region": "eastus", "seq_num": 163, "rtt_ms": 32008.84, "verified": true, "status": "forwarded_no_ack", "mode": "superposition"}
{"ts": "2026-06-22T19:18:51.940112+00:00", "level": "metric", "event": "chunk_ack", "role": "benchmark", "region": "eastus", "seq_num": 164, "rtt_ms": 32199.01, "verified": true, "status": "forwarded_no_ack", "mode": "superposition"}
{"ts": "2026-06-22T19:18:52.131038+00:00", "level": "metric", "event": "chunk_ack", "role": "benchmark", "region": "eastus", "seq_num": 165, "rtt_ms": 32389.29, "verified": true, "status": "forwarded_no_ack", "mode": "superposition"}
{"ts": "2026-06-22T19:18:52.322363+00:00", "level": "metric", "event": "chunk_ack", "role": "benchmark", "region": "eastus", "seq_num": 166, "rtt_ms": 32579.41, "verified": true, "status": "forwarded_no_ack", "mode": "superposition"}
{"ts": "2026-06-22T19:18:52.513358+00:00", "level": "metric", "event": "chunk_ack", "role": "benchmark", "region": "eastus", "seq_num": 167, "rtt_ms": 32770.26, "verified": true, "status": "forwarded_no_ack", "mode": "superposition"}
{"ts": "2026-06-22T19:18:52.703803+00:00", "level": "metric", "event": "chunk_ack", "role": "benchmark", "region": "eastus", "seq_num": 168, "rtt_ms": 32959.5, "verified": true, "status": "forwarded_no_ack", "mode": "superposition"}
{"ts": "2026-06-22T19:18:52.894256+00:00", "level": "metric", "event": "chunk_ack", "role": "benchmark", "region": "eastus", "seq_num": 169, "rtt_ms": 33149.1, "verified": true, "status": "forwarded_no_ack", "mode": "superposition"}
{"ts": "2026-06-22T19:18:53.085225+00:00", "level": "metric", "event": "chunk_ack", "role": "benchmark", "region": "eastus", "seq_num": 170, "rtt_ms": 33338.82, "verified": true, "status": "forwarded_no_ack", "mode": "superposition"}
{"ts": "2026-06-22T19:18:53.276861+00:00", "level": "metric", "event": "chunk_ack", "role": "benchmark", "region": "eastus", "seq_num": 171, "rtt_ms": 33529.36, "verified": true, "status": "forwarded_no_ack", "mode": "superposition"}
{"ts": "2026-06-22T19:18:53.467575+00:00", "level": "metric", "event": "chunk_ack", "role": "benchmark", "region": "eastus", "seq_num": 172, "rtt_ms": 33720.01, "verified": true, "status": "forwarded_no_ack", "mode": "superposition"}
{"ts": "2026-06-22T19:18:53.658293+00:00", "level": "metric", "event": "chunk_ack", "role": "benchmark", "region": "eastus", "seq_num": 173, "rtt_ms": 33910.05, "verified": true, "status": "forwarded_no_ack", "mode": "superposition"}
{"ts": "2026-06-22T19:18:53.848877+00:00", "level": "metric", "event": "chunk_ack", "role": "benchmark", "region": "eastus", "seq_num": 174, "rtt_ms": 34100.04, "verified": true, "status": "forwarded_no_ack", "mode": "superposition"}
{"ts": "2026-06-22T19:18:54.039679+00:00", "level": "metric", "event": "chunk_ack", "role": "benchmark", "region": "eastus", "seq_num": 175, "rtt_ms": 34289.96, "verified": true, "status": "forwarded_no_ack", "mode": "superposition"}
{"ts": "2026-06-22T19:18:54.231292+00:00", "level": "metric", "event": "chunk_ack", "role": "benchmark", "region": "eastus", "seq_num": 176, "rtt_ms": 34480.4, "verified": true, "status": "forwarded_no_ack", "mode": "superposition"}
{"ts": "2026-06-22T19:18:54.422408+00:00", "level": "metric", "event": "chunk_ack", "role": "benchmark", "region": "eastus", "seq_num": 177, "rtt_ms": 34670.97, "verified": true, "status": "forwarded_no_ack", "mode": "superposition"}
{"ts": "2026-06-22T19:18:54.613393+00:00", "level": "metric", "event": "chunk_ack", "role": "benchmark", "region": "eastus", "seq_num": 178, "rtt_ms": 34861.73, "verified": true, "status": "forwarded_no_ack", "mode": "superposition"}
{"ts": "2026-06-22T19:18:54.804263+00:00", "level": "metric", "event": "chunk_ack", "role": "benchmark", "region": "eastus", "seq_num": 179, "rtt_ms": 35051.97, "verified": true, "status": "forwarded_no_ack", "mode": "superposition"}
{"ts": "2026-06-22T19:18:54.994521+00:00", "level": "metric", "event": "chunk_ack", "role": "benchmark", "region": "eastus", "seq_num": 180, "rtt_ms": 35241.79, "verified": true, "status": "forwarded_no_ack", "mode": "superposition"}
{"ts": "2026-06-22T19:18:55.185940+00:00", "level": "metric", "event": "chunk_ack", "role": "benchmark", "region": "eastus", "seq_num": 181, "rtt_ms": 35431.71, "verified": true, "status": "forwarded_no_ack", "mode": "superposition"}
{"ts": "2026-06-22T19:18:55.376435+00:00", "level": "metric", "event": "chunk_ack", "role": "benchmark", "region": "eastus", "seq_num": 182, "rtt_ms": 35622.08, "verified": true, "status": "forwarded_no_ack", "mode": "superposition"}
{"ts": "2026-06-22T19:18:55.566991+00:00", "level": "metric", "event": "chunk_ack", "role": "benchmark", "region": "eastus", "seq_num": 183, "rtt_ms": 35811.85, "verified": true, "status": "forwarded_no_ack", "mode": "superposition"}
{"ts": "2026-06-22T19:18:55.757530+00:00", "level": "metric", "event": "chunk_ack", "role": "benchmark", "region": "eastus", "seq_num": 184, "rtt_ms": 36002.1, "verified": true, "status": "forwarded_no_ack", "mode": "superposition"}
{"ts": "2026-06-22T19:18:55.948631+00:00", "level": "metric", "event": "chunk_ack", "role": "benchmark", "region": "eastus", "seq_num": 185, "rtt_ms": 36192.02, "verified": true, "status": "forwarded_no_ack", "mode": "superposition"}
{"ts": "2026-06-22T19:18:56.139494+00:00", "level": "metric", "event": "chunk_ack", "role": "benchmark", "region": "eastus", "seq_num": 186, "rtt_ms": 36381.99, "verified": true, "status": "forwarded_no_ack", "mode": "superposition"}
{"ts": "2026-06-22T19:18:56.330083+00:00", "level": "metric", "event": "chunk_ack", "role": "benchmark", "region": "eastus", "seq_num": 187, "rtt_ms": 36572.38, "verified": true, "status": "forwarded_no_ack", "mode": "superposition"}
{"ts": "2026-06-22T19:18:56.520939+00:00", "level": "metric", "event": "chunk_ack", "role": "benchmark", "region": "eastus", "seq_num": 188, "rtt_ms": 36762.36, "verified": true, "status": "forwarded_no_ack", "mode": "superposition"}
{"ts": "2026-06-22T19:18:56.711428+00:00", "level": "metric", "event": "chunk_ack", "role": "benchmark", "region": "eastus", "seq_num": 189, "rtt_ms": 36952.38, "verified": true, "status": "forwarded_no_ack", "mode": "superposition"}
{"ts": "2026-06-22T19:18:56.901985+00:00", "level": "metric", "event": "chunk_ack", "role": "benchmark", "region": "eastus", "seq_num": 190, "rtt_ms": 37142.08, "verified": true, "status": "forwarded_no_ack", "mode": "superposition"}
{"ts": "2026-06-22T19:18:57.092866+00:00", "level": "metric", "event": "chunk_ack", "role": "benchmark", "region": "eastus", "seq_num": 191, "rtt_ms": 37332.0, "verified": true, "status": "forwarded_no_ack", "mode": "superposition"}
{"ts": "2026-06-22T19:18:57.283431+00:00", "level": "metric", "event": "chunk_ack", "role": "benchmark", "region": "eastus", "seq_num": 192, "rtt_ms": 37521.91, "verified": true, "status": "forwarded_no_ack", "mode": "superposition"}
{"ts": "2026-06-22T19:18:57.474888+00:00", "level": "metric", "event": "chunk_ack", "role": "benchmark", "region": "eastus", "seq_num": 193, "rtt_ms": 37711.8, "verified": true, "status": "forwarded_no_ack", "mode": "superposition"}
{"ts": "2026-06-22T19:18:57.665730+00:00", "level": "metric", "event": "chunk_ack", "role": "benchmark", "region": "eastus", "seq_num": 194, "rtt_ms": 37902.73, "verified": true, "status": "forwarded_no_ack", "mode": "superposition"}
{"ts": "2026-06-22T19:18:57.856390+00:00", "level": "metric", "event": "chunk_ack", "role": "benchmark", "region": "eastus", "seq_num": 195, "rtt_ms": 38092.55, "verified": true, "status": "forwarded_no_ack", "mode": "superposition"}
{"ts": "2026-06-22T19:18:58.046750+00:00", "level": "metric", "event": "chunk_ack", "role": "benchmark", "region": "eastus", "seq_num": 196, "rtt_ms": 38282.56, "verified": true, "status": "forwarded_no_ack", "mode": "superposition"}
{"ts": "2026-06-22T19:18:58.237537+00:00", "level": "metric", "event": "chunk_ack", "role": "benchmark", "region": "eastus", "seq_num": 197, "rtt_ms": 38472.11, "verified": true, "status": "forwarded_no_ack", "mode": "superposition"}
{"ts": "2026-06-22T19:18:58.428479+00:00", "level": "metric", "event": "chunk_ack", "role": "benchmark", "region": "eastus", "seq_num": 198, "rtt_ms": 38662.65, "verified": true, "status": "forwarded_no_ack", "mode": "superposition"}
{"ts": "2026-06-22T19:18:58.619354+00:00", "level": "metric", "event": "chunk_ack", "role": "benchmark", "region": "eastus", "seq_num": 199, "rtt_ms": 38852.47, "verified": true, "status": "forwarded_no_ack", "mode": "superposition"}
{"ts": "2026-06-22T19:18:58.809861+00:00", "level": "metric", "event": "chunk_ack", "role": "benchmark", "region": "eastus", "seq_num": 200, "rtt_ms": 39042.55, "verified": true, "status": "forwarded_no_ack", "mode": "superposition"}
{"ts": "2026-06-22T19:18:59.001210+00:00", "level": "metric", "event": "chunk_ack", "role": "benchmark", "region": "eastus", "seq_num": 201, "rtt_ms": 39233.07, "verified": true, "status": "forwarded_no_ack", "mode": "superposition"}
{"ts": "2026-06-22T19:18:59.191524+00:00", "level": "metric", "event": "chunk_ack", "role": "benchmark", "region": "eastus", "seq_num": 202, "rtt_ms": 39423.04, "verified": true, "status": "forwarded_no_ack", "mode": "superposition"}
{"ts": "2026-06-22T19:18:59.382067+00:00", "level": "metric", "event": "chunk_ack", "role": "benchmark", "region": "eastus", "seq_num": 203, "rtt_ms": 39612.64, "verified": true, "status": "forwarded_no_ack", "mode": "superposition"}
{"ts": "2026-06-22T19:18:59.572952+00:00", "level": "metric", "event": "chunk_ack", "role": "benchmark", "region": "eastus", "seq_num": 204, "rtt_ms": 39802.45, "verified": true, "status": "forwarded_no_ack", "mode": "superposition"}
{"ts": "2026-06-22T19:18:59.766554+00:00", "level": "info", "event": "mode_complete", "role": "benchmark", "region": "eastus", "mode": "superposition", "avg_rtt_ms": 20525.024, "p99_rtt_ms": 39423.039, "throughput_mbps": 0.02, "verified_pct": 100.0}
{"ts": "2026-06-22T19:18:59.766981+00:00", "level": "info", "event": "benchmark_complete", "role": "benchmark", "region": "eastus", "modes": ["direct", "isolation", "superposition"], "log_file": "/data/chorus_benchmark_20260622T191653Z.log", "db": "/data/chorus_benchmark.db"}
{"ts": "2026-06-22T19:18:59.767106+00:00", "level": "info", "event": "log_closed", "role": "benchmark", "region": "eastus", "elapsed_s": 125.81, "total_info": 8, "total_warnings": 0, "total_errors": 0, "log_path": "/data/chorus_benchmark_20260622T191653Z.log"}
