{"ts": "2026-06-22T19:06:34.024625+00:00", "level": "info", "event": "log_opened", "role": "benchmark", "region": "eastus", "path": "/data/chorus_benchmark_20260622T190633Z.log"}
{"ts": "2026-06-22T19:06:35.225555+00:00", "level": "info", "event": "benchmark_started", "role": "benchmark", "region": "eastus", "source": "eastus", "target": "germanywestcentral", "chunks_per_mode": 200, "warmup": 5, "db": "/data/chorus_benchmark.db", "log_file": "/data/chorus_benchmark_20260622T190633Z.log"}
{"ts": "2026-06-22T19:06:35.521976+00:00", "level": "info", "event": "mode_started", "role": "benchmark", "region": "eastus", "mode": "direct"}
{"ts": "2026-06-22T19:06:37.991675+00:00", "level": "metric", "event": "chunk_ack", "role": "benchmark", "region": "eastus", "seq_num": 0, "rtt_ms": 1036.35, "verified": true, "status": "forwarded_no_ack", "mode": "direct"}
{"ts": "2026-06-22T19:06:38.155984+00:00", "level": "metric", "event": "chunk_ack", "role": "benchmark", "region": "eastus", "seq_num": 1, "rtt_ms": 1190.41, "verified": true, "status": "forwarded_no_ack", "mode": "direct"}
{"ts": "2026-06-22T19:06:38.313766+00:00", "level": "metric", "event": "chunk_ack", "role": "benchmark", "region": "eastus", "seq_num": 2, "rtt_ms": 1346.78, "verified": true, "status": "forwarded_no_ack", "mode": "direct"}
{"ts": "2026-06-22T19:06:38.463812+00:00", "level": "metric", "event": "chunk_ack", "role": "benchmark", "region": "eastus", "seq_num": 3, "rtt_ms": 1495.51, "verified": true, "status": "forwarded_no_ack", "mode": "direct"}
{"ts": "2026-06-22T19:06:38.612498+00:00", "level": "metric", "event": "chunk_ack", "role": "benchmark", "region": "eastus", "seq_num": 4, "rtt_ms": 1638.2, "verified": true, "status": "forwarded_no_ack", "mode": "direct"}
{"ts": "2026-06-22T19:06:39.127311+00:00", "level": "metric", "event": "chunk_ack", "role": "benchmark", "region": "eastus", "seq_num": 5, "rtt_ms": 1782.88, "verified": true, "status": "forwarded_no_ack", "mode": "direct"}
{"ts": "2026-06-22T19:06:39.312943+00:00", "level": "metric", "event": "chunk_ack", "role": "benchmark", "region": "eastus", "seq_num": 6, "rtt_ms": 2145.69, "verified": true, "status": "forwarded_no_ack", "mode": "direct"}
{"ts": "2026-06-22T19:06:39.498200+00:00", "level": "metric", "event": "chunk_ack", "role": "benchmark", "region": "eastus", "seq_num": 7, "rtt_ms": 2326.29, "verified": true, "status": "forwarded_no_ack", "mode": "direct"}
{"ts": "2026-06-22T19:06:39.693061+00:00", "level": "metric", "event": "chunk_ack", "role": "benchmark", "region": "eastus", "seq_num": 8, "rtt_ms": 2508.32, "verified": true, "status": "forwarded_no_ack", "mode": "direct"}
{"ts": "2026-06-22T19:06:39.878483+00:00", "level": "metric", "event": "chunk_ack", "role": "benchmark", "region": "eastus", "seq_num": 9, "rtt_ms": 2697.9, "verified": true, "status": "forwarded_no_ack", "mode": "direct"}
{"ts": "2026-06-22T19:06:40.063759+00:00", "level": "metric", "event": "chunk_ack", "role": "benchmark", "region": "eastus", "seq_num": 10, "rtt_ms": 2877.73, "verified": true, "status": "forwarded_no_ack", "mode": "direct"}
{"ts": "2026-06-22T19:06:40.249405+00:00", "level": "metric", "event": "chunk_ack", "role": "benchmark", "region": "eastus", "seq_num": 11, "rtt_ms": 3058.82, "verified": true, "status": "forwarded_no_ack", "mode": "direct"}
{"ts": "2026-06-22T19:06:40.435839+00:00", "level": "metric", "event": "chunk_ack", "role": "benchmark", "region": "eastus", "seq_num": 12, "rtt_ms": 3241.26, "verified": true, "status": "forwarded_no_ack", "mode": "direct"}
{"ts": "2026-06-22T19:06:40.620768+00:00", "level": "metric", "event": "chunk_ack", "role": "benchmark", "region": "eastus", "seq_num": 13, "rtt_ms": 3422.49, "verified": true, "status": "forwarded_no_ack", "mode": "direct"}
{"ts": "2026-06-22T19:06:40.805399+00:00", "level": "metric", "event": "chunk_ack", "role": "benchmark", "region": "eastus", "seq_num": 14, "rtt_ms": 3603.93, "verified": true, "status": "forwarded_no_ack", "mode": "direct"}
{"ts": "2026-06-22T19:06:40.990191+00:00", "level": "metric", "event": "chunk_ack", "role": "benchmark", "region": "eastus", "seq_num": 15, "rtt_ms": 3784.33, "verified": true, "status": "forwarded_no_ack", "mode": "direct"}
{"ts": "2026-06-22T19:06:41.175142+00:00", "level": "metric", "event": "chunk_ack", "role": "benchmark", "region": "eastus", "seq_num": 16, "rtt_ms": 3963.81, "verified": true, "status": "forwarded_no_ack", "mode": "direct"}
{"ts": "2026-06-22T19:06:41.361611+00:00", "level": "metric", "event": "chunk_ack", "role": "benchmark", "region": "eastus", "seq_num": 17, "rtt_ms": 4145.79, "verified": true, "status": "forwarded_no_ack", "mode": "direct"}
{"ts": "2026-06-22T19:06:41.546695+00:00", "level": "metric", "event": "chunk_ack", "role": "benchmark", "region": "eastus", "seq_num": 18, "rtt_ms": 4328.88, "verified": true, "status": "forwarded_no_ack", "mode": "direct"}
{"ts": "2026-06-22T19:06:41.731688+00:00", "level": "metric", "event": "chunk_ack", "role": "benchmark", "region": "eastus", "seq_num": 19, "rtt_ms": 4509.54, "verified": true, "status": "forwarded_no_ack", "mode": "direct"}
{"ts": "2026-06-22T19:06:41.919255+00:00", "level": "metric", "event": "chunk_ack", "role": "benchmark", "region": "eastus", "seq_num": 20, "rtt_ms": 4691.22, "verified": true, "status": "forwarded_no_ack", "mode": "direct"}
{"ts": "2026-06-22T19:06:42.106451+00:00", "level": "metric", "event": "chunk_ack", "role": "benchmark", "region": "eastus", "seq_num": 21, "rtt_ms": 4874.9, "verified": true, "status": "forwarded_no_ack", "mode": "direct"}
{"ts": "2026-06-22T19:06:42.291370+00:00", "level": "metric", "event": "chunk_ack", "role": "benchmark", "region": "eastus", "seq_num": 22, "rtt_ms": 5059.86, "verified": true, "status": "forwarded_no_ack", "mode": "direct"}
{"ts": "2026-06-22T19:06:42.477593+00:00", "level": "metric", "event": "chunk_ack", "role": "benchmark", "region": "eastus", "seq_num": 23, "rtt_ms": 5241.66, "verified": true, "status": "forwarded_no_ack", "mode": "direct"}
{"ts": "2026-06-22T19:06:42.663082+00:00", "level": "metric", "event": "chunk_ack", "role": "benchmark", "region": "eastus", "seq_num": 24, "rtt_ms": 5425.08, "verified": true, "status": "forwarded_no_ack", "mode": "direct"}
{"ts": "2026-06-22T19:06:42.848053+00:00", "level": "metric", "event": "chunk_ack", "role": "benchmark", "region": "eastus", "seq_num": 25, "rtt_ms": 5607.5, "verified": true, "status": "forwarded_no_ack", "mode": "direct"}
{"ts": "2026-06-22T19:06:43.032963+00:00", "level": "metric", "event": "chunk_ack", "role": "benchmark", "region": "eastus", "seq_num": 26, "rtt_ms": 5787.36, "verified": true, "status": "forwarded_no_ack", "mode": "direct"}
{"ts": "2026-06-22T19:06:43.218938+00:00", "level": "metric", "event": "chunk_ack", "role": "benchmark", "region": "eastus", "seq_num": 27, "rtt_ms": 5969.62, "verified": true, "status": "forwarded_no_ack", "mode": "direct"}
{"ts": "2026-06-22T19:06:43.404179+00:00", "level": "metric", "event": "chunk_ack", "role": "benchmark", "region": "eastus", "seq_num": 28, "rtt_ms": 6152.15, "verified": true, "status": "forwarded_no_ack", "mode": "direct"}
{"ts": "2026-06-22T19:06:43.591220+00:00", "level": "metric", "event": "chunk_ack", "role": "benchmark", "region": "eastus", "seq_num": 29, "rtt_ms": 6334.67, "verified": true, "status": "forwarded_no_ack", "mode": "direct"}
{"ts": "2026-06-22T19:06:43.781833+00:00", "level": "metric", "event": "chunk_ack", "role": "benchmark", "region": "eastus", "seq_num": 30, "rtt_ms": 6520.18, "verified": true, "status": "forwarded_no_ack", "mode": "direct"}
{"ts": "2026-06-22T19:06:43.967357+00:00", "level": "metric", "event": "chunk_ack", "role": "benchmark", "region": "eastus", "seq_num": 31, "rtt_ms": 6707.7, "verified": true, "status": "forwarded_no_ack", "mode": "direct"}
{"ts": "2026-06-22T19:06:44.154108+00:00", "level": "metric", "event": "chunk_ack", "role": "benchmark", "region": "eastus", "seq_num": 32, "rtt_ms": 6890.76, "verified": true, "status": "forwarded_no_ack", "mode": "direct"}
{"ts": "2026-06-22T19:06:44.342321+00:00", "level": "metric", "event": "chunk_ack", "role": "benchmark", "region": "eastus", "seq_num": 33, "rtt_ms": 7073.65, "verified": true, "status": "forwarded_no_ack", "mode": "direct"}
{"ts": "2026-06-22T19:06:44.527951+00:00", "level": "metric", "event": "chunk_ack", "role": "benchmark", "region": "eastus", "seq_num": 34, "rtt_ms": 7258.3, "verified": true, "status": "forwarded_no_ack", "mode": "direct"}
{"ts": "2026-06-22T19:06:44.713431+00:00", "level": "metric", "event": "chunk_ack", "role": "benchmark", "region": "eastus", "seq_num": 35, "rtt_ms": 7438.87, "verified": true, "status": "forwarded_no_ack", "mode": "direct"}
{"ts": "2026-06-22T19:06:44.899067+00:00", "level": "metric", "event": "chunk_ack", "role": "benchmark", "region": "eastus", "seq_num": 36, "rtt_ms": 7620.78, "verified": true, "status": "forwarded_no_ack", "mode": "direct"}
{"ts": "2026-06-22T19:06:45.084788+00:00", "level": "metric", "event": "chunk_ack", "role": "benchmark", "region": "eastus", "seq_num": 37, "rtt_ms": 7803.8, "verified": true, "status": "forwarded_no_ack", "mode": "direct"}
{"ts": "2026-06-22T19:06:45.269693+00:00", "level": "metric", "event": "chunk_ack", "role": "benchmark", "region": "eastus", "seq_num": 38, "rtt_ms": 7988.72, "verified": true, "status": "forwarded_no_ack", "mode": "direct"}
{"ts": "2026-06-22T19:06:45.455832+00:00", "level": "metric", "event": "chunk_ack", "role": "benchmark", "region": "eastus", "seq_num": 39, "rtt_ms": 8171.98, "verified": true, "status": "forwarded_no_ack", "mode": "direct"}
{"ts": "2026-06-22T19:06:45.641256+00:00", "level": "metric", "event": "chunk_ack", "role": "benchmark", "region": "eastus", "seq_num": 40, "rtt_ms": 8355.04, "verified": true, "status": "forwarded_no_ack", "mode": "direct"}
{"ts": "2026-06-22T19:06:45.825997+00:00", "level": "metric", "event": "chunk_ack", "role": "benchmark", "region": "eastus", "seq_num": 41, "rtt_ms": 8537.69, "verified": true, "status": "forwarded_no_ack", "mode": "direct"}
{"ts": "2026-06-22T19:06:46.011591+00:00", "level": "metric", "event": "chunk_ack", "role": "benchmark", "region": "eastus", "seq_num": 42, "rtt_ms": 8719.85, "verified": true, "status": "forwarded_no_ack", "mode": "direct"}
{"ts": "2026-06-22T19:06:46.197379+00:00", "level": "metric", "event": "chunk_ack", "role": "benchmark", "region": "eastus", "seq_num": 43, "rtt_ms": 8901.75, "verified": true, "status": "forwarded_no_ack", "mode": "direct"}
{"ts": "2026-06-22T19:06:46.384507+00:00", "level": "metric", "event": "chunk_ack", "role": "benchmark", "region": "eastus", "seq_num": 44, "rtt_ms": 9084.82, "verified": true, "status": "forwarded_no_ack", "mode": "direct"}
{"ts": "2026-06-22T19:06:46.577371+00:00", "level": "metric", "event": "chunk_ack", "role": "benchmark", "region": "eastus", "seq_num": 45, "rtt_ms": 9270.17, "verified": true, "status": "forwarded_no_ack", "mode": "direct"}
{"ts": "2026-06-22T19:06:46.762673+00:00", "level": "metric", "event": "chunk_ack", "role": "benchmark", "region": "eastus", "seq_num": 46, "rtt_ms": 9459.63, "verified": true, "status": "forwarded_no_ack", "mode": "direct"}
{"ts": "2026-06-22T19:06:46.948237+00:00", "level": "metric", "event": "chunk_ack", "role": "benchmark", "region": "eastus", "seq_num": 47, "rtt_ms": 9642.46, "verified": true, "status": "forwarded_no_ack", "mode": "direct"}
{"ts": "2026-06-22T19:06:47.132980+00:00", "level": "metric", "event": "chunk_ack", "role": "benchmark", "region": "eastus", "seq_num": 48, "rtt_ms": 9825.18, "verified": true, "status": "forwarded_no_ack", "mode": "direct"}
{"ts": "2026-06-22T19:06:47.319257+00:00", "level": "metric", "event": "chunk_ack", "role": "benchmark", "region": "eastus", "seq_num": 49, "rtt_ms": 10007.13, "verified": true, "status": "forwarded_no_ack", "mode": "direct"}
{"ts": "2026-06-22T19:06:47.504397+00:00", "level": "metric", "event": "chunk_ack", "role": "benchmark", "region": "eastus", "seq_num": 50, "rtt_ms": 10189.67, "verified": true, "status": "forwarded_no_ack", "mode": "direct"}
{"ts": "2026-06-22T19:06:47.690229+00:00", "level": "metric", "event": "chunk_ack", "role": "benchmark", "region": "eastus", "seq_num": 51, "rtt_ms": 10370.22, "verified": true, "status": "forwarded_no_ack", "mode": "direct"}
{"ts": "2026-06-22T19:06:47.876437+00:00", "level": "metric", "event": "chunk_ack", "role": "benchmark", "region": "eastus", "seq_num": 52, "rtt_ms": 10551.47, "verified": true, "status": "forwarded_no_ack", "mode": "direct"}
{"ts": "2026-06-22T19:06:48.061791+00:00", "level": "metric", "event": "chunk_ack", "role": "benchmark", "region": "eastus", "seq_num": 53, "rtt_ms": 10734.41, "verified": true, "status": "forwarded_no_ack", "mode": "direct"}
{"ts": "2026-06-22T19:06:48.248957+00:00", "level": "metric", "event": "chunk_ack", "role": "benchmark", "region": "eastus", "seq_num": 54, "rtt_ms": 10914.86, "verified": true, "status": "forwarded_no_ack", "mode": "direct"}
{"ts": "2026-06-22T19:06:48.435334+00:00", "level": "metric", "event": "chunk_ack", "role": "benchmark", "region": "eastus", "seq_num": 55, "rtt_ms": 11097.06, "verified": true, "status": "forwarded_no_ack", "mode": "direct"}
{"ts": "2026-06-22T19:06:48.621121+00:00", "level": "metric", "event": "chunk_ack", "role": "benchmark", "region": "eastus", "seq_num": 56, "rtt_ms": 11277.26, "verified": true, "status": "forwarded_no_ack", "mode": "direct"}
{"ts": "2026-06-22T19:06:48.807273+00:00", "level": "metric", "event": "chunk_ack", "role": "benchmark", "region": "eastus", "seq_num": 57, "rtt_ms": 11459.69, "verified": true, "status": "forwarded_no_ack", "mode": "direct"}
{"ts": "2026-06-22T19:06:48.995575+00:00", "level": "metric", "event": "chunk_ack", "role": "benchmark", "region": "eastus", "seq_num": 58, "rtt_ms": 11637.56, "verified": true, "status": "forwarded_no_ack", "mode": "direct"}
{"ts": "2026-06-22T19:06:49.182091+00:00", "level": "metric", "event": "chunk_ack", "role": "benchmark", "region": "eastus", "seq_num": 59, "rtt_ms": 11818.85, "verified": true, "status": "forwarded_no_ack", "mode": "direct"}
{"ts": "2026-06-22T19:06:49.368663+00:00", "level": "metric", "event": "chunk_ack", "role": "benchmark", "region": "eastus", "seq_num": 60, "rtt_ms": 11996.79, "verified": true, "status": "forwarded_no_ack", "mode": "direct"}
{"ts": "2026-06-22T19:06:49.554592+00:00", "level": "metric", "event": "chunk_ack", "role": "benchmark", "region": "eastus", "seq_num": 61, "rtt_ms": 12180.12, "verified": true, "status": "forwarded_no_ack", "mode": "direct"}
{"ts": "2026-06-22T19:06:49.739667+00:00", "level": "metric", "event": "chunk_ack", "role": "benchmark", "region": "eastus", "seq_num": 62, "rtt_ms": 12362.17, "verified": true, "status": "forwarded_no_ack", "mode": "direct"}
{"ts": "2026-06-22T19:06:49.925171+00:00", "level": "metric", "event": "chunk_ack", "role": "benchmark", "region": "eastus", "seq_num": 63, "rtt_ms": 12544.17, "verified": true, "status": "forwarded_no_ack", "mode": "direct"}
{"ts": "2026-06-22T19:06:50.112391+00:00", "level": "metric", "event": "chunk_ack", "role": "benchmark", "region": "eastus", "seq_num": 64, "rtt_ms": 12727.71, "verified": true, "status": "forwarded_no_ack", "mode": "direct"}
{"ts": "2026-06-22T19:06:50.297835+00:00", "level": "metric", "event": "chunk_ack", "role": "benchmark", "region": "eastus", "seq_num": 65, "rtt_ms": 12911.48, "verified": true, "status": "forwarded_no_ack", "mode": "direct"}
{"ts": "2026-06-22T19:06:50.483172+00:00", "level": "metric", "event": "chunk_ack", "role": "benchmark", "region": "eastus", "seq_num": 66, "rtt_ms": 13093.35, "verified": true, "status": "forwarded_no_ack", "mode": "direct"}
{"ts": "2026-06-22T19:06:50.668220+00:00", "level": "metric", "event": "chunk_ack", "role": "benchmark", "region": "eastus", "seq_num": 67, "rtt_ms": 13272.76, "verified": true, "status": "forwarded_no_ack", "mode": "direct"}
{"ts": "2026-06-22T19:06:50.853851+00:00", "level": "metric", "event": "chunk_ack", "role": "benchmark", "region": "eastus", "seq_num": 68, "rtt_ms": 13453.53, "verified": true, "status": "forwarded_no_ack", "mode": "direct"}
{"ts": "2026-06-22T19:06:51.039393+00:00", "level": "metric", "event": "chunk_ack", "role": "benchmark", "region": "eastus", "seq_num": 69, "rtt_ms": 13633.39, "verified": true, "status": "forwarded_no_ack", "mode": "direct"}
{"ts": "2026-06-22T19:06:51.235335+00:00", "level": "metric", "event": "chunk_ack", "role": "benchmark", "region": "eastus", "seq_num": 70, "rtt_ms": 13812.36, "verified": true, "status": "forwarded_no_ack", "mode": "direct"}
{"ts": "2026-06-22T19:06:51.420844+00:00", "level": "metric", "event": "chunk_ack", "role": "benchmark", "region": "eastus", "seq_num": 71, "rtt_ms": 14001.26, "verified": true, "status": "forwarded_no_ack", "mode": "direct"}
{"ts": "2026-06-22T19:06:51.605981+00:00", "level": "metric", "event": "chunk_ack", "role": "benchmark", "region": "eastus", "seq_num": 72, "rtt_ms": 14182.35, "verified": true, "status": "forwarded_no_ack", "mode": "direct"}
{"ts": "2026-06-22T19:06:51.794929+00:00", "level": "metric", "event": "chunk_ack", "role": "benchmark", "region": "eastus", "seq_num": 73, "rtt_ms": 14364.22, "verified": true, "status": "forwarded_no_ack", "mode": "direct"}
{"ts": "2026-06-22T19:06:51.981444+00:00", "level": "metric", "event": "chunk_ack", "role": "benchmark", "region": "eastus", "seq_num": 74, "rtt_ms": 14550.48, "verified": true, "status": "forwarded_no_ack", "mode": "direct"}
{"ts": "2026-06-22T19:06:52.167166+00:00", "level": "metric", "event": "chunk_ack", "role": "benchmark", "region": "eastus", "seq_num": 75, "rtt_ms": 14731.54, "verified": true, "status": "forwarded_no_ack", "mode": "direct"}
{"ts": "2026-06-22T19:06:52.356030+00:00", "level": "metric", "event": "chunk_ack", "role": "benchmark", "region": "eastus", "seq_num": 76, "rtt_ms": 14913.17, "verified": true, "status": "forwarded_no_ack", "mode": "direct"}
{"ts": "2026-06-22T19:06:52.540956+00:00", "level": "metric", "event": "chunk_ack", "role": "benchmark", "region": "eastus", "seq_num": 77, "rtt_ms": 15098.74, "verified": true, "status": "forwarded_no_ack", "mode": "direct"}
{"ts": "2026-06-22T19:06:52.726102+00:00", "level": "metric", "event": "chunk_ack", "role": "benchmark", "region": "eastus", "seq_num": 78, "rtt_ms": 15280.02, "verified": true, "status": "forwarded_no_ack", "mode": "direct"}
{"ts": "2026-06-22T19:06:52.918217+00:00", "level": "metric", "event": "chunk_ack", "role": "benchmark", "region": "eastus", "seq_num": 79, "rtt_ms": 15460.91, "verified": true, "status": "forwarded_no_ack", "mode": "direct"}
{"ts": "2026-06-22T19:06:53.106183+00:00", "level": "metric", "event": "chunk_ack", "role": "benchmark", "region": "eastus", "seq_num": 80, "rtt_ms": 15645.68, "verified": true, "status": "error", "mode": "direct"}
{"ts": "2026-06-22T19:06:53.291740+00:00", "level": "metric", "event": "chunk_ack", "role": "benchmark", "region": "eastus", "seq_num": 81, "rtt_ms": 15830.82, "verified": true, "status": "forwarded_no_ack", "mode": "direct"}
{"ts": "2026-06-22T19:06:53.480553+00:00", "level": "metric", "event": "chunk_ack", "role": "benchmark", "region": "eastus", "seq_num": 82, "rtt_ms": 16011.99, "verified": true, "status": "forwarded_no_ack", "mode": "direct"}
{"ts": "2026-06-22T19:06:53.666753+00:00", "level": "metric", "event": "chunk_ack", "role": "benchmark", "region": "eastus", "seq_num": 83, "rtt_ms": 16195.74, "verified": true, "status": "forwarded_no_ack", "mode": "direct"}
{"ts": "2026-06-22T19:06:53.851548+00:00", "level": "metric", "event": "chunk_ack", "role": "benchmark", "region": "eastus", "seq_num": 84, "rtt_ms": 16379.98, "verified": true, "status": "forwarded_no_ack", "mode": "direct"}
{"ts": "2026-06-22T19:06:54.040099+00:00", "level": "metric", "event": "chunk_ack", "role": "benchmark", "region": "eastus", "seq_num": 85, "rtt_ms": 16563.52, "verified": true, "status": "forwarded_no_ack", "mode": "direct"}
{"ts": "2026-06-22T19:06:54.227709+00:00", "level": "metric", "event": "chunk_ack", "role": "benchmark", "region": "eastus", "seq_num": 86, "rtt_ms": 16751.15, "verified": true, "status": "forwarded_no_ack", "mode": "direct"}
{"ts": "2026-06-22T19:06:54.415959+00:00", "level": "metric", "event": "chunk_ack", "role": "benchmark", "region": "eastus", "seq_num": 87, "rtt_ms": 16937.97, "verified": true, "status": "forwarded_no_ack", "mode": "direct"}
{"ts": "2026-06-22T19:06:54.606170+00:00", "level": "metric", "event": "chunk_ack", "role": "benchmark", "region": "eastus", "seq_num": 88, "rtt_ms": 17125.26, "verified": true, "status": "forwarded_no_ack", "mode": "direct"}
{"ts": "2026-06-22T19:06:54.791320+00:00", "level": "metric", "event": "chunk_ack", "role": "benchmark", "region": "eastus", "seq_num": 89, "rtt_ms": 17314.52, "verified": true, "status": "forwarded_no_ack", "mode": "direct"}
{"ts": "2026-06-22T19:06:54.976834+00:00", "level": "metric", "event": "chunk_ack", "role": "benchmark", "region": "eastus", "seq_num": 90, "rtt_ms": 17498.58, "verified": true, "status": "forwarded_no_ack", "mode": "direct"}
{"ts": "2026-06-22T19:06:55.162155+00:00", "level": "metric", "event": "chunk_ack", "role": "benchmark", "region": "eastus", "seq_num": 91, "rtt_ms": 17683.25, "verified": true, "status": "forwarded_no_ack", "mode": "direct"}
{"ts": "2026-06-22T19:06:55.347340+00:00", "level": "metric", "event": "chunk_ack", "role": "benchmark", "region": "eastus", "seq_num": 92, "rtt_ms": 17867.37, "verified": true, "status": "forwarded_no_ack", "mode": "direct"}
{"ts": "2026-06-22T19:06:55.532470+00:00", "level": "metric", "event": "chunk_ack", "role": "benchmark", "region": "eastus", "seq_num": 93, "rtt_ms": 18051.36, "verified": true, "status": "forwarded_no_ack", "mode": "direct"}
{"ts": "2026-06-22T19:06:55.717783+00:00", "level": "metric", "event": "chunk_ack", "role": "benchmark", "region": "eastus", "seq_num": 94, "rtt_ms": 18235.49, "verified": true, "status": "forwarded_no_ack", "mode": "direct"}
{"ts": "2026-06-22T19:06:55.903230+00:00", "level": "metric", "event": "chunk_ack", "role": "benchmark", "region": "eastus", "seq_num": 95, "rtt_ms": 18419.8, "verified": true, "status": "forwarded_no_ack", "mode": "direct"}
{"ts": "2026-06-22T19:06:56.088251+00:00", "level": "metric", "event": "chunk_ack", "role": "benchmark", "region": "eastus", "seq_num": 96, "rtt_ms": 18604.26, "verified": true, "status": "forwarded_no_ack", "mode": "direct"}
{"ts": "2026-06-22T19:06:56.276912+00:00", "level": "metric", "event": "chunk_ack", "role": "benchmark", "region": "eastus", "seq_num": 97, "rtt_ms": 18788.31, "verified": true, "status": "forwarded_no_ack", "mode": "direct"}
{"ts": "2026-06-22T19:06:56.463400+00:00", "level": "metric", "event": "chunk_ack", "role": "benchmark", "region": "eastus", "seq_num": 98, "rtt_ms": 18976.47, "verified": true, "status": "forwarded_no_ack", "mode": "direct"}
{"ts": "2026-06-22T19:06:56.652619+00:00", "level": "metric", "event": "chunk_ack", "role": "benchmark", "region": "eastus", "seq_num": 99, "rtt_ms": 19161.69, "verified": true, "status": "forwarded_no_ack", "mode": "direct"}
{"ts": "2026-06-22T19:06:56.840929+00:00", "level": "metric", "event": "chunk_ack", "role": "benchmark", "region": "eastus", "seq_num": 100, "rtt_ms": 19350.26, "verified": true, "status": "forwarded_no_ack", "mode": "direct"}
{"ts": "2026-06-22T19:06:57.026341+00:00", "level": "metric", "event": "chunk_ack", "role": "benchmark", "region": "eastus", "seq_num": 101, "rtt_ms": 19537.66, "verified": true, "status": "forwarded_no_ack", "mode": "direct"}
{"ts": "2026-06-22T19:06:57.211806+00:00", "level": "metric", "event": "chunk_ack", "role": "benchmark", "region": "eastus", "seq_num": 102, "rtt_ms": 19722.33, "verified": true, "status": "forwarded_no_ack", "mode": "direct"}
{"ts": "2026-06-22T19:06:57.397208+00:00", "level": "metric", "event": "chunk_ack", "role": "benchmark", "region": "eastus", "seq_num": 103, "rtt_ms": 19906.98, "verified": true, "status": "forwarded_no_ack", "mode": "direct"}
{"ts": "2026-06-22T19:06:57.583492+00:00", "level": "metric", "event": "chunk_ack", "role": "benchmark", "region": "eastus", "seq_num": 104, "rtt_ms": 20091.39, "verified": true, "status": "forwarded_no_ack", "mode": "direct"}
{"ts": "2026-06-22T19:06:57.770064+00:00", "level": "metric", "event": "chunk_ack", "role": "benchmark", "region": "eastus", "seq_num": 105, "rtt_ms": 20276.58, "verified": true, "status": "forwarded_no_ack", "mode": "direct"}
{"ts": "2026-06-22T19:06:57.955374+00:00", "level": "metric", "event": "chunk_ack", "role": "benchmark", "region": "eastus", "seq_num": 106, "rtt_ms": 20461.82, "verified": true, "status": "forwarded_no_ack", "mode": "direct"}
{"ts": "2026-06-22T19:06:58.140450+00:00", "level": "metric", "event": "chunk_ack", "role": "benchmark", "region": "eastus", "seq_num": 107, "rtt_ms": 20646.61, "verified": true, "status": "forwarded_no_ack", "mode": "direct"}
{"ts": "2026-06-22T19:06:58.325485+00:00", "level": "metric", "event": "chunk_ack", "role": "benchmark", "region": "eastus", "seq_num": 108, "rtt_ms": 20830.46, "verified": true, "status": "forwarded_no_ack", "mode": "direct"}
{"ts": "2026-06-22T19:06:58.511752+00:00", "level": "metric", "event": "chunk_ack", "role": "benchmark", "region": "eastus", "seq_num": 109, "rtt_ms": 21014.86, "verified": true, "status": "forwarded_no_ack", "mode": "direct"}
{"ts": "2026-06-22T19:06:58.697166+00:00", "level": "metric", "event": "chunk_ack", "role": "benchmark", "region": "eastus", "seq_num": 110, "rtt_ms": 21200.04, "verified": true, "status": "forwarded_no_ack", "mode": "direct"}
{"ts": "2026-06-22T19:06:58.882274+00:00", "level": "metric", "event": "chunk_ack", "role": "benchmark", "region": "eastus", "seq_num": 111, "rtt_ms": 21384.38, "verified": true, "status": "forwarded_no_ack", "mode": "direct"}
{"ts": "2026-06-22T19:06:59.093092+00:00", "level": "metric", "event": "chunk_ack", "role": "benchmark", "region": "eastus", "seq_num": 112, "rtt_ms": 21568.49, "verified": true, "status": "forwarded_no_ack", "mode": "direct"}
{"ts": "2026-06-22T19:06:59.279364+00:00", "level": "metric", "event": "chunk_ack", "role": "benchmark", "region": "eastus", "seq_num": 113, "rtt_ms": 21778.8, "verified": true, "status": "forwarded_no_ack", "mode": "direct"}
{"ts": "2026-06-22T19:06:59.464874+00:00", "level": "metric", "event": "chunk_ack", "role": "benchmark", "region": "eastus", "seq_num": 114, "rtt_ms": 21964.25, "verified": true, "status": "forwarded_no_ack", "mode": "direct"}
{"ts": "2026-06-22T19:06:59.655951+00:00", "level": "metric", "event": "chunk_ack", "role": "benchmark", "region": "eastus", "seq_num": 115, "rtt_ms": 22148.92, "verified": true, "status": "forwarded_no_ack", "mode": "direct"}
{"ts": "2026-06-22T19:06:59.846895+00:00", "level": "metric", "event": "chunk_ack", "role": "benchmark", "region": "eastus", "seq_num": 116, "rtt_ms": 22338.66, "verified": true, "status": "forwarded_no_ack", "mode": "direct"}
{"ts": "2026-06-22T19:07:00.034929+00:00", "level": "metric", "event": "chunk_ack", "role": "benchmark", "region": "eastus", "seq_num": 117, "rtt_ms": 22528.43, "verified": true, "status": "forwarded_no_ack", "mode": "direct"}
{"ts": "2026-06-22T19:07:00.221388+00:00", "level": "metric", "event": "chunk_ack", "role": "benchmark", "region": "eastus", "seq_num": 118, "rtt_ms": 22715.94, "verified": true, "status": "forwarded_no_ack", "mode": "direct"}
{"ts": "2026-06-22T19:07:00.407206+00:00", "level": "metric", "event": "chunk_ack", "role": "benchmark", "region": "eastus", "seq_num": 119, "rtt_ms": 22901.73, "verified": true, "status": "forwarded_no_ack", "mode": "direct"}
{"ts": "2026-06-22T19:07:00.592698+00:00", "level": "metric", "event": "chunk_ack", "role": "benchmark", "region": "eastus", "seq_num": 120, "rtt_ms": 23086.23, "verified": true, "status": "forwarded_no_ack", "mode": "direct"}
{"ts": "2026-06-22T19:07:00.778482+00:00", "level": "metric", "event": "chunk_ack", "role": "benchmark", "region": "eastus", "seq_num": 121, "rtt_ms": 23270.89, "verified": true, "status": "forwarded_no_ack", "mode": "direct"}
{"ts": "2026-06-22T19:07:00.969130+00:00", "level": "metric", "event": "chunk_ack", "role": "benchmark", "region": "eastus", "seq_num": 122, "rtt_ms": 23455.71, "verified": true, "status": "forwarded_no_ack", "mode": "direct"}
{"ts": "2026-06-22T19:07:01.156703+00:00", "level": "metric", "event": "chunk_ack", "role": "benchmark", "region": "eastus", "seq_num": 123, "rtt_ms": 23647.4, "verified": true, "status": "forwarded_no_ack", "mode": "direct"}
{"ts": "2026-06-22T19:07:01.344900+00:00", "level": "metric", "event": "chunk_ack", "role": "benchmark", "region": "eastus", "seq_num": 124, "rtt_ms": 23832.22, "verified": true, "status": "forwarded_no_ack", "mode": "direct"}
{"ts": "2026-06-22T19:07:01.531015+00:00", "level": "metric", "event": "chunk_ack", "role": "benchmark", "region": "eastus", "seq_num": 125, "rtt_ms": 24019.59, "verified": true, "status": "forwarded_no_ack", "mode": "direct"}
{"ts": "2026-06-22T19:07:01.717290+00:00", "level": "metric", "event": "chunk_ack", "role": "benchmark", "region": "eastus", "seq_num": 126, "rtt_ms": 24204.3, "verified": true, "status": "forwarded_no_ack", "mode": "direct"}
{"ts": "2026-06-22T19:07:01.902872+00:00", "level": "metric", "event": "chunk_ack", "role": "benchmark", "region": "eastus", "seq_num": 127, "rtt_ms": 24389.77, "verified": true, "status": "forwarded_no_ack", "mode": "direct"}
{"ts": "2026-06-22T19:07:02.087674+00:00", "level": "metric", "event": "chunk_ack", "role": "benchmark", "region": "eastus", "seq_num": 128, "rtt_ms": 24574.31, "verified": true, "status": "forwarded_no_ack", "mode": "direct"}
{"ts": "2026-06-22T19:07:02.272605+00:00", "level": "metric", "event": "chunk_ack", "role": "benchmark", "region": "eastus", "seq_num": 129, "rtt_ms": 24758.03, "verified": true, "status": "forwarded_no_ack", "mode": "direct"}
{"ts": "2026-06-22T19:07:02.459911+00:00", "level": "metric", "event": "chunk_ack", "role": "benchmark", "region": "eastus", "seq_num": 130, "rtt_ms": 24941.01, "verified": true, "status": "forwarded_no_ack", "mode": "direct"}
{"ts": "2026-06-22T19:07:02.646411+00:00", "level": "metric", "event": "chunk_ack", "role": "benchmark", "region": "eastus", "seq_num": 131, "rtt_ms": 25126.93, "verified": true, "status": "forwarded_no_ack", "mode": "direct"}
{"ts": "2026-06-22T19:07:02.835672+00:00", "level": "metric", "event": "chunk_ack", "role": "benchmark", "region": "eastus", "seq_num": 132, "rtt_ms": 25313.1, "verified": true, "status": "forwarded_no_ack", "mode": "direct"}
{"ts": "2026-06-22T19:07:03.020533+00:00", "level": "metric", "event": "chunk_ack", "role": "benchmark", "region": "eastus", "seq_num": 133, "rtt_ms": 25500.87, "verified": true, "status": "forwarded_no_ack", "mode": "direct"}
{"ts": "2026-06-22T19:07:03.206008+00:00", "level": "metric", "event": "chunk_ack", "role": "benchmark", "region": "eastus", "seq_num": 134, "rtt_ms": 25684.3, "verified": true, "status": "forwarded_no_ack", "mode": "direct"}
{"ts": "2026-06-22T19:07:03.390778+00:00", "level": "metric", "event": "chunk_ack", "role": "benchmark", "region": "eastus", "seq_num": 135, "rtt_ms": 25868.89, "verified": true, "status": "forwarded_no_ack", "mode": "direct"}
{"ts": "2026-06-22T19:07:03.575942+00:00", "level": "metric", "event": "chunk_ack", "role": "benchmark", "region": "eastus", "seq_num": 136, "rtt_ms": 26052.81, "verified": true, "status": "forwarded_no_ack", "mode": "direct"}
{"ts": "2026-06-22T19:07:03.763071+00:00", "level": "metric", "event": "chunk_ack", "role": "benchmark", "region": "eastus", "seq_num": 137, "rtt_ms": 26237.07, "verified": true, "status": "forwarded_no_ack", "mode": "direct"}
{"ts": "2026-06-22T19:07:03.947662+00:00", "level": "metric", "event": "chunk_ack", "role": "benchmark", "region": "eastus", "seq_num": 138, "rtt_ms": 26423.24, "verified": true, "status": "forwarded_no_ack", "mode": "direct"}
{"ts": "2026-06-22T19:07:04.134496+00:00", "level": "metric", "event": "chunk_ack", "role": "benchmark", "region": "eastus", "seq_num": 139, "rtt_ms": 26606.98, "verified": true, "status": "forwarded_no_ack", "mode": "direct"}
{"ts": "2026-06-22T19:07:04.319584+00:00", "level": "metric", "event": "chunk_ack", "role": "benchmark", "region": "eastus", "seq_num": 140, "rtt_ms": 26792.68, "verified": true, "status": "forwarded_no_ack", "mode": "direct"}
{"ts": "2026-06-22T19:07:04.504788+00:00", "level": "metric", "event": "chunk_ack", "role": "benchmark", "region": "eastus", "seq_num": 141, "rtt_ms": 26976.89, "verified": true, "status": "forwarded_no_ack", "mode": "direct"}
{"ts": "2026-06-22T19:07:04.689900+00:00", "level": "metric", "event": "chunk_ack", "role": "benchmark", "region": "eastus", "seq_num": 142, "rtt_ms": 27161.13, "verified": true, "status": "forwarded_no_ack", "mode": "direct"}
{"ts": "2026-06-22T19:07:04.875060+00:00", "level": "metric", "event": "chunk_ack", "role": "benchmark", "region": "eastus", "seq_num": 143, "rtt_ms": 27345.54, "verified": true, "status": "forwarded_no_ack", "mode": "direct"}
{"ts": "2026-06-22T19:07:05.107950+00:00", "level": "metric", "event": "chunk_ack", "role": "benchmark", "region": "eastus", "seq_num": 144, "rtt_ms": 27529.75, "verified": true, "status": "forwarded_no_ack", "mode": "direct"}
{"ts": "2026-06-22T19:07:05.293453+00:00", "level": "metric", "event": "chunk_ack", "role": "benchmark", "region": "eastus", "seq_num": 145, "rtt_ms": 27761.75, "verified": true, "status": "forwarded_no_ack", "mode": "direct"}
{"ts": "2026-06-22T19:07:05.478786+00:00", "level": "metric", "event": "chunk_ack", "role": "benchmark", "region": "eastus", "seq_num": 146, "rtt_ms": 27946.41, "verified": true, "status": "forwarded_no_ack", "mode": "direct"}
{"ts": "2026-06-22T19:07:05.664109+00:00", "level": "metric", "event": "chunk_ack", "role": "benchmark", "region": "eastus", "seq_num": 147, "rtt_ms": 28130.9, "verified": true, "status": "forwarded_no_ack", "mode": "direct"}
{"ts": "2026-06-22T19:07:05.849671+00:00", "level": "metric", "event": "chunk_ack", "role": "benchmark", "region": "eastus", "seq_num": 148, "rtt_ms": 28315.26, "verified": true, "status": "forwarded_no_ack", "mode": "direct"}
{"ts": "2026-06-22T19:07:06.034626+00:00", "level": "metric", "event": "chunk_ack", "role": "benchmark", "region": "eastus", "seq_num": 149, "rtt_ms": 28499.8, "verified": true, "status": "forwarded_no_ack", "mode": "direct"}
{"ts": "2026-06-22T19:07:06.220123+00:00", "level": "metric", "event": "chunk_ack", "role": "benchmark", "region": "eastus", "seq_num": 150, "rtt_ms": 28684.05, "verified": true, "status": "forwarded_no_ack", "mode": "direct"}
{"ts": "2026-06-22T19:07:06.406086+00:00", "level": "metric", "event": "chunk_ack", "role": "benchmark", "region": "eastus", "seq_num": 151, "rtt_ms": 28868.52, "verified": true, "status": "forwarded_no_ack", "mode": "direct"}
{"ts": "2026-06-22T19:07:06.591958+00:00", "level": "metric", "event": "chunk_ack", "role": "benchmark", "region": "eastus", "seq_num": 152, "rtt_ms": 29053.6, "verified": true, "status": "forwarded_no_ack", "mode": "direct"}
{"ts": "2026-06-22T19:07:06.777149+00:00", "level": "metric", "event": "chunk_ack", "role": "benchmark", "region": "eastus", "seq_num": 153, "rtt_ms": 29238.26, "verified": true, "status": "forwarded_no_ack", "mode": "direct"}
{"ts": "2026-06-22T19:07:06.962324+00:00", "level": "metric", "event": "chunk_ack", "role": "benchmark", "region": "eastus", "seq_num": 154, "rtt_ms": 29422.11, "verified": true, "status": "forwarded_no_ack", "mode": "direct"}
{"ts": "2026-06-22T19:07:07.147437+00:00", "level": "metric", "event": "chunk_ack", "role": "benchmark", "region": "eastus", "seq_num": 155, "rtt_ms": 29606.53, "verified": true, "status": "forwarded_no_ack", "mode": "direct"}
{"ts": "2026-06-22T19:07:07.332655+00:00", "level": "metric", "event": "chunk_ack", "role": "benchmark", "region": "eastus", "seq_num": 156, "rtt_ms": 29790.88, "verified": true, "status": "forwarded_no_ack", "mode": "direct"}
{"ts": "2026-06-22T19:07:07.517502+00:00", "level": "metric", "event": "chunk_ack", "role": "benchmark", "region": "eastus", "seq_num": 157, "rtt_ms": 29974.6, "verified": true, "status": "forwarded_no_ack", "mode": "direct"}
{"ts": "2026-06-22T19:07:07.703953+00:00", "level": "metric", "event": "chunk_ack", "role": "benchmark", "region": "eastus", "seq_num": 158, "rtt_ms": 30158.54, "verified": true, "status": "forwarded_no_ack", "mode": "direct"}
{"ts": "2026-06-22T19:07:07.889039+00:00", "level": "metric", "event": "chunk_ack", "role": "benchmark", "region": "eastus", "seq_num": 159, "rtt_ms": 30344.3, "verified": true, "status": "forwarded_no_ack", "mode": "direct"}
{"ts": "2026-06-22T19:07:08.074701+00:00", "level": "metric", "event": "chunk_ack", "role": "benchmark", "region": "eastus", "seq_num": 160, "rtt_ms": 30528.55, "verified": true, "status": "forwarded_no_ack", "mode": "direct"}
{"ts": "2026-06-22T19:07:08.259997+00:00", "level": "metric", "event": "chunk_ack", "role": "benchmark", "region": "eastus", "seq_num": 161, "rtt_ms": 30713.13, "verified": true, "status": "forwarded_no_ack", "mode": "direct"}
{"ts": "2026-06-22T19:07:08.445416+00:00", "level": "metric", "event": "chunk_ack", "role": "benchmark", "region": "eastus", "seq_num": 162, "rtt_ms": 30897.46, "verified": true, "status": "forwarded_no_ack", "mode": "direct"}
{"ts": "2026-06-22T19:07:08.630659+00:00", "level": "metric", "event": "chunk_ack", "role": "benchmark", "region": "eastus", "seq_num": 163, "rtt_ms": 31082.38, "verified": true, "status": "forwarded_no_ack", "mode": "direct"}
{"ts": "2026-06-22T19:07:08.815999+00:00", "level": "metric", "event": "chunk_ack", "role": "benchmark", "region": "eastus", "seq_num": 164, "rtt_ms": 31266.34, "verified": true, "status": "forwarded_no_ack", "mode": "direct"}
{"ts": "2026-06-22T19:07:09.001295+00:00", "level": "metric", "event": "chunk_ack", "role": "benchmark", "region": "eastus", "seq_num": 165, "rtt_ms": 31450.7, "verified": true, "status": "forwarded_no_ack", "mode": "direct"}
{"ts": "2026-06-22T19:07:09.187839+00:00", "level": "metric", "event": "chunk_ack", "role": "benchmark", "region": "eastus", "seq_num": 166, "rtt_ms": 31635.59, "verified": true, "status": "forwarded_no_ack", "mode": "direct"}
{"ts": "2026-06-22T19:07:09.373563+00:00", "level": "metric", "event": "chunk_ack", "role": "benchmark", "region": "eastus", "seq_num": 167, "rtt_ms": 31821.01, "verified": true, "status": "forwarded_no_ack", "mode": "direct"}
{"ts": "2026-06-22T19:07:09.559260+00:00", "level": "metric", "event": "chunk_ack", "role": "benchmark", "region": "eastus", "seq_num": 168, "rtt_ms": 32005.9, "verified": true, "status": "forwarded_no_ack", "mode": "direct"}
{"ts": "2026-06-22T19:07:09.746463+00:00", "level": "metric", "event": "chunk_ack", "role": "benchmark", "region": "eastus", "seq_num": 169, "rtt_ms": 32191.84, "verified": true, "status": "forwarded_no_ack", "mode": "direct"}
{"ts": "2026-06-22T19:07:09.931665+00:00", "level": "metric", "event": "chunk_ack", "role": "benchmark", "region": "eastus", "seq_num": 170, "rtt_ms": 32377.47, "verified": true, "status": "forwarded_no_ack", "mode": "direct"}
{"ts": "2026-06-22T19:07:10.117190+00:00", "level": "metric", "event": "chunk_ack", "role": "benchmark", "region": "eastus", "seq_num": 171, "rtt_ms": 32561.78, "verified": true, "status": "forwarded_no_ack", "mode": "direct"}
{"ts": "2026-06-22T19:07:10.302564+00:00", "level": "metric", "event": "chunk_ack", "role": "benchmark", "region": "eastus", "seq_num": 172, "rtt_ms": 32746.69, "verified": true, "status": "forwarded_no_ack", "mode": "direct"}
{"ts": "2026-06-22T19:07:10.487936+00:00", "level": "metric", "event": "chunk_ack", "role": "benchmark", "region": "eastus", "seq_num": 173, "rtt_ms": 32931.02, "verified": true, "status": "forwarded_no_ack", "mode": "direct"}
{"ts": "2026-06-22T19:07:10.674009+00:00", "level": "metric", "event": "chunk_ack", "role": "benchmark", "region": "eastus", "seq_num": 174, "rtt_ms": 33116.43, "verified": true, "status": "forwarded_no_ack", "mode": "direct"}
{"ts": "2026-06-22T19:07:10.859520+00:00", "level": "metric", "event": "chunk_ack", "role": "benchmark", "region": "eastus", "seq_num": 175, "rtt_ms": 33301.22, "verified": true, "status": "forwarded_no_ack", "mode": "direct"}
{"ts": "2026-06-22T19:07:11.045550+00:00", "level": "metric", "event": "chunk_ack", "role": "benchmark", "region": "eastus", "seq_num": 176, "rtt_ms": 33485.25, "verified": true, "status": "forwarded_no_ack", "mode": "direct"}
{"ts": "2026-06-22T19:07:11.232753+00:00", "level": "metric", "event": "chunk_ack", "role": "benchmark", "region": "eastus", "seq_num": 177, "rtt_ms": 33670.84, "verified": true, "status": "forwarded_no_ack", "mode": "direct"}
{"ts": "2026-06-22T19:07:11.418761+00:00", "level": "metric", "event": "chunk_ack", "role": "benchmark", "region": "eastus", "seq_num": 178, "rtt_ms": 33856.72, "verified": true, "status": "forwarded_no_ack", "mode": "direct"}
{"ts": "2026-06-22T19:07:11.605026+00:00", "level": "metric", "event": "chunk_ack", "role": "benchmark", "region": "eastus", "seq_num": 179, "rtt_ms": 34040.97, "verified": true, "status": "forwarded_no_ack", "mode": "direct"}
{"ts": "2026-06-22T19:07:11.791201+00:00", "level": "metric", "event": "chunk_ack", "role": "benchmark", "region": "eastus", "seq_num": 180, "rtt_ms": 34225.78, "verified": true, "status": "forwarded_no_ack", "mode": "direct"}
{"ts": "2026-06-22T19:07:11.976621+00:00", "level": "metric", "event": "chunk_ack", "role": "benchmark", "region": "eastus", "seq_num": 181, "rtt_ms": 34410.81, "verified": true, "status": "forwarded_no_ack", "mode": "direct"}
{"ts": "2026-06-22T19:07:12.162278+00:00", "level": "metric", "event": "chunk_ack", "role": "benchmark", "region": "eastus", "seq_num": 182, "rtt_ms": 34595.29, "verified": true, "status": "forwarded_no_ack", "mode": "direct"}
{"ts": "2026-06-22T19:07:12.349115+00:00", "level": "metric", "event": "chunk_ack", "role": "benchmark", "region": "eastus", "seq_num": 183, "rtt_ms": 34781.11, "verified": true, "status": "forwarded_no_ack", "mode": "direct"}
{"ts": "2026-06-22T19:07:12.534113+00:00", "level": "metric", "event": "chunk_ack", "role": "benchmark", "region": "eastus", "seq_num": 184, "rtt_ms": 34965.75, "verified": true, "status": "forwarded_no_ack", "mode": "direct"}
{"ts": "2026-06-22T19:07:12.719359+00:00", "level": "metric", "event": "chunk_ack", "role": "benchmark", "region": "eastus", "seq_num": 185, "rtt_ms": 35149.77, "verified": true, "status": "forwarded_no_ack", "mode": "direct"}
{"ts": "2026-06-22T19:07:12.904705+00:00", "level": "metric", "event": "chunk_ack", "role": "benchmark", "region": "eastus", "seq_num": 186, "rtt_ms": 35333.8, "verified": true, "status": "forwarded_no_ack", "mode": "direct"}
{"ts": "2026-06-22T19:07:13.089383+00:00", "level": "metric", "event": "chunk_ack", "role": "benchmark", "region": "eastus", "seq_num": 187, "rtt_ms": 35517.85, "verified": true, "status": "forwarded_no_ack", "mode": "direct"}
{"ts": "2026-06-22T19:07:13.274167+00:00", "level": "metric", "event": "chunk_ack", "role": "benchmark", "region": "eastus", "seq_num": 188, "rtt_ms": 35700.84, "verified": true, "status": "forwarded_no_ack", "mode": "direct"}
{"ts": "2026-06-22T19:07:13.459551+00:00", "level": "metric", "event": "chunk_ack", "role": "benchmark", "region": "eastus", "seq_num": 189, "rtt_ms": 35884.56, "verified": true, "status": "forwarded_no_ack", "mode": "direct"}
{"ts": "2026-06-22T19:07:13.644984+00:00", "level": "metric", "event": "chunk_ack", "role": "benchmark", "region": "eastus", "seq_num": 190, "rtt_ms": 36068.86, "verified": true, "status": "forwarded_no_ack", "mode": "direct"}
{"ts": "2026-06-22T19:07:13.831544+00:00", "level": "metric", "event": "chunk_ack", "role": "benchmark", "region": "eastus", "seq_num": 191, "rtt_ms": 36253.92, "verified": true, "status": "forwarded_no_ack", "mode": "direct"}
{"ts": "2026-06-22T19:07:14.016330+00:00", "level": "metric", "event": "chunk_ack", "role": "benchmark", "region": "eastus", "seq_num": 192, "rtt_ms": 36438.58, "verified": true, "status": "forwarded_no_ack", "mode": "direct"}
{"ts": "2026-06-22T19:07:14.201014+00:00", "level": "metric", "event": "chunk_ack", "role": "benchmark", "region": "eastus", "seq_num": 193, "rtt_ms": 36622.29, "verified": true, "status": "forwarded_no_ack", "mode": "direct"}
{"ts": "2026-06-22T19:07:14.386292+00:00", "level": "metric", "event": "chunk_ack", "role": "benchmark", "region": "eastus", "seq_num": 194, "rtt_ms": 36805.4, "verified": true, "status": "forwarded_no_ack", "mode": "direct"}
{"ts": "2026-06-22T19:07:14.571817+00:00", "level": "metric", "event": "chunk_ack", "role": "benchmark", "region": "eastus", "seq_num": 195, "rtt_ms": 36989.69, "verified": true, "status": "forwarded_no_ack", "mode": "direct"}
{"ts": "2026-06-22T19:07:14.757483+00:00", "level": "metric", "event": "chunk_ack", "role": "benchmark", "region": "eastus", "seq_num": 196, "rtt_ms": 37174.31, "verified": true, "status": "forwarded_no_ack", "mode": "direct"}
{"ts": "2026-06-22T19:07:14.942909+00:00", "level": "metric", "event": "chunk_ack", "role": "benchmark", "region": "eastus", "seq_num": 197, "rtt_ms": 37358.54, "verified": true, "status": "forwarded_no_ack", "mode": "direct"}
{"ts": "2026-06-22T19:07:15.128191+00:00", "level": "metric", "event": "chunk_ack", "role": "benchmark", "region": "eastus", "seq_num": 198, "rtt_ms": 37542.68, "verified": true, "status": "forwarded_no_ack", "mode": "direct"}
{"ts": "2026-06-22T19:07:15.314829+00:00", "level": "metric", "event": "chunk_ack", "role": "benchmark", "region": "eastus", "seq_num": 199, "rtt_ms": 37727.28, "verified": true, "status": "forwarded_no_ack", "mode": "direct"}
{"ts": "2026-06-22T19:07:15.499669+00:00", "level": "metric", "event": "chunk_ack", "role": "benchmark", "region": "eastus", "seq_num": 200, "rtt_ms": 37912.59, "verified": true, "status": "forwarded_no_ack", "mode": "direct"}
{"ts": "2026-06-22T19:07:15.685515+00:00", "level": "metric", "event": "chunk_ack", "role": "benchmark", "region": "eastus", "seq_num": 201, "rtt_ms": 38096.43, "verified": true, "status": "forwarded_no_ack", "mode": "direct"}
{"ts": "2026-06-22T19:07:15.871676+00:00", "level": "metric", "event": "chunk_ack", "role": "benchmark", "region": "eastus", "seq_num": 202, "rtt_ms": 38281.62, "verified": true, "status": "forwarded_no_ack", "mode": "direct"}
{"ts": "2026-06-22T19:07:16.056822+00:00", "level": "metric", "event": "chunk_ack", "role": "benchmark", "region": "eastus", "seq_num": 203, "rtt_ms": 38466.27, "verified": true, "status": "forwarded_no_ack", "mode": "direct"}
{"ts": "2026-06-22T19:07:16.243101+00:00", "level": "metric", "event": "chunk_ack", "role": "benchmark", "region": "eastus", "seq_num": 204, "rtt_ms": 38650.46, "verified": true, "status": "forwarded_no_ack", "mode": "direct"}
{"ts": "2026-06-22T19:07:16.431006+00:00", "level": "info", "event": "mode_complete", "role": "benchmark", "region": "eastus", "mode": "direct", "avg_rtt_ms": 20245.422, "p99_rtt_ms": 38281.621, "throughput_mbps": 0.021, "verified_pct": 100.0}
{"ts": "2026-06-22T19:07:16.431551+00:00", "level": "info", "event": "mode_started", "role": "benchmark", "region": "eastus", "mode": "isolation"}
{"ts": "2026-06-22T19:07:17.993623+00:00", "level": "metric", "event": "chunk_ack", "role": "benchmark", "region": "eastus", "seq_num": 0, "rtt_ms": 165.28, "verified": true, "status": "forwarded_no_ack", "mode": "isolation"}
{"ts": "2026-06-22T19:07:18.168872+00:00", "level": "metric", "event": "chunk_ack", "role": "benchmark", "region": "eastus", "seq_num": 1, "rtt_ms": 333.75, "verified": true, "status": "forwarded_no_ack", "mode": "isolation"}
{"ts": "2026-06-22T19:07:18.328894+00:00", "level": "metric", "event": "chunk_ack", "role": "benchmark", "region": "eastus", "seq_num": 2, "rtt_ms": 492.93, "verified": true, "status": "forwarded_no_ack", "mode": "isolation"}
{"ts": "2026-06-22T19:07:18.486918+00:00", "level": "metric", "event": "chunk_ack", "role": "benchmark", "region": "eastus", "seq_num": 3, "rtt_ms": 650.19, "verified": true, "status": "forwarded_no_ack", "mode": "isolation"}
{"ts": "2026-06-22T19:07:18.637378+00:00", "level": "metric", "event": "chunk_ack", "role": "benchmark", "region": "eastus", "seq_num": 4, "rtt_ms": 799.44, "verified": true, "status": "forwarded_no_ack", "mode": "isolation"}
{"ts": "2026-06-22T19:07:18.981264+00:00", "level": "metric", "event": "chunk_ack", "role": "benchmark", "region": "eastus", "seq_num": 5, "rtt_ms": 957.37, "verified": true, "status": "forwarded_no_ack", "mode": "isolation"}
{"ts": "2026-06-22T19:07:19.166475+00:00", "level": "metric", "event": "chunk_ack", "role": "benchmark", "region": "eastus", "seq_num": 6, "rtt_ms": 1142.06, "verified": true, "status": "forwarded_no_ack", "mode": "isolation"}
{"ts": "2026-06-22T19:07:19.351496+00:00", "level": "metric", "event": "chunk_ack", "role": "benchmark", "region": "eastus", "seq_num": 7, "rtt_ms": 1326.52, "verified": true, "status": "forwarded_no_ack", "mode": "isolation"}
{"ts": "2026-06-22T19:07:19.536803+00:00", "level": "metric", "event": "chunk_ack", "role": "benchmark", "region": "eastus", "seq_num": 8, "rtt_ms": 1510.89, "verified": true, "status": "forwarded_no_ack", "mode": "isolation"}
{"ts": "2026-06-22T19:07:19.721706+00:00", "level": "metric", "event": "chunk_ack", "role": "benchmark", "region": "eastus", "seq_num": 9, "rtt_ms": 1695.12, "verified": true, "status": "forwarded_no_ack", "mode": "isolation"}
{"ts": "2026-06-22T19:07:19.907471+00:00", "level": "metric", "event": "chunk_ack", "role": "benchmark", "region": "eastus", "seq_num": 10, "rtt_ms": 1879.54, "verified": true, "status": "forwarded_no_ack", "mode": "isolation"}
{"ts": "2026-06-22T19:07:20.092939+00:00", "level": "metric", "event": "chunk_ack", "role": "benchmark", "region": "eastus", "seq_num": 11, "rtt_ms": 2064.22, "verified": true, "status": "forwarded_no_ack", "mode": "isolation"}
{"ts": "2026-06-22T19:07:20.278345+00:00", "level": "metric", "event": "chunk_ack", "role": "benchmark", "region": "eastus", "seq_num": 12, "rtt_ms": 2248.9, "verified": true, "status": "forwarded_no_ack", "mode": "isolation"}
{"ts": "2026-06-22T19:07:20.463801+00:00", "level": "metric", "event": "chunk_ack", "role": "benchmark", "region": "eastus", "seq_num": 13, "rtt_ms": 2433.51, "verified": true, "status": "forwarded_no_ack", "mode": "isolation"}
{"ts": "2026-06-22T19:07:20.649702+00:00", "level": "metric", "event": "chunk_ack", "role": "benchmark", "region": "eastus", "seq_num": 14, "rtt_ms": 2618.11, "verified": true, "status": "forwarded_no_ack", "mode": "isolation"}
{"ts": "2026-06-22T19:07:20.835263+00:00", "level": "metric", "event": "chunk_ack", "role": "benchmark", "region": "eastus", "seq_num": 15, "rtt_ms": 2803.47, "verified": true, "status": "forwarded_no_ack", "mode": "isolation"}
{"ts": "2026-06-22T19:07:21.020097+00:00", "level": "metric", "event": "chunk_ack", "role": "benchmark", "region": "eastus", "seq_num": 16, "rtt_ms": 2988.08, "verified": true, "status": "forwarded_no_ack", "mode": "isolation"}
{"ts": "2026-06-22T19:07:21.204864+00:00", "level": "metric", "event": "chunk_ack", "role": "benchmark", "region": "eastus", "seq_num": 17, "rtt_ms": 3172.06, "verified": true, "status": "forwarded_no_ack", "mode": "isolation"}
{"ts": "2026-06-22T19:07:21.390121+00:00", "level": "metric", "event": "chunk_ack", "role": "benchmark", "region": "eastus", "seq_num": 18, "rtt_ms": 3356.0, "verified": true, "status": "forwarded_no_ack", "mode": "isolation"}
{"ts": "2026-06-22T19:07:21.575016+00:00", "level": "metric", "event": "chunk_ack", "role": "benchmark", "region": "eastus", "seq_num": 19, "rtt_ms": 3540.44, "verified": true, "status": "forwarded_no_ack", "mode": "isolation"}
{"ts": "2026-06-22T19:07:21.761673+00:00", "level": "metric", "event": "chunk_ack", "role": "benchmark", "region": "eastus", "seq_num": 20, "rtt_ms": 3725.08, "verified": true, "status": "forwarded_no_ack", "mode": "isolation"}
{"ts": "2026-06-22T19:07:21.947807+00:00", "level": "metric", "event": "chunk_ack", "role": "benchmark", "region": "eastus", "seq_num": 21, "rtt_ms": 3911.22, "verified": true, "status": "forwarded_no_ack", "mode": "isolation"}
{"ts": "2026-06-22T19:07:22.133317+00:00", "level": "metric", "event": "chunk_ack", "role": "benchmark", "region": "eastus", "seq_num": 22, "rtt_ms": 4096.13, "verified": true, "status": "forwarded_no_ack", "mode": "isolation"}
{"ts": "2026-06-22T19:07:22.318815+00:00", "level": "metric", "event": "chunk_ack", "role": "benchmark", "region": "eastus", "seq_num": 23, "rtt_ms": 4280.72, "verified": true, "status": "forwarded_no_ack", "mode": "isolation"}
{"ts": "2026-06-22T19:07:22.503975+00:00", "level": "metric", "event": "chunk_ack", "role": "benchmark", "region": "eastus", "seq_num": 24, "rtt_ms": 4465.26, "verified": true, "status": "forwarded_no_ack", "mode": "isolation"}
{"ts": "2026-06-22T19:07:22.689267+00:00", "level": "metric", "event": "chunk_ack", "role": "benchmark", "region": "eastus", "seq_num": 25, "rtt_ms": 4649.62, "verified": true, "status": "forwarded_no_ack", "mode": "isolation"}
{"ts": "2026-06-22T19:07:22.875149+00:00", "level": "metric", "event": "chunk_ack", "role": "benchmark", "region": "eastus", "seq_num": 26, "rtt_ms": 4833.65, "verified": true, "status": "forwarded_no_ack", "mode": "isolation"}
{"ts": "2026-06-22T19:07:23.065260+00:00", "level": "metric", "event": "chunk_ack", "role": "benchmark", "region": "eastus", "seq_num": 27, "rtt_ms": 5018.97, "verified": true, "status": "forwarded_no_ack", "mode": "isolation"}
{"ts": "2026-06-22T19:07:23.250669+00:00", "level": "metric", "event": "chunk_ack", "role": "benchmark", "region": "eastus", "seq_num": 28, "rtt_ms": 5207.97, "verified": true, "status": "forwarded_no_ack", "mode": "isolation"}
{"ts": "2026-06-22T19:07:23.437134+00:00", "level": "metric", "event": "chunk_ack", "role": "benchmark", "region": "eastus", "seq_num": 29, "rtt_ms": 5392.91, "verified": true, "status": "forwarded_no_ack", "mode": "isolation"}
{"ts": "2026-06-22T19:07:23.621901+00:00", "level": "metric", "event": "chunk_ack", "role": "benchmark", "region": "eastus", "seq_num": 30, "rtt_ms": 5578.21, "verified": true, "status": "forwarded_no_ack", "mode": "isolation"}
{"ts": "2026-06-22T19:07:23.807289+00:00", "level": "metric", "event": "chunk_ack", "role": "benchmark", "region": "eastus", "seq_num": 31, "rtt_ms": 5762.05, "verified": true, "status": "forwarded_no_ack", "mode": "isolation"}
{"ts": "2026-06-22T19:07:23.993947+00:00", "level": "metric", "event": "chunk_ack", "role": "benchmark", "region": "eastus", "seq_num": 32, "rtt_ms": 5946.94, "verified": true, "status": "forwarded_no_ack", "mode": "isolation"}
{"ts": "2026-06-22T19:07:24.180434+00:00", "level": "metric", "event": "chunk_ack", "role": "benchmark", "region": "eastus", "seq_num": 33, "rtt_ms": 6132.75, "verified": true, "status": "error", "mode": "isolation"}
{"ts": "2026-06-22T19:07:24.366322+00:00", "level": "metric", "event": "chunk_ack", "role": "benchmark", "region": "eastus", "seq_num": 34, "rtt_ms": 6318.42, "verified": true, "status": "forwarded_no_ack", "mode": "isolation"}
{"ts": "2026-06-22T19:07:24.551592+00:00", "level": "metric", "event": "chunk_ack", "role": "benchmark", "region": "eastus", "seq_num": 35, "rtt_ms": 6503.34, "verified": true, "status": "forwarded_no_ack", "mode": "isolation"}
{"ts": "2026-06-22T19:07:24.736436+00:00", "level": "metric", "event": "chunk_ack", "role": "benchmark", "region": "eastus", "seq_num": 36, "rtt_ms": 6687.74, "verified": true, "status": "forwarded_no_ack", "mode": "isolation"}
{"ts": "2026-06-22T19:07:24.924980+00:00", "level": "metric", "event": "chunk_ack", "role": "benchmark", "region": "eastus", "seq_num": 37, "rtt_ms": 6872.1, "verified": true, "status": "forwarded_no_ack", "mode": "isolation"}
{"ts": "2026-06-22T19:07:25.110901+00:00", "level": "metric", "event": "chunk_ack", "role": "benchmark", "region": "eastus", "seq_num": 38, "rtt_ms": 7059.83, "verified": true, "status": "forwarded_no_ack", "mode": "isolation"}
{"ts": "2026-06-22T19:07:25.296143+00:00", "level": "metric", "event": "chunk_ack", "role": "benchmark", "region": "eastus", "seq_num": 39, "rtt_ms": 7244.97, "verified": true, "status": "forwarded_no_ack", "mode": "isolation"}
{"ts": "2026-06-22T19:07:25.481197+00:00", "level": "metric", "event": "chunk_ack", "role": "benchmark", "region": "eastus", "seq_num": 40, "rtt_ms": 7429.12, "verified": true, "status": "forwarded_no_ack", "mode": "isolation"}
{"ts": "2026-06-22T19:07:25.666640+00:00", "level": "metric", "event": "chunk_ack", "role": "benchmark", "region": "eastus", "seq_num": 41, "rtt_ms": 7613.6, "verified": true, "status": "forwarded_no_ack", "mode": "isolation"}
{"ts": "2026-06-22T19:07:25.852162+00:00", "level": "metric", "event": "chunk_ack", "role": "benchmark", "region": "eastus", "seq_num": 42, "rtt_ms": 7798.34, "verified": true, "status": "forwarded_no_ack", "mode": "isolation"}
{"ts": "2026-06-22T19:07:26.037573+00:00", "level": "metric", "event": "chunk_ack", "role": "benchmark", "region": "eastus", "seq_num": 43, "rtt_ms": 7982.48, "verified": true, "status": "forwarded_no_ack", "mode": "isolation"}
{"ts": "2026-06-22T19:07:26.222463+00:00", "level": "metric", "event": "chunk_ack", "role": "benchmark", "region": "eastus", "seq_num": 44, "rtt_ms": 8167.2, "verified": true, "status": "forwarded_no_ack", "mode": "isolation"}
{"ts": "2026-06-22T19:07:26.408012+00:00", "level": "metric", "event": "chunk_ack", "role": "benchmark", "region": "eastus", "seq_num": 45, "rtt_ms": 8351.32, "verified": true, "status": "forwarded_no_ack", "mode": "isolation"}
{"ts": "2026-06-22T19:07:26.594332+00:00", "level": "metric", "event": "chunk_ack", "role": "benchmark", "region": "eastus", "seq_num": 46, "rtt_ms": 8535.95, "verified": true, "status": "forwarded_no_ack", "mode": "isolation"}
{"ts": "2026-06-22T19:07:26.779867+00:00", "level": "metric", "event": "chunk_ack", "role": "benchmark", "region": "eastus", "seq_num": 47, "rtt_ms": 8721.83, "verified": true, "status": "forwarded_no_ack", "mode": "isolation"}
{"ts": "2026-06-22T19:07:26.965465+00:00", "level": "metric", "event": "chunk_ack", "role": "benchmark", "region": "eastus", "seq_num": 48, "rtt_ms": 8906.59, "verified": true, "status": "forwarded_no_ack", "mode": "isolation"}
{"ts": "2026-06-22T19:07:27.150458+00:00", "level": "metric", "event": "chunk_ack", "role": "benchmark", "region": "eastus", "seq_num": 49, "rtt_ms": 9090.98, "verified": true, "status": "forwarded_no_ack", "mode": "isolation"}
{"ts": "2026-06-22T19:07:27.335602+00:00", "level": "metric", "event": "chunk_ack", "role": "benchmark", "region": "eastus", "seq_num": 50, "rtt_ms": 9274.92, "verified": true, "status": "forwarded_no_ack", "mode": "isolation"}
{"ts": "2026-06-22T19:07:27.522594+00:00", "level": "metric", "event": "chunk_ack", "role": "benchmark", "region": "eastus", "seq_num": 51, "rtt_ms": 9460.46, "verified": true, "status": "forwarded_no_ack", "mode": "isolation"}
{"ts": "2026-06-22T19:07:27.707582+00:00", "level": "metric", "event": "chunk_ack", "role": "benchmark", "region": "eastus", "seq_num": 52, "rtt_ms": 9644.73, "verified": true, "status": "forwarded_no_ack", "mode": "isolation"}
{"ts": "2026-06-22T19:07:27.893610+00:00", "level": "metric", "event": "chunk_ack", "role": "benchmark", "region": "eastus", "seq_num": 53, "rtt_ms": 9829.23, "verified": true, "status": "forwarded_no_ack", "mode": "isolation"}
{"ts": "2026-06-22T19:07:28.078385+00:00", "level": "metric", "event": "chunk_ack", "role": "benchmark", "region": "eastus", "seq_num": 54, "rtt_ms": 10014.0, "verified": true, "status": "forwarded_no_ack", "mode": "isolation"}
{"ts": "2026-06-22T19:07:28.263765+00:00", "level": "metric", "event": "chunk_ack", "role": "benchmark", "region": "eastus", "seq_num": 55, "rtt_ms": 10198.34, "verified": true, "status": "forwarded_no_ack", "mode": "isolation"}
{"ts": "2026-06-22T19:07:28.449379+00:00", "level": "metric", "event": "chunk_ack", "role": "benchmark", "region": "eastus", "seq_num": 56, "rtt_ms": 10383.16, "verified": true, "status": "forwarded_no_ack", "mode": "isolation"}
{"ts": "2026-06-22T19:07:28.634961+00:00", "level": "metric", "event": "chunk_ack", "role": "benchmark", "region": "eastus", "seq_num": 57, "rtt_ms": 10567.68, "verified": true, "status": "forwarded_no_ack", "mode": "isolation"}
{"ts": "2026-06-22T19:07:28.820029+00:00", "level": "metric", "event": "chunk_ack", "role": "benchmark", "region": "eastus", "seq_num": 58, "rtt_ms": 10752.09, "verified": true, "status": "forwarded_no_ack", "mode": "isolation"}
{"ts": "2026-06-22T19:07:29.005526+00:00", "level": "metric", "event": "chunk_ack", "role": "benchmark", "region": "eastus", "seq_num": 59, "rtt_ms": 10936.53, "verified": true, "status": "forwarded_no_ack", "mode": "isolation"}
{"ts": "2026-06-22T19:07:29.192163+00:00", "level": "metric", "event": "chunk_ack", "role": "benchmark", "region": "eastus", "seq_num": 60, "rtt_ms": 11120.93, "verified": true, "status": "forwarded_no_ack", "mode": "isolation"}
{"ts": "2026-06-22T19:07:29.377237+00:00", "level": "metric", "event": "chunk_ack", "role": "benchmark", "region": "eastus", "seq_num": 61, "rtt_ms": 11306.88, "verified": true, "status": "forwarded_no_ack", "mode": "isolation"}
{"ts": "2026-06-22T19:07:29.562641+00:00", "level": "metric", "event": "chunk_ack", "role": "benchmark", "region": "eastus", "seq_num": 62, "rtt_ms": 11491.04, "verified": true, "status": "forwarded_no_ack", "mode": "isolation"}
{"ts": "2026-06-22T19:07:29.751192+00:00", "level": "metric", "event": "chunk_ack", "role": "benchmark", "region": "eastus", "seq_num": 63, "rtt_ms": 11676.24, "verified": true, "status": "forwarded_no_ack", "mode": "isolation"}
{"ts": "2026-06-22T19:07:29.943379+00:00", "level": "metric", "event": "chunk_ack", "role": "benchmark", "region": "eastus", "seq_num": 64, "rtt_ms": 11864.94, "verified": true, "status": "forwarded_no_ack", "mode": "isolation"}
{"ts": "2026-06-22T19:07:30.128578+00:00", "level": "metric", "event": "chunk_ack", "role": "benchmark", "region": "eastus", "seq_num": 65, "rtt_ms": 12054.7, "verified": true, "status": "forwarded_no_ack", "mode": "isolation"}
{"ts": "2026-06-22T19:07:30.313627+00:00", "level": "metric", "event": "chunk_ack", "role": "benchmark", "region": "eastus", "seq_num": 66, "rtt_ms": 12239.19, "verified": true, "status": "forwarded_no_ack", "mode": "isolation"}
{"ts": "2026-06-22T19:07:30.501743+00:00", "level": "metric", "event": "chunk_ack", "role": "benchmark", "region": "eastus", "seq_num": 67, "rtt_ms": 12423.8, "verified": true, "status": "forwarded_no_ack", "mode": "isolation"}
{"ts": "2026-06-22T19:07:30.687037+00:00", "level": "metric", "event": "chunk_ack", "role": "benchmark", "region": "eastus", "seq_num": 68, "rtt_ms": 12611.01, "verified": true, "status": "forwarded_no_ack", "mode": "isolation"}
{"ts": "2026-06-22T19:07:30.872956+00:00", "level": "metric", "event": "chunk_ack", "role": "benchmark", "region": "eastus", "seq_num": 69, "rtt_ms": 12795.75, "verified": true, "status": "forwarded_no_ack", "mode": "isolation"}
{"ts": "2026-06-22T19:07:31.058183+00:00", "level": "metric", "event": "chunk_ack", "role": "benchmark", "region": "eastus", "seq_num": 70, "rtt_ms": 12980.57, "verified": true, "status": "forwarded_no_ack", "mode": "isolation"}
{"ts": "2026-06-22T19:07:31.243880+00:00", "level": "metric", "event": "chunk_ack", "role": "benchmark", "region": "eastus", "seq_num": 71, "rtt_ms": 13165.12, "verified": true, "status": "forwarded_no_ack", "mode": "isolation"}
{"ts": "2026-06-22T19:07:31.429771+00:00", "level": "metric", "event": "chunk_ack", "role": "benchmark", "region": "eastus", "seq_num": 72, "rtt_ms": 13350.08, "verified": true, "status": "forwarded_no_ack", "mode": "isolation"}
{"ts": "2026-06-22T19:07:31.637945+00:00", "level": "metric", "event": "chunk_ack", "role": "benchmark", "region": "eastus", "seq_num": 73, "rtt_ms": 13535.15, "verified": true, "status": "forwarded_no_ack", "mode": "isolation"}
{"ts": "2026-06-22T19:07:31.824041+00:00", "level": "metric", "event": "chunk_ack", "role": "benchmark", "region": "eastus", "seq_num": 74, "rtt_ms": 13742.2, "verified": true, "status": "forwarded_no_ack", "mode": "isolation"}
{"ts": "2026-06-22T19:07:32.009809+00:00", "level": "metric", "event": "chunk_ack", "role": "benchmark", "region": "eastus", "seq_num": 75, "rtt_ms": 13927.74, "verified": true, "status": "forwarded_no_ack", "mode": "isolation"}
{"ts": "2026-06-22T19:07:32.194862+00:00", "level": "metric", "event": "chunk_ack", "role": "benchmark", "region": "eastus", "seq_num": 76, "rtt_ms": 14112.38, "verified": true, "status": "forwarded_no_ack", "mode": "isolation"}
{"ts": "2026-06-22T19:07:32.380120+00:00", "level": "metric", "event": "chunk_ack", "role": "benchmark", "region": "eastus", "seq_num": 77, "rtt_ms": 14297.06, "verified": true, "status": "forwarded_no_ack", "mode": "isolation"}
{"ts": "2026-06-22T19:07:32.565686+00:00", "level": "metric", "event": "chunk_ack", "role": "benchmark", "region": "eastus", "seq_num": 78, "rtt_ms": 14481.56, "verified": true, "status": "forwarded_no_ack", "mode": "isolation"}
{"ts": "2026-06-22T19:07:32.751090+00:00", "level": "metric", "event": "chunk_ack", "role": "benchmark", "region": "eastus", "seq_num": 79, "rtt_ms": 14665.79, "verified": true, "status": "forwarded_no_ack", "mode": "isolation"}
{"ts": "2026-06-22T19:07:32.936410+00:00", "level": "metric", "event": "chunk_ack", "role": "benchmark", "region": "eastus", "seq_num": 80, "rtt_ms": 14850.41, "verified": true, "status": "forwarded_no_ack", "mode": "isolation"}
{"ts": "2026-06-22T19:07:33.121817+00:00", "level": "metric", "event": "chunk_ack", "role": "benchmark", "region": "eastus", "seq_num": 81, "rtt_ms": 15034.94, "verified": true, "status": "forwarded_no_ack", "mode": "isolation"}
{"ts": "2026-06-22T19:07:33.306694+00:00", "level": "metric", "event": "chunk_ack", "role": "benchmark", "region": "eastus", "seq_num": 82, "rtt_ms": 15219.54, "verified": true, "status": "forwarded_no_ack", "mode": "isolation"}
{"ts": "2026-06-22T19:07:33.492696+00:00", "level": "metric", "event": "chunk_ack", "role": "benchmark", "region": "eastus", "seq_num": 83, "rtt_ms": 15404.6, "verified": true, "status": "forwarded_no_ack", "mode": "isolation"}
{"ts": "2026-06-22T19:07:33.677367+00:00", "level": "metric", "event": "chunk_ack", "role": "benchmark", "region": "eastus", "seq_num": 84, "rtt_ms": 15588.86, "verified": true, "status": "forwarded_no_ack", "mode": "isolation"}
{"ts": "2026-06-22T19:07:33.862301+00:00", "level": "metric", "event": "chunk_ack", "role": "benchmark", "region": "eastus", "seq_num": 85, "rtt_ms": 15772.64, "verified": true, "status": "forwarded_no_ack", "mode": "isolation"}
{"ts": "2026-06-22T19:07:34.047436+00:00", "level": "metric", "event": "chunk_ack", "role": "benchmark", "region": "eastus", "seq_num": 86, "rtt_ms": 15956.83, "verified": true, "status": "forwarded_no_ack", "mode": "isolation"}
{"ts": "2026-06-22T19:07:34.233103+00:00", "level": "metric", "event": "chunk_ack", "role": "benchmark", "region": "eastus", "seq_num": 87, "rtt_ms": 16141.18, "verified": true, "status": "forwarded_no_ack", "mode": "isolation"}
{"ts": "2026-06-22T19:07:34.419088+00:00", "level": "metric", "event": "chunk_ack", "role": "benchmark", "region": "eastus", "seq_num": 88, "rtt_ms": 16326.17, "verified": true, "status": "forwarded_no_ack", "mode": "isolation"}
{"ts": "2026-06-22T19:07:34.604376+00:00", "level": "metric", "event": "chunk_ack", "role": "benchmark", "region": "eastus", "seq_num": 89, "rtt_ms": 16511.53, "verified": true, "status": "forwarded_no_ack", "mode": "isolation"}
{"ts": "2026-06-22T19:07:34.790224+00:00", "level": "metric", "event": "chunk_ack", "role": "benchmark", "region": "eastus", "seq_num": 90, "rtt_ms": 16695.71, "verified": true, "status": "forwarded_no_ack", "mode": "isolation"}
{"ts": "2026-06-22T19:07:34.975708+00:00", "level": "metric", "event": "chunk_ack", "role": "benchmark", "region": "eastus", "seq_num": 91, "rtt_ms": 16880.8, "verified": true, "status": "forwarded_no_ack", "mode": "isolation"}
{"ts": "2026-06-22T19:07:35.161399+00:00", "level": "metric", "event": "chunk_ack", "role": "benchmark", "region": "eastus", "seq_num": 92, "rtt_ms": 17065.51, "verified": true, "status": "forwarded_no_ack", "mode": "isolation"}
{"ts": "2026-06-22T19:07:35.349563+00:00", "level": "metric", "event": "chunk_ack", "role": "benchmark", "region": "eastus", "seq_num": 93, "rtt_ms": 17250.36, "verified": true, "status": "error", "mode": "isolation"}
{"ts": "2026-06-22T19:07:35.534357+00:00", "level": "metric", "event": "chunk_ack", "role": "benchmark", "region": "eastus", "seq_num": 94, "rtt_ms": 17437.72, "verified": true, "status": "forwarded_no_ack", "mode": "isolation"}
{"ts": "2026-06-22T19:07:35.719054+00:00", "level": "metric", "event": "chunk_ack", "role": "benchmark", "region": "eastus", "seq_num": 95, "rtt_ms": 17621.67, "verified": true, "status": "forwarded_no_ack", "mode": "isolation"}
{"ts": "2026-06-22T19:07:35.904022+00:00", "level": "metric", "event": "chunk_ack", "role": "benchmark", "region": "eastus", "seq_num": 96, "rtt_ms": 17805.64, "verified": true, "status": "forwarded_no_ack", "mode": "isolation"}
{"ts": "2026-06-22T19:07:36.089468+00:00", "level": "metric", "event": "chunk_ack", "role": "benchmark", "region": "eastus", "seq_num": 97, "rtt_ms": 17990.12, "verified": true, "status": "forwarded_no_ack", "mode": "isolation"}
{"ts": "2026-06-22T19:07:36.363612+00:00", "level": "metric", "event": "chunk_ack", "role": "benchmark", "region": "eastus", "seq_num": 98, "rtt_ms": 18170.25, "verified": true, "status": "forwarded_no_ack", "mode": "isolation"}
{"ts": "2026-06-22T19:07:36.549115+00:00", "level": "metric", "event": "chunk_ack", "role": "benchmark", "region": "eastus", "seq_num": 99, "rtt_ms": 18443.77, "verified": true, "status": "forwarded_no_ack", "mode": "isolation"}
{"ts": "2026-06-22T19:07:36.734426+00:00", "level": "metric", "event": "chunk_ack", "role": "benchmark", "region": "eastus", "seq_num": 100, "rtt_ms": 18628.29, "verified": true, "status": "forwarded_no_ack", "mode": "isolation"}
{"ts": "2026-06-22T19:07:36.920270+00:00", "level": "metric", "event": "chunk_ack", "role": "benchmark", "region": "eastus", "seq_num": 101, "rtt_ms": 18812.7, "verified": true, "status": "forwarded_no_ack", "mode": "isolation"}
{"ts": "2026-06-22T19:07:37.106238+00:00", "level": "metric", "event": "chunk_ack", "role": "benchmark", "region": "eastus", "seq_num": 102, "rtt_ms": 18997.35, "verified": true, "status": "forwarded_no_ack", "mode": "isolation"}
{"ts": "2026-06-22T19:07:37.290998+00:00", "level": "metric", "event": "chunk_ack", "role": "benchmark", "region": "eastus", "seq_num": 103, "rtt_ms": 19182.37, "verified": true, "status": "forwarded_no_ack", "mode": "isolation"}
{"ts": "2026-06-22T19:07:37.475911+00:00", "level": "metric", "event": "chunk_ack", "role": "benchmark", "region": "eastus", "seq_num": 104, "rtt_ms": 19365.45, "verified": true, "status": "forwarded_no_ack", "mode": "isolation"}
{"ts": "2026-06-22T19:07:37.660881+00:00", "level": "metric", "event": "chunk_ack", "role": "benchmark", "region": "eastus", "seq_num": 105, "rtt_ms": 19549.37, "verified": true, "status": "forwarded_no_ack", "mode": "isolation"}
{"ts": "2026-06-22T19:07:37.846354+00:00", "level": "metric", "event": "chunk_ack", "role": "benchmark", "region": "eastus", "seq_num": 106, "rtt_ms": 19733.48, "verified": true, "status": "forwarded_no_ack", "mode": "isolation"}
{"ts": "2026-06-22T19:07:38.031799+00:00", "level": "metric", "event": "chunk_ack", "role": "benchmark", "region": "eastus", "seq_num": 107, "rtt_ms": 19917.98, "verified": true, "status": "forwarded_no_ack", "mode": "isolation"}
{"ts": "2026-06-22T19:07:38.216561+00:00", "level": "metric", "event": "chunk_ack", "role": "benchmark", "region": "eastus", "seq_num": 108, "rtt_ms": 20102.63, "verified": true, "status": "forwarded_no_ack", "mode": "isolation"}
{"ts": "2026-06-22T19:07:38.401794+00:00", "level": "metric", "event": "chunk_ack", "role": "benchmark", "region": "eastus", "seq_num": 109, "rtt_ms": 20286.71, "verified": true, "status": "forwarded_no_ack", "mode": "isolation"}
{"ts": "2026-06-22T19:07:38.587194+00:00", "level": "metric", "event": "chunk_ack", "role": "benchmark", "region": "eastus", "seq_num": 110, "rtt_ms": 20471.03, "verified": true, "status": "forwarded_no_ack", "mode": "isolation"}
{"ts": "2026-06-22T19:07:38.772504+00:00", "level": "metric", "event": "chunk_ack", "role": "benchmark", "region": "eastus", "seq_num": 111, "rtt_ms": 20655.17, "verified": true, "status": "forwarded_no_ack", "mode": "isolation"}
{"ts": "2026-06-22T19:07:38.957428+00:00", "level": "metric", "event": "chunk_ack", "role": "benchmark", "region": "eastus", "seq_num": 112, "rtt_ms": 20839.64, "verified": true, "status": "forwarded_no_ack", "mode": "isolation"}
{"ts": "2026-06-22T19:07:39.142670+00:00", "level": "metric", "event": "chunk_ack", "role": "benchmark", "region": "eastus", "seq_num": 113, "rtt_ms": 21023.79, "verified": true, "status": "forwarded_no_ack", "mode": "isolation"}
{"ts": "2026-06-22T19:07:39.327906+00:00", "level": "metric", "event": "chunk_ack", "role": "benchmark", "region": "eastus", "seq_num": 114, "rtt_ms": 21208.23, "verified": true, "status": "forwarded_no_ack", "mode": "isolation"}
{"ts": "2026-06-22T19:07:39.513491+00:00", "level": "metric", "event": "chunk_ack", "role": "benchmark", "region": "eastus", "seq_num": 115, "rtt_ms": 21392.35, "verified": true, "status": "forwarded_no_ack", "mode": "isolation"}
{"ts": "2026-06-22T19:07:39.698595+00:00", "level": "metric", "event": "chunk_ack", "role": "benchmark", "region": "eastus", "seq_num": 116, "rtt_ms": 21577.26, "verified": true, "status": "forwarded_no_ack", "mode": "isolation"}
{"ts": "2026-06-22T19:07:39.884484+00:00", "level": "metric", "event": "chunk_ack", "role": "benchmark", "region": "eastus", "seq_num": 117, "rtt_ms": 21761.8, "verified": true, "status": "forwarded_no_ack", "mode": "isolation"}
{"ts": "2026-06-22T19:07:40.070586+00:00", "level": "metric", "event": "chunk_ack", "role": "benchmark", "region": "eastus", "seq_num": 118, "rtt_ms": 21947.07, "verified": true, "status": "forwarded_no_ack", "mode": "isolation"}
{"ts": "2026-06-22T19:07:40.255360+00:00", "level": "metric", "event": "chunk_ack", "role": "benchmark", "region": "eastus", "seq_num": 119, "rtt_ms": 22131.71, "verified": true, "status": "forwarded_no_ack", "mode": "isolation"}
{"ts": "2026-06-22T19:07:40.439889+00:00", "level": "metric", "event": "chunk_ack", "role": "benchmark", "region": "eastus", "seq_num": 120, "rtt_ms": 22315.64, "verified": true, "status": "forwarded_no_ack", "mode": "isolation"}
{"ts": "2026-06-22T19:07:40.624753+00:00", "level": "metric", "event": "chunk_ack", "role": "benchmark", "region": "eastus", "seq_num": 121, "rtt_ms": 22499.2, "verified": true, "status": "forwarded_no_ack", "mode": "isolation"}
{"ts": "2026-06-22T19:07:40.810206+00:00", "level": "metric", "event": "chunk_ack", "role": "benchmark", "region": "eastus", "seq_num": 122, "rtt_ms": 22683.25, "verified": true, "status": "forwarded_no_ack", "mode": "isolation"}
{"ts": "2026-06-22T19:07:40.995392+00:00", "level": "metric", "event": "chunk_ack", "role": "benchmark", "region": "eastus", "seq_num": 123, "rtt_ms": 22868.19, "verified": true, "status": "forwarded_no_ack", "mode": "isolation"}
{"ts": "2026-06-22T19:07:41.182283+00:00", "level": "metric", "event": "chunk_ack", "role": "benchmark", "region": "eastus", "seq_num": 124, "rtt_ms": 23052.65, "verified": true, "status": "forwarded_no_ack", "mode": "isolation"}
{"ts": "2026-06-22T19:07:41.367391+00:00", "level": "metric", "event": "chunk_ack", "role": "benchmark", "region": "eastus", "seq_num": 125, "rtt_ms": 23238.78, "verified": true, "status": "forwarded_no_ack", "mode": "isolation"}
{"ts": "2026-06-22T19:07:41.552630+00:00", "level": "metric", "event": "chunk_ack", "role": "benchmark", "region": "eastus", "seq_num": 126, "rtt_ms": 23422.62, "verified": true, "status": "forwarded_no_ack", "mode": "isolation"}
{"ts": "2026-06-22T19:07:41.738510+00:00", "level": "metric", "event": "chunk_ack", "role": "benchmark", "region": "eastus", "seq_num": 127, "rtt_ms": 23607.22, "verified": true, "status": "forwarded_no_ack", "mode": "isolation"}
{"ts": "2026-06-22T19:07:41.923860+00:00", "level": "metric", "event": "chunk_ack", "role": "benchmark", "region": "eastus", "seq_num": 128, "rtt_ms": 23791.93, "verified": true, "status": "forwarded_no_ack", "mode": "isolation"}
{"ts": "2026-06-22T19:07:42.110170+00:00", "level": "metric", "event": "chunk_ack", "role": "benchmark", "region": "eastus", "seq_num": 129, "rtt_ms": 23976.31, "verified": true, "status": "forwarded_no_ack", "mode": "isolation"}
{"ts": "2026-06-22T19:07:42.295890+00:00", "level": "metric", "event": "chunk_ack", "role": "benchmark", "region": "eastus", "seq_num": 130, "rtt_ms": 24161.83, "verified": true, "status": "forwarded_no_ack", "mode": "isolation"}
{"ts": "2026-06-22T19:07:42.482853+00:00", "level": "metric", "event": "chunk_ack", "role": "benchmark", "region": "eastus", "seq_num": 131, "rtt_ms": 24347.08, "verified": true, "status": "forwarded_no_ack", "mode": "isolation"}
{"ts": "2026-06-22T19:07:42.667988+00:00", "level": "metric", "event": "chunk_ack", "role": "benchmark", "region": "eastus", "seq_num": 132, "rtt_ms": 24532.88, "verified": true, "status": "forwarded_no_ack", "mode": "isolation"}
{"ts": "2026-06-22T19:07:42.853784+00:00", "level": "metric", "event": "chunk_ack", "role": "benchmark", "region": "eastus", "seq_num": 133, "rtt_ms": 24717.1, "verified": true, "status": "forwarded_no_ack", "mode": "isolation"}
{"ts": "2026-06-22T19:07:43.039133+00:00", "level": "metric", "event": "chunk_ack", "role": "benchmark", "region": "eastus", "seq_num": 134, "rtt_ms": 24902.35, "verified": true, "status": "forwarded_no_ack", "mode": "isolation"}
{"ts": "2026-06-22T19:07:43.224458+00:00", "level": "metric", "event": "chunk_ack", "role": "benchmark", "region": "eastus", "seq_num": 135, "rtt_ms": 25086.95, "verified": true, "status": "forwarded_no_ack", "mode": "isolation"}
{"ts": "2026-06-22T19:07:43.409913+00:00", "level": "metric", "event": "chunk_ack", "role": "benchmark", "region": "eastus", "seq_num": 136, "rtt_ms": 25271.38, "verified": true, "status": "forwarded_no_ack", "mode": "isolation"}
{"ts": "2026-06-22T19:07:43.596120+00:00", "level": "metric", "event": "chunk_ack", "role": "benchmark", "region": "eastus", "seq_num": 137, "rtt_ms": 25455.6, "verified": true, "status": "forwarded_no_ack", "mode": "isolation"}
{"ts": "2026-06-22T19:07:43.800993+00:00", "level": "metric", "event": "chunk_ack", "role": "benchmark", "region": "eastus", "seq_num": 138, "rtt_ms": 25641.09, "verified": true, "status": "forwarded_no_ack", "mode": "isolation"}
{"ts": "2026-06-22T19:07:43.986905+00:00", "level": "metric", "event": "chunk_ack", "role": "benchmark", "region": "eastus", "seq_num": 139, "rtt_ms": 25844.97, "verified": true, "status": "forwarded_no_ack", "mode": "isolation"}
{"ts": "2026-06-22T19:07:44.171938+00:00", "level": "metric", "event": "chunk_ack", "role": "benchmark", "region": "eastus", "seq_num": 140, "rtt_ms": 26030.06, "verified": true, "status": "forwarded_no_ack", "mode": "isolation"}
{"ts": "2026-06-22T19:07:44.357418+00:00", "level": "metric", "event": "chunk_ack", "role": "benchmark", "region": "eastus", "seq_num": 141, "rtt_ms": 26214.38, "verified": true, "status": "forwarded_no_ack", "mode": "isolation"}
{"ts": "2026-06-22T19:07:44.542342+00:00", "level": "metric", "event": "chunk_ack", "role": "benchmark", "region": "eastus", "seq_num": 142, "rtt_ms": 26398.86, "verified": true, "status": "forwarded_no_ack", "mode": "isolation"}
{"ts": "2026-06-22T19:07:44.727538+00:00", "level": "metric", "event": "chunk_ack", "role": "benchmark", "region": "eastus", "seq_num": 143, "rtt_ms": 26582.79, "verified": true, "status": "forwarded_no_ack", "mode": "isolation"}
{"ts": "2026-06-22T19:07:44.934235+00:00", "level": "metric", "event": "chunk_ack", "role": "benchmark", "region": "eastus", "seq_num": 144, "rtt_ms": 26767.28, "verified": true, "status": "forwarded_no_ack", "mode": "isolation"}
{"ts": "2026-06-22T19:07:45.119261+00:00", "level": "metric", "event": "chunk_ack", "role": "benchmark", "region": "eastus", "seq_num": 145, "rtt_ms": 26973.38, "verified": true, "status": "forwarded_no_ack", "mode": "isolation"}
{"ts": "2026-06-22T19:07:45.304613+00:00", "level": "metric", "event": "chunk_ack", "role": "benchmark", "region": "eastus", "seq_num": 146, "rtt_ms": 27157.19, "verified": true, "status": "forwarded_no_ack", "mode": "isolation"}
{"ts": "2026-06-22T19:07:45.489774+00:00", "level": "metric", "event": "chunk_ack", "role": "benchmark", "region": "eastus", "seq_num": 147, "rtt_ms": 27341.62, "verified": true, "status": "forwarded_no_ack", "mode": "isolation"}
{"ts": "2026-06-22T19:07:45.676219+00:00", "level": "metric", "event": "chunk_ack", "role": "benchmark", "region": "eastus", "seq_num": 148, "rtt_ms": 27526.69, "verified": true, "status": "forwarded_no_ack", "mode": "isolation"}
{"ts": "2026-06-22T19:07:45.860991+00:00", "level": "metric", "event": "chunk_ack", "role": "benchmark", "region": "eastus", "seq_num": 149, "rtt_ms": 27711.48, "verified": true, "status": "forwarded_no_ack", "mode": "isolation"}
{"ts": "2026-06-22T19:07:46.047645+00:00", "level": "metric", "event": "chunk_ack", "role": "benchmark", "region": "eastus", "seq_num": 150, "rtt_ms": 27895.43, "verified": true, "status": "forwarded_no_ack", "mode": "isolation"}
{"ts": "2026-06-22T19:07:46.235841+00:00", "level": "metric", "event": "chunk_ack", "role": "benchmark", "region": "eastus", "seq_num": 151, "rtt_ms": 28083.65, "verified": true, "status": "forwarded_no_ack", "mode": "isolation"}
{"ts": "2026-06-22T19:07:46.424677+00:00", "level": "metric", "event": "chunk_ack", "role": "benchmark", "region": "eastus", "seq_num": 152, "rtt_ms": 28268.99, "verified": true, "status": "forwarded_no_ack", "mode": "isolation"}
{"ts": "2026-06-22T19:07:46.615197+00:00", "level": "metric", "event": "chunk_ack", "role": "benchmark", "region": "eastus", "seq_num": 153, "rtt_ms": 28456.92, "verified": true, "status": "forwarded_no_ack", "mode": "isolation"}
{"ts": "2026-06-22T19:07:46.800084+00:00", "level": "metric", "event": "chunk_ack", "role": "benchmark", "region": "eastus", "seq_num": 154, "rtt_ms": 28646.24, "verified": true, "status": "forwarded_no_ack", "mode": "isolation"}
{"ts": "2026-06-22T19:07:46.984750+00:00", "level": "metric", "event": "chunk_ack", "role": "benchmark", "region": "eastus", "seq_num": 155, "rtt_ms": 28829.89, "verified": true, "status": "forwarded_no_ack", "mode": "isolation"}
{"ts": "2026-06-22T19:07:47.170025+00:00", "level": "metric", "event": "chunk_ack", "role": "benchmark", "region": "eastus", "seq_num": 156, "rtt_ms": 29013.48, "verified": true, "status": "forwarded_no_ack", "mode": "isolation"}
{"ts": "2026-06-22T19:07:47.361810+00:00", "level": "metric", "event": "chunk_ack", "role": "benchmark", "region": "eastus", "seq_num": 157, "rtt_ms": 29197.95, "verified": true, "status": "forwarded_no_ack", "mode": "isolation"}
{"ts": "2026-06-22T19:07:47.547636+00:00", "level": "metric", "event": "chunk_ack", "role": "benchmark", "region": "eastus", "seq_num": 158, "rtt_ms": 29388.95, "verified": true, "status": "forwarded_no_ack", "mode": "isolation"}
{"ts": "2026-06-22T19:07:47.732703+00:00", "level": "metric", "event": "chunk_ack", "role": "benchmark", "region": "eastus", "seq_num": 159, "rtt_ms": 29573.35, "verified": true, "status": "forwarded_no_ack", "mode": "isolation"}
{"ts": "2026-06-22T19:07:47.918755+00:00", "level": "metric", "event": "chunk_ack", "role": "benchmark", "region": "eastus", "seq_num": 160, "rtt_ms": 29757.61, "verified": true, "status": "forwarded_no_ack", "mode": "isolation"}
{"ts": "2026-06-22T19:07:48.105294+00:00", "level": "metric", "event": "chunk_ack", "role": "benchmark", "region": "eastus", "seq_num": 161, "rtt_ms": 29942.75, "verified": true, "status": "forwarded_no_ack", "mode": "isolation"}
{"ts": "2026-06-22T19:07:48.299781+00:00", "level": "metric", "event": "chunk_ack", "role": "benchmark", "region": "eastus", "seq_num": 162, "rtt_ms": 30128.78, "verified": true, "status": "forwarded_no_ack", "mode": "isolation"}
{"ts": "2026-06-22T19:07:48.485322+00:00", "level": "metric", "event": "chunk_ack", "role": "benchmark", "region": "eastus", "seq_num": 163, "rtt_ms": 30321.9, "verified": true, "status": "forwarded_no_ack", "mode": "isolation"}
{"ts": "2026-06-22T19:07:48.670373+00:00", "level": "metric", "event": "chunk_ack", "role": "benchmark", "region": "eastus", "seq_num": 164, "rtt_ms": 30506.52, "verified": true, "status": "forwarded_no_ack", "mode": "isolation"}
{"ts": "2026-06-22T19:07:48.856795+00:00", "level": "metric", "event": "chunk_ack", "role": "benchmark", "region": "eastus", "seq_num": 165, "rtt_ms": 30691.22, "verified": true, "status": "forwarded_no_ack", "mode": "isolation"}
{"ts": "2026-06-22T19:07:49.042003+00:00", "level": "metric", "event": "chunk_ack", "role": "benchmark", "region": "eastus", "seq_num": 166, "rtt_ms": 30876.18, "verified": true, "status": "forwarded_no_ack", "mode": "isolation"}
{"ts": "2026-06-22T19:07:49.227616+00:00", "level": "metric", "event": "chunk_ack", "role": "benchmark", "region": "eastus", "seq_num": 167, "rtt_ms": 31060.5, "verified": true, "status": "forwarded_no_ack", "mode": "isolation"}
{"ts": "2026-06-22T19:07:49.413273+00:00", "level": "metric", "event": "chunk_ack", "role": "benchmark", "region": "eastus", "seq_num": 168, "rtt_ms": 31245.45, "verified": true, "status": "forwarded_no_ack", "mode": "isolation"}
{"ts": "2026-06-22T19:07:49.598327+00:00", "level": "metric", "event": "chunk_ack", "role": "benchmark", "region": "eastus", "seq_num": 169, "rtt_ms": 31429.98, "verified": true, "status": "forwarded_no_ack", "mode": "isolation"}
{"ts": "2026-06-22T19:07:49.784550+00:00", "level": "metric", "event": "chunk_ack", "role": "benchmark", "region": "eastus", "seq_num": 170, "rtt_ms": 31614.59, "verified": true, "status": "forwarded_no_ack", "mode": "isolation"}
{"ts": "2026-06-22T19:07:49.979032+00:00", "level": "metric", "event": "chunk_ack", "role": "benchmark", "region": "eastus", "seq_num": 171, "rtt_ms": 31799.57, "verified": true, "status": "forwarded_no_ack", "mode": "isolation"}
{"ts": "2026-06-22T19:07:50.170066+00:00", "level": "metric", "event": "chunk_ack", "role": "benchmark", "region": "eastus", "seq_num": 172, "rtt_ms": 31993.26, "verified": true, "status": "forwarded_no_ack", "mode": "isolation"}
{"ts": "2026-06-22T19:07:50.356509+00:00", "level": "metric", "event": "chunk_ack", "role": "benchmark", "region": "eastus", "seq_num": 173, "rtt_ms": 32183.22, "verified": true, "status": "forwarded_no_ack", "mode": "isolation"}
{"ts": "2026-06-22T19:07:50.543927+00:00", "level": "metric", "event": "chunk_ack", "role": "benchmark", "region": "eastus", "seq_num": 174, "rtt_ms": 32369.08, "verified": true, "status": "forwarded_no_ack", "mode": "isolation"}
{"ts": "2026-06-22T19:07:50.729963+00:00", "level": "metric", "event": "chunk_ack", "role": "benchmark", "region": "eastus", "seq_num": 175, "rtt_ms": 32555.63, "verified": true, "status": "forwarded_no_ack", "mode": "isolation"}
{"ts": "2026-06-22T19:07:50.914786+00:00", "level": "metric", "event": "chunk_ack", "role": "benchmark", "region": "eastus", "seq_num": 176, "rtt_ms": 32740.45, "verified": true, "status": "forwarded_no_ack", "mode": "isolation"}
{"ts": "2026-06-22T19:07:51.102205+00:00", "level": "metric", "event": "chunk_ack", "role": "benchmark", "region": "eastus", "seq_num": 177, "rtt_ms": 32924.94, "verified": true, "status": "forwarded_no_ack", "mode": "isolation"}
{"ts": "2026-06-22T19:07:51.287198+00:00", "level": "metric", "event": "chunk_ack", "role": "benchmark", "region": "eastus", "seq_num": 178, "rtt_ms": 33110.99, "verified": true, "status": "forwarded_no_ack", "mode": "isolation"}
{"ts": "2026-06-22T19:07:51.473023+00:00", "level": "metric", "event": "chunk_ack", "role": "benchmark", "region": "eastus", "seq_num": 179, "rtt_ms": 33295.17, "verified": true, "status": "forwarded_no_ack", "mode": "isolation"}
{"ts": "2026-06-22T19:07:51.660411+00:00", "level": "metric", "event": "chunk_ack", "role": "benchmark", "region": "eastus", "seq_num": 180, "rtt_ms": 33478.44, "verified": true, "status": "forwarded_no_ack", "mode": "isolation"}
{"ts": "2026-06-22T19:07:51.845510+00:00", "level": "metric", "event": "chunk_ack", "role": "benchmark", "region": "eastus", "seq_num": 181, "rtt_ms": 33664.77, "verified": true, "status": "forwarded_no_ack", "mode": "isolation"}
{"ts": "2026-06-22T19:07:52.030967+00:00", "level": "metric", "event": "chunk_ack", "role": "benchmark", "region": "eastus", "seq_num": 182, "rtt_ms": 33848.83, "verified": true, "status": "forwarded_no_ack", "mode": "isolation"}
{"ts": "2026-06-22T19:07:52.216842+00:00", "level": "metric", "event": "chunk_ack", "role": "benchmark", "region": "eastus", "seq_num": 183, "rtt_ms": 34033.33, "verified": true, "status": "forwarded_no_ack", "mode": "isolation"}
{"ts": "2026-06-22T19:07:52.404839+00:00", "level": "metric", "event": "chunk_ack", "role": "benchmark", "region": "eastus", "seq_num": 184, "rtt_ms": 34218.04, "verified": true, "status": "forwarded_no_ack", "mode": "isolation"}
{"ts": "2026-06-22T19:07:52.589843+00:00", "level": "metric", "event": "chunk_ack", "role": "benchmark", "region": "eastus", "seq_num": 185, "rtt_ms": 34405.06, "verified": true, "status": "forwarded_no_ack", "mode": "isolation"}
{"ts": "2026-06-22T19:07:52.779174+00:00", "level": "metric", "event": "chunk_ack", "role": "benchmark", "region": "eastus", "seq_num": 186, "rtt_ms": 34589.07, "verified": true, "status": "forwarded_no_ack", "mode": "isolation"}
{"ts": "2026-06-22T19:07:52.964449+00:00", "level": "metric", "event": "chunk_ack", "role": "benchmark", "region": "eastus", "seq_num": 187, "rtt_ms": 34778.14, "verified": true, "status": "forwarded_no_ack", "mode": "isolation"}
{"ts": "2026-06-22T19:07:53.152390+00:00", "level": "metric", "event": "chunk_ack", "role": "benchmark", "region": "eastus", "seq_num": 188, "rtt_ms": 34961.77, "verified": true, "status": "forwarded_no_ack", "mode": "isolation"}
{"ts": "2026-06-22T19:07:53.337305+00:00", "level": "metric", "event": "chunk_ack", "role": "benchmark", "region": "eastus", "seq_num": 189, "rtt_ms": 35148.71, "verified": true, "status": "forwarded_no_ack", "mode": "isolation"}
{"ts": "2026-06-22T19:07:53.523789+00:00", "level": "metric", "event": "chunk_ack", "role": "benchmark", "region": "eastus", "seq_num": 190, "rtt_ms": 35333.24, "verified": true, "status": "forwarded_no_ack", "mode": "isolation"}
{"ts": "2026-06-22T19:07:53.708946+00:00", "level": "metric", "event": "chunk_ack", "role": "benchmark", "region": "eastus", "seq_num": 191, "rtt_ms": 35518.07, "verified": true, "status": "forwarded_no_ack", "mode": "isolation"}
{"ts": "2026-06-22T19:07:53.896160+00:00", "level": "metric", "event": "chunk_ack", "role": "benchmark", "region": "eastus", "seq_num": 192, "rtt_ms": 35703.43, "verified": true, "status": "forwarded_no_ack", "mode": "isolation"}
{"ts": "2026-06-22T19:07:54.081358+00:00", "level": "metric", "event": "chunk_ack", "role": "benchmark", "region": "eastus", "seq_num": 193, "rtt_ms": 35888.78, "verified": true, "status": "forwarded_no_ack", "mode": "isolation"}
{"ts": "2026-06-22T19:07:54.266686+00:00", "level": "metric", "event": "chunk_ack", "role": "benchmark", "region": "eastus", "seq_num": 194, "rtt_ms": 36073.08, "verified": true, "status": "forwarded_no_ack", "mode": "isolation"}
{"ts": "2026-06-22T19:07:54.451393+00:00", "level": "metric", "event": "chunk_ack", "role": "benchmark", "region": "eastus", "seq_num": 195, "rtt_ms": 36257.5, "verified": true, "status": "forwarded_no_ack", "mode": "isolation"}
{"ts": "2026-06-22T19:07:54.636554+00:00", "level": "metric", "event": "chunk_ack", "role": "benchmark", "region": "eastus", "seq_num": 196, "rtt_ms": 36440.6, "verified": true, "status": "forwarded_no_ack", "mode": "isolation"}
{"ts": "2026-06-22T19:07:54.822338+00:00", "level": "metric", "event": "chunk_ack", "role": "benchmark", "region": "eastus", "seq_num": 197, "rtt_ms": 36625.78, "verified": true, "status": "forwarded_no_ack", "mode": "isolation"}
{"ts": "2026-06-22T19:07:55.008360+00:00", "level": "metric", "event": "chunk_ack", "role": "benchmark", "region": "eastus", "seq_num": 198, "rtt_ms": 36809.78, "verified": true, "status": "forwarded_no_ack", "mode": "isolation"}
{"ts": "2026-06-22T19:07:55.194444+00:00", "level": "metric", "event": "chunk_ack", "role": "benchmark", "region": "eastus", "seq_num": 199, "rtt_ms": 36995.9, "verified": true, "status": "forwarded_no_ack", "mode": "isolation"}
{"ts": "2026-06-22T19:07:55.379551+00:00", "level": "metric", "event": "chunk_ack", "role": "benchmark", "region": "eastus", "seq_num": 200, "rtt_ms": 37180.3, "verified": true, "status": "forwarded_no_ack", "mode": "isolation"}
{"ts": "2026-06-22T19:07:55.565833+00:00", "level": "metric", "event": "chunk_ack", "role": "benchmark", "region": "eastus", "seq_num": 201, "rtt_ms": 37364.7, "verified": true, "status": "forwarded_no_ack", "mode": "isolation"}
{"ts": "2026-06-22T19:07:55.751391+00:00", "level": "metric", "event": "chunk_ack", "role": "benchmark", "region": "eastus", "seq_num": 202, "rtt_ms": 37550.21, "verified": true, "status": "forwarded_no_ack", "mode": "isolation"}
{"ts": "2026-06-22T19:07:55.937468+00:00", "level": "metric", "event": "chunk_ack", "role": "benchmark", "region": "eastus", "seq_num": 203, "rtt_ms": 37734.68, "verified": true, "status": "forwarded_no_ack", "mode": "isolation"}
{"ts": "2026-06-22T19:07:56.124275+00:00", "level": "metric", "event": "chunk_ack", "role": "benchmark", "region": "eastus", "seq_num": 204, "rtt_ms": 37919.91, "verified": true, "status": "forwarded_no_ack", "mode": "isolation"}
{"ts": "2026-06-22T19:07:56.310387+00:00", "level": "info", "event": "mode_complete", "role": "benchmark", "region": "eastus", "mode": "isolation", "avg_rtt_ms": 19426.115, "p99_rtt_ms": 37550.208, "throughput_mbps": 0.021, "verified_pct": 100.0}
{"ts": "2026-06-22T19:07:56.310519+00:00", "level": "info", "event": "mode_started", "role": "benchmark", "region": "eastus", "mode": "superposition"}
{"ts": "2026-06-22T19:07:57.732756+00:00", "level": "metric", "event": "chunk_ack", "role": "benchmark", "region": "eastus", "seq_num": 0, "rtt_ms": 158.43, "verified": true, "status": "forwarded_no_ack", "mode": "superposition"}
{"ts": "2026-06-22T19:07:57.882831+00:00", "level": "metric", "event": "chunk_ack", "role": "benchmark", "region": "eastus", "seq_num": 1, "rtt_ms": 300.3, "verified": true, "status": "forwarded_no_ack", "mode": "superposition"}
{"ts": "2026-06-22T19:07:58.035031+00:00", "level": "metric", "event": "chunk_ack", "role": "benchmark", "region": "eastus", "seq_num": 2, "rtt_ms": 451.56, "verified": true, "status": "forwarded_no_ack", "mode": "superposition"}
{"ts": "2026-06-22T19:07:58.184052+00:00", "level": "metric", "event": "chunk_ack", "role": "benchmark", "region": "eastus", "seq_num": 3, "rtt_ms": 599.66, "verified": true, "status": "forwarded_no_ack", "mode": "superposition"}
{"ts": "2026-06-22T19:07:58.345184+00:00", "level": "metric", "event": "chunk_ack", "role": "benchmark", "region": "eastus", "seq_num": 4, "rtt_ms": 759.72, "verified": true, "status": "forwarded_no_ack", "mode": "superposition"}
{"ts": "2026-06-22T19:07:58.679202+00:00", "level": "metric", "event": "chunk_ack", "role": "benchmark", "region": "eastus", "seq_num": 5, "rtt_ms": 907.9, "verified": true, "status": "forwarded_no_ack", "mode": "superposition"}
{"ts": "2026-06-22T19:07:58.866009+00:00", "level": "metric", "event": "chunk_ack", "role": "benchmark", "region": "eastus", "seq_num": 6, "rtt_ms": 1091.78, "verified": true, "status": "forwarded_no_ack", "mode": "superposition"}
{"ts": "2026-06-22T19:07:59.053512+00:00", "level": "metric", "event": "chunk_ack", "role": "benchmark", "region": "eastus", "seq_num": 7, "rtt_ms": 1277.29, "verified": true, "status": "forwarded_no_ack", "mode": "superposition"}
{"ts": "2026-06-22T19:07:59.241607+00:00", "level": "metric", "event": "chunk_ack", "role": "benchmark", "region": "eastus", "seq_num": 8, "rtt_ms": 1464.74, "verified": true, "status": "forwarded_no_ack", "mode": "superposition"}
{"ts": "2026-06-22T19:07:59.427122+00:00", "level": "metric", "event": "chunk_ack", "role": "benchmark", "region": "eastus", "seq_num": 9, "rtt_ms": 1651.42, "verified": true, "status": "forwarded_no_ack", "mode": "superposition"}
{"ts": "2026-06-22T19:07:59.613397+00:00", "level": "metric", "event": "chunk_ack", "role": "benchmark", "region": "eastus", "seq_num": 10, "rtt_ms": 1835.75, "verified": true, "status": "forwarded_no_ack", "mode": "superposition"}
{"ts": "2026-06-22T19:07:59.798284+00:00", "level": "metric", "event": "chunk_ack", "role": "benchmark", "region": "eastus", "seq_num": 11, "rtt_ms": 2020.57, "verified": true, "status": "forwarded_no_ack", "mode": "superposition"}
{"ts": "2026-06-22T19:07:59.984366+00:00", "level": "metric", "event": "chunk_ack", "role": "benchmark", "region": "eastus", "seq_num": 12, "rtt_ms": 2204.42, "verified": true, "status": "forwarded_no_ack", "mode": "superposition"}
{"ts": "2026-06-22T19:08:00.169474+00:00", "level": "metric", "event": "chunk_ack", "role": "benchmark", "region": "eastus", "seq_num": 13, "rtt_ms": 2389.68, "verified": true, "status": "forwarded_no_ack", "mode": "superposition"}
{"ts": "2026-06-22T19:08:00.354879+00:00", "level": "metric", "event": "chunk_ack", "role": "benchmark", "region": "eastus", "seq_num": 14, "rtt_ms": 2573.88, "verified": true, "status": "forwarded_no_ack", "mode": "superposition"}
{"ts": "2026-06-22T19:08:00.540918+00:00", "level": "metric", "event": "chunk_ack", "role": "benchmark", "region": "eastus", "seq_num": 15, "rtt_ms": 2758.22, "verified": true, "status": "forwarded_no_ack", "mode": "superposition"}
{"ts": "2026-06-22T19:08:00.726329+00:00", "level": "metric", "event": "chunk_ack", "role": "benchmark", "region": "eastus", "seq_num": 16, "rtt_ms": 2943.13, "verified": true, "status": "forwarded_no_ack", "mode": "superposition"}
{"ts": "2026-06-22T19:08:00.912280+00:00", "level": "metric", "event": "chunk_ack", "role": "benchmark", "region": "eastus", "seq_num": 17, "rtt_ms": 3127.75, "verified": true, "status": "forwarded_no_ack", "mode": "superposition"}
{"ts": "2026-06-22T19:08:01.097565+00:00", "level": "metric", "event": "chunk_ack", "role": "benchmark", "region": "eastus", "seq_num": 18, "rtt_ms": 3312.92, "verified": true, "status": "forwarded_no_ack", "mode": "superposition"}
{"ts": "2026-06-22T19:08:01.282348+00:00", "level": "metric", "event": "chunk_ack", "role": "benchmark", "region": "eastus", "seq_num": 19, "rtt_ms": 3496.94, "verified": true, "status": "forwarded_no_ack", "mode": "superposition"}
{"ts": "2026-06-22T19:08:01.467202+00:00", "level": "metric", "event": "chunk_ack", "role": "benchmark", "region": "eastus", "seq_num": 20, "rtt_ms": 3680.71, "verified": true, "status": "forwarded_no_ack", "mode": "superposition"}
{"ts": "2026-06-22T19:08:01.652334+00:00", "level": "metric", "event": "chunk_ack", "role": "benchmark", "region": "eastus", "seq_num": 21, "rtt_ms": 3864.67, "verified": true, "status": "forwarded_no_ack", "mode": "superposition"}
{"ts": "2026-06-22T19:08:01.837563+00:00", "level": "metric", "event": "chunk_ack", "role": "benchmark", "region": "eastus", "seq_num": 22, "rtt_ms": 4048.68, "verified": true, "status": "forwarded_no_ack", "mode": "superposition"}
{"ts": "2026-06-22T19:08:02.023951+00:00", "level": "metric", "event": "chunk_ack", "role": "benchmark", "region": "eastus", "seq_num": 23, "rtt_ms": 4233.03, "verified": true, "status": "forwarded_no_ack", "mode": "superposition"}
{"ts": "2026-06-22T19:08:02.208528+00:00", "level": "metric", "event": "chunk_ack", "role": "benchmark", "region": "eastus", "seq_num": 24, "rtt_ms": 4417.79, "verified": true, "status": "forwarded_no_ack", "mode": "superposition"}
{"ts": "2026-06-22T19:08:02.396390+00:00", "level": "metric", "event": "chunk_ack", "role": "benchmark", "region": "eastus", "seq_num": 25, "rtt_ms": 4601.39, "verified": true, "status": "forwarded_no_ack", "mode": "superposition"}
{"ts": "2026-06-22T19:08:02.581617+00:00", "level": "metric", "event": "chunk_ack", "role": "benchmark", "region": "eastus", "seq_num": 26, "rtt_ms": 4788.4, "verified": true, "status": "forwarded_no_ack", "mode": "superposition"}
{"ts": "2026-06-22T19:08:02.767206+00:00", "level": "metric", "event": "chunk_ack", "role": "benchmark", "region": "eastus", "seq_num": 27, "rtt_ms": 4973.07, "verified": true, "status": "forwarded_no_ack", "mode": "superposition"}
{"ts": "2026-06-22T19:08:02.953347+00:00", "level": "metric", "event": "chunk_ack", "role": "benchmark", "region": "eastus", "seq_num": 28, "rtt_ms": 5157.63, "verified": true, "status": "forwarded_no_ack", "mode": "superposition"}
{"ts": "2026-06-22T19:08:03.138993+00:00", "level": "metric", "event": "chunk_ack", "role": "benchmark", "region": "eastus", "seq_num": 29, "rtt_ms": 5342.99, "verified": true, "status": "error", "mode": "superposition"}
{"ts": "2026-06-22T19:08:03.324143+00:00", "level": "metric", "event": "chunk_ack", "role": "benchmark", "region": "eastus", "seq_num": 30, "rtt_ms": 5528.27, "verified": true, "status": "forwarded_no_ack", "mode": "superposition"}
{"ts": "2026-06-22T19:08:03.509165+00:00", "level": "metric", "event": "chunk_ack", "role": "benchmark", "region": "eastus", "seq_num": 31, "rtt_ms": 5712.5, "verified": true, "status": "forwarded_no_ack", "mode": "superposition"}
{"ts": "2026-06-22T19:08:03.694425+00:00", "level": "metric", "event": "chunk_ack", "role": "benchmark", "region": "eastus", "seq_num": 32, "rtt_ms": 5896.53, "verified": true, "status": "forwarded_no_ack", "mode": "superposition"}
{"ts": "2026-06-22T19:08:03.880326+00:00", "level": "metric", "event": "chunk_ack", "role": "benchmark", "region": "eastus", "seq_num": 33, "rtt_ms": 6081.06, "verified": true, "status": "forwarded_no_ack", "mode": "superposition"}
{"ts": "2026-06-22T19:08:04.069372+00:00", "level": "metric", "event": "chunk_ack", "role": "benchmark", "region": "eastus", "seq_num": 34, "rtt_ms": 6267.68, "verified": true, "status": "forwarded_no_ack", "mode": "superposition"}
{"ts": "2026-06-22T19:08:04.256450+00:00", "level": "metric", "event": "chunk_ack", "role": "benchmark", "region": "eastus", "seq_num": 35, "rtt_ms": 6455.3, "verified": true, "status": "forwarded_no_ack", "mode": "superposition"}
{"ts": "2026-06-22T19:08:04.442592+00:00", "level": "metric", "event": "chunk_ack", "role": "benchmark", "region": "eastus", "seq_num": 36, "rtt_ms": 6641.57, "verified": true, "status": "forwarded_no_ack", "mode": "superposition"}
{"ts": "2026-06-22T19:08:04.628682+00:00", "level": "metric", "event": "chunk_ack", "role": "benchmark", "region": "eastus", "seq_num": 37, "rtt_ms": 6826.06, "verified": true, "status": "forwarded_no_ack", "mode": "superposition"}
{"ts": "2026-06-22T19:08:04.814539+00:00", "level": "metric", "event": "chunk_ack", "role": "benchmark", "region": "eastus", "seq_num": 38, "rtt_ms": 7011.89, "verified": true, "status": "forwarded_no_ack", "mode": "superposition"}
{"ts": "2026-06-22T19:08:04.999690+00:00", "level": "metric", "event": "chunk_ack", "role": "benchmark", "region": "eastus", "seq_num": 39, "rtt_ms": 7196.72, "verified": true, "status": "forwarded_no_ack", "mode": "superposition"}
{"ts": "2026-06-22T19:08:05.185034+00:00", "level": "metric", "event": "chunk_ack", "role": "benchmark", "region": "eastus", "seq_num": 40, "rtt_ms": 7380.77, "verified": true, "status": "forwarded_no_ack", "mode": "superposition"}
{"ts": "2026-06-22T19:08:05.370054+00:00", "level": "metric", "event": "chunk_ack", "role": "benchmark", "region": "eastus", "seq_num": 41, "rtt_ms": 7565.09, "verified": true, "status": "forwarded_no_ack", "mode": "superposition"}
{"ts": "2026-06-22T19:08:05.554941+00:00", "level": "metric", "event": "chunk_ack", "role": "benchmark", "region": "eastus", "seq_num": 42, "rtt_ms": 7749.34, "verified": true, "status": "forwarded_no_ack", "mode": "superposition"}
{"ts": "2026-06-22T19:08:05.740193+00:00", "level": "metric", "event": "chunk_ack", "role": "benchmark", "region": "eastus", "seq_num": 43, "rtt_ms": 7933.46, "verified": true, "status": "forwarded_no_ack", "mode": "superposition"}
{"ts": "2026-06-22T19:08:05.925365+00:00", "level": "metric", "event": "chunk_ack", "role": "benchmark", "region": "eastus", "seq_num": 44, "rtt_ms": 8118.04, "verified": true, "status": "forwarded_no_ack", "mode": "superposition"}
{"ts": "2026-06-22T19:08:06.111205+00:00", "level": "metric", "event": "chunk_ack", "role": "benchmark", "region": "eastus", "seq_num": 45, "rtt_ms": 8302.77, "verified": true, "status": "forwarded_no_ack", "mode": "superposition"}
{"ts": "2026-06-22T19:08:06.296460+00:00", "level": "metric", "event": "chunk_ack", "role": "benchmark", "region": "eastus", "seq_num": 46, "rtt_ms": 8488.06, "verified": true, "status": "forwarded_no_ack", "mode": "superposition"}
{"ts": "2026-06-22T19:08:06.481572+00:00", "level": "metric", "event": "chunk_ack", "role": "benchmark", "region": "eastus", "seq_num": 47, "rtt_ms": 8671.96, "verified": true, "status": "forwarded_no_ack", "mode": "superposition"}
{"ts": "2026-06-22T19:08:06.668932+00:00", "level": "metric", "event": "chunk_ack", "role": "benchmark", "region": "eastus", "seq_num": 48, "rtt_ms": 8856.99, "verified": true, "status": "forwarded_no_ack", "mode": "superposition"}
{"ts": "2026-06-22T19:08:06.855360+00:00", "level": "metric", "event": "chunk_ack", "role": "benchmark", "region": "eastus", "seq_num": 49, "rtt_ms": 9043.02, "verified": true, "status": "forwarded_no_ack", "mode": "superposition"}
{"ts": "2026-06-22T19:08:07.040307+00:00", "level": "metric", "event": "chunk_ack", "role": "benchmark", "region": "eastus", "seq_num": 50, "rtt_ms": 9228.53, "verified": true, "status": "forwarded_no_ack", "mode": "superposition"}
{"ts": "2026-06-22T19:08:07.230094+00:00", "level": "metric", "event": "chunk_ack", "role": "benchmark", "region": "eastus", "seq_num": 51, "rtt_ms": 9412.6, "verified": true, "status": "forwarded_no_ack", "mode": "superposition"}
{"ts": "2026-06-22T19:08:07.481908+00:00", "level": "metric", "event": "chunk_ack", "role": "benchmark", "region": "eastus", "seq_num": 52, "rtt_ms": 9601.46, "verified": true, "status": "forwarded_no_ack", "mode": "superposition"}
{"ts": "2026-06-22T19:08:07.754185+00:00", "level": "metric", "event": "chunk_ack", "role": "benchmark", "region": "eastus", "seq_num": 53, "rtt_ms": 9851.31, "verified": true, "status": "forwarded_no_ack", "mode": "superposition"}
{"ts": "2026-06-22T19:08:07.939693+00:00", "level": "metric", "event": "chunk_ack", "role": "benchmark", "region": "eastus", "seq_num": 54, "rtt_ms": 10122.61, "verified": true, "status": "forwarded_no_ack", "mode": "superposition"}
{"ts": "2026-06-22T19:08:08.124460+00:00", "level": "metric", "event": "chunk_ack", "role": "benchmark", "region": "eastus", "seq_num": 55, "rtt_ms": 10306.65, "verified": true, "status": "forwarded_no_ack", "mode": "superposition"}
{"ts": "2026-06-22T19:08:08.309210+00:00", "level": "metric", "event": "chunk_ack", "role": "benchmark", "region": "eastus", "seq_num": 56, "rtt_ms": 10490.66, "verified": true, "status": "forwarded_no_ack", "mode": "superposition"}
{"ts": "2026-06-22T19:08:08.494455+00:00", "level": "metric", "event": "chunk_ack", "role": "benchmark", "region": "eastus", "seq_num": 57, "rtt_ms": 10672.67, "verified": true, "status": "forwarded_no_ack", "mode": "superposition"}
{"ts": "2026-06-22T19:08:08.681598+00:00", "level": "metric", "event": "chunk_ack", "role": "benchmark", "region": "eastus", "seq_num": 58, "rtt_ms": 10857.07, "verified": true, "status": "forwarded_no_ack", "mode": "superposition"}
{"ts": "2026-06-22T19:08:08.866550+00:00", "level": "metric", "event": "chunk_ack", "role": "benchmark", "region": "eastus", "seq_num": 59, "rtt_ms": 11043.27, "verified": true, "status": "forwarded_no_ack", "mode": "superposition"}
{"ts": "2026-06-22T19:08:09.053118+00:00", "level": "metric", "event": "chunk_ack", "role": "benchmark", "region": "eastus", "seq_num": 60, "rtt_ms": 11227.07, "verified": true, "status": "forwarded_no_ack", "mode": "superposition"}
{"ts": "2026-06-22T19:08:09.242995+00:00", "level": "metric", "event": "chunk_ack", "role": "benchmark", "region": "eastus", "seq_num": 61, "rtt_ms": 11412.71, "verified": true, "status": "forwarded_no_ack", "mode": "superposition"}
{"ts": "2026-06-22T19:08:09.428832+00:00", "level": "metric", "event": "chunk_ack", "role": "benchmark", "region": "eastus", "seq_num": 62, "rtt_ms": 11601.63, "verified": true, "status": "forwarded_no_ack", "mode": "superposition"}
{"ts": "2026-06-22T19:08:09.614668+00:00", "level": "metric", "event": "chunk_ack", "role": "benchmark", "region": "eastus", "seq_num": 63, "rtt_ms": 11786.59, "verified": true, "status": "forwarded_no_ack", "mode": "superposition"}
{"ts": "2026-06-22T19:08:09.801347+00:00", "level": "metric", "event": "chunk_ack", "role": "benchmark", "region": "eastus", "seq_num": 64, "rtt_ms": 11971.72, "verified": true, "status": "forwarded_no_ack", "mode": "superposition"}
{"ts": "2026-06-22T19:08:09.986465+00:00", "level": "metric", "event": "chunk_ack", "role": "benchmark", "region": "eastus", "seq_num": 65, "rtt_ms": 12157.46, "verified": true, "status": "forwarded_no_ack", "mode": "superposition"}
{"ts": "2026-06-22T19:08:10.171994+00:00", "level": "metric", "event": "chunk_ack", "role": "benchmark", "region": "eastus", "seq_num": 66, "rtt_ms": 12341.62, "verified": true, "status": "forwarded_no_ack", "mode": "superposition"}
{"ts": "2026-06-22T19:08:10.357370+00:00", "level": "metric", "event": "chunk_ack", "role": "benchmark", "region": "eastus", "seq_num": 67, "rtt_ms": 12526.24, "verified": true, "status": "forwarded_no_ack", "mode": "superposition"}
{"ts": "2026-06-22T19:08:10.543102+00:00", "level": "metric", "event": "chunk_ack", "role": "benchmark", "region": "eastus", "seq_num": 68, "rtt_ms": 12710.6, "verified": true, "status": "forwarded_no_ack", "mode": "superposition"}
{"ts": "2026-06-22T19:08:10.729185+00:00", "level": "metric", "event": "chunk_ack", "role": "benchmark", "region": "eastus", "seq_num": 69, "rtt_ms": 12895.43, "verified": true, "status": "forwarded_no_ack", "mode": "superposition"}
{"ts": "2026-06-22T19:08:10.915042+00:00", "level": "metric", "event": "chunk_ack", "role": "benchmark", "region": "eastus", "seq_num": 70, "rtt_ms": 13081.67, "verified": true, "status": "forwarded_no_ack", "mode": "superposition"}
{"ts": "2026-06-22T19:08:11.100355+00:00", "level": "metric", "event": "chunk_ack", "role": "benchmark", "region": "eastus", "seq_num": 71, "rtt_ms": 13265.91, "verified": true, "status": "forwarded_no_ack", "mode": "superposition"}
{"ts": "2026-06-22T19:08:11.285814+00:00", "level": "metric", "event": "chunk_ack", "role": "benchmark", "region": "eastus", "seq_num": 72, "rtt_ms": 13450.03, "verified": true, "status": "forwarded_no_ack", "mode": "superposition"}
{"ts": "2026-06-22T19:08:11.475448+00:00", "level": "metric", "event": "chunk_ack", "role": "benchmark", "region": "eastus", "seq_num": 73, "rtt_ms": 13634.49, "verified": true, "status": "forwarded_no_ack", "mode": "superposition"}
{"ts": "2026-06-22T19:08:11.661613+00:00", "level": "metric", "event": "chunk_ack", "role": "benchmark", "region": "eastus", "seq_num": 74, "rtt_ms": 13823.23, "verified": true, "status": "forwarded_no_ack", "mode": "superposition"}
{"ts": "2026-06-22T19:08:11.847482+00:00", "level": "metric", "event": "chunk_ack", "role": "benchmark", "region": "eastus", "seq_num": 75, "rtt_ms": 14008.94, "verified": true, "status": "forwarded_no_ack", "mode": "superposition"}
{"ts": "2026-06-22T19:08:12.035253+00:00", "level": "metric", "event": "chunk_ack", "role": "benchmark", "region": "eastus", "seq_num": 76, "rtt_ms": 14193.74, "verified": true, "status": "forwarded_no_ack", "mode": "superposition"}
{"ts": "2026-06-22T19:08:12.220739+00:00", "level": "metric", "event": "chunk_ack", "role": "benchmark", "region": "eastus", "seq_num": 77, "rtt_ms": 14380.65, "verified": true, "status": "forwarded_no_ack", "mode": "superposition"}
{"ts": "2026-06-22T19:08:12.407316+00:00", "level": "metric", "event": "chunk_ack", "role": "benchmark", "region": "eastus", "seq_num": 78, "rtt_ms": 14565.35, "verified": true, "status": "forwarded_no_ack", "mode": "superposition"}
{"ts": "2026-06-22T19:08:12.594681+00:00", "level": "metric", "event": "chunk_ack", "role": "benchmark", "region": "eastus", "seq_num": 79, "rtt_ms": 14752.89, "verified": true, "status": "forwarded_no_ack", "mode": "superposition"}
{"ts": "2026-06-22T19:08:12.781947+00:00", "level": "metric", "event": "chunk_ack", "role": "benchmark", "region": "eastus", "seq_num": 80, "rtt_ms": 14938.04, "verified": true, "status": "forwarded_no_ack", "mode": "superposition"}
{"ts": "2026-06-22T19:08:12.967255+00:00", "level": "metric", "event": "chunk_ack", "role": "benchmark", "region": "eastus", "seq_num": 81, "rtt_ms": 15123.56, "verified": true, "status": "forwarded_no_ack", "mode": "superposition"}
{"ts": "2026-06-22T19:08:13.152993+00:00", "level": "metric", "event": "chunk_ack", "role": "benchmark", "region": "eastus", "seq_num": 82, "rtt_ms": 15308.08, "verified": true, "status": "forwarded_no_ack", "mode": "superposition"}
{"ts": "2026-06-22T19:08:13.338596+00:00", "level": "metric", "event": "chunk_ack", "role": "benchmark", "region": "eastus", "seq_num": 83, "rtt_ms": 15492.99, "verified": true, "status": "forwarded_no_ack", "mode": "superposition"}
{"ts": "2026-06-22T19:08:13.524074+00:00", "level": "metric", "event": "chunk_ack", "role": "benchmark", "region": "eastus", "seq_num": 84, "rtt_ms": 15678.07, "verified": true, "status": "forwarded_no_ack", "mode": "superposition"}
{"ts": "2026-06-22T19:08:13.709938+00:00", "level": "metric", "event": "chunk_ack", "role": "benchmark", "region": "eastus", "seq_num": 85, "rtt_ms": 15862.34, "verified": true, "status": "forwarded_no_ack", "mode": "superposition"}
{"ts": "2026-06-22T19:08:14.541807+00:00", "level": "metric", "event": "chunk_ack", "role": "benchmark", "region": "eastus", "seq_num": 86, "rtt_ms": 16046.8, "verified": true, "status": "forwarded_no_ack", "mode": "superposition"}
{"ts": "2026-06-22T19:08:14.911546+00:00", "level": "metric", "event": "chunk_ack", "role": "benchmark", "region": "eastus", "seq_num": 87, "rtt_ms": 16878.47, "verified": true, "status": "forwarded_no_ack", "mode": "superposition"}
{"ts": "2026-06-22T19:08:15.096827+00:00", "level": "metric", "event": "chunk_ack", "role": "benchmark", "region": "eastus", "seq_num": 88, "rtt_ms": 17246.79, "verified": true, "status": "forwarded_no_ack", "mode": "superposition"}
{"ts": "2026-06-22T19:08:15.281509+00:00", "level": "metric", "event": "chunk_ack", "role": "benchmark", "region": "eastus", "seq_num": 89, "rtt_ms": 17431.24, "verified": true, "status": "forwarded_no_ack", "mode": "superposition"}
{"ts": "2026-06-22T19:08:15.466022+00:00", "level": "metric", "event": "chunk_ack", "role": "benchmark", "region": "eastus", "seq_num": 90, "rtt_ms": 17614.68, "verified": true, "status": "forwarded_no_ack", "mode": "superposition"}
{"ts": "2026-06-22T19:08:15.655887+00:00", "level": "metric", "event": "chunk_ack", "role": "benchmark", "region": "eastus", "seq_num": 91, "rtt_ms": 17797.87, "verified": true, "status": "forwarded_no_ack", "mode": "superposition"}
{"ts": "2026-06-22T19:08:15.840624+00:00", "level": "metric", "event": "chunk_ack", "role": "benchmark", "region": "eastus", "seq_num": 92, "rtt_ms": 17986.98, "verified": true, "status": "forwarded_no_ack", "mode": "superposition"}
{"ts": "2026-06-22T19:08:16.025497+00:00", "level": "metric", "event": "chunk_ack", "role": "benchmark", "region": "eastus", "seq_num": 93, "rtt_ms": 18170.68, "verified": true, "status": "forwarded_no_ack", "mode": "superposition"}
{"ts": "2026-06-22T19:08:16.212467+00:00", "level": "metric", "event": "chunk_ack", "role": "benchmark", "region": "eastus", "seq_num": 94, "rtt_ms": 18354.74, "verified": true, "status": "forwarded_no_ack", "mode": "superposition"}
{"ts": "2026-06-22T19:08:16.396925+00:00", "level": "metric", "event": "chunk_ack", "role": "benchmark", "region": "eastus", "seq_num": 95, "rtt_ms": 18540.85, "verified": true, "status": "forwarded_no_ack", "mode": "superposition"}
{"ts": "2026-06-22T19:08:16.581412+00:00", "level": "metric", "event": "chunk_ack", "role": "benchmark", "region": "eastus", "seq_num": 96, "rtt_ms": 18724.62, "verified": true, "status": "forwarded_no_ack", "mode": "superposition"}
{"ts": "2026-06-22T19:08:16.766374+00:00", "level": "metric", "event": "chunk_ack", "role": "benchmark", "region": "eastus", "seq_num": 97, "rtt_ms": 18908.39, "verified": true, "status": "forwarded_no_ack", "mode": "superposition"}
{"ts": "2026-06-22T19:08:16.958235+00:00", "level": "metric", "event": "chunk_ack", "role": "benchmark", "region": "eastus", "seq_num": 98, "rtt_ms": 19091.86, "verified": true, "status": "forwarded_no_ack", "mode": "superposition"}
{"ts": "2026-06-22T19:08:17.143403+00:00", "level": "metric", "event": "chunk_ack", "role": "benchmark", "region": "eastus", "seq_num": 99, "rtt_ms": 19282.77, "verified": true, "status": "forwarded_no_ack", "mode": "superposition"}
{"ts": "2026-06-22T19:08:17.329515+00:00", "level": "metric", "event": "chunk_ack", "role": "benchmark", "region": "eastus", "seq_num": 100, "rtt_ms": 19466.52, "verified": true, "status": "forwarded_no_ack", "mode": "superposition"}
{"ts": "2026-06-22T19:08:17.520077+00:00", "level": "metric", "event": "chunk_ack", "role": "benchmark", "region": "eastus", "seq_num": 101, "rtt_ms": 19651.99, "verified": true, "status": "forwarded_no_ack", "mode": "superposition"}
{"ts": "2026-06-22T19:08:17.709266+00:00", "level": "metric", "event": "chunk_ack", "role": "benchmark", "region": "eastus", "seq_num": 102, "rtt_ms": 19841.71, "verified": true, "status": "forwarded_no_ack", "mode": "superposition"}
{"ts": "2026-06-22T19:08:17.895154+00:00", "level": "metric", "event": "chunk_ack", "role": "benchmark", "region": "eastus", "seq_num": 103, "rtt_ms": 20029.58, "verified": true, "status": "forwarded_no_ack", "mode": "superposition"}
{"ts": "2026-06-22T19:08:18.080328+00:00", "level": "metric", "event": "chunk_ack", "role": "benchmark", "region": "eastus", "seq_num": 104, "rtt_ms": 20214.2, "verified": true, "status": "forwarded_no_ack", "mode": "superposition"}
{"ts": "2026-06-22T19:08:18.266296+00:00", "level": "metric", "event": "chunk_ack", "role": "benchmark", "region": "eastus", "seq_num": 105, "rtt_ms": 20398.26, "verified": true, "status": "forwarded_no_ack", "mode": "superposition"}
{"ts": "2026-06-22T19:08:18.450938+00:00", "level": "metric", "event": "chunk_ack", "role": "benchmark", "region": "eastus", "seq_num": 106, "rtt_ms": 20582.46, "verified": true, "status": "forwarded_no_ack", "mode": "superposition"}
{"ts": "2026-06-22T19:08:18.637048+00:00", "level": "metric", "event": "chunk_ack", "role": "benchmark", "region": "eastus", "seq_num": 107, "rtt_ms": 20766.21, "verified": true, "status": "forwarded_no_ack", "mode": "superposition"}
{"ts": "2026-06-22T19:08:18.822642+00:00", "level": "metric", "event": "chunk_ack", "role": "benchmark", "region": "eastus", "seq_num": 108, "rtt_ms": 20951.53, "verified": true, "status": "forwarded_no_ack", "mode": "superposition"}
{"ts": "2026-06-22T19:08:19.006989+00:00", "level": "metric", "event": "chunk_ack", "role": "benchmark", "region": "eastus", "seq_num": 109, "rtt_ms": 21134.55, "verified": true, "status": "forwarded_no_ack", "mode": "superposition"}
{"ts": "2026-06-22T19:08:19.191805+00:00", "level": "metric", "event": "chunk_ack", "role": "benchmark", "region": "eastus", "seq_num": 110, "rtt_ms": 21318.01, "verified": true, "status": "forwarded_no_ack", "mode": "superposition"}
{"ts": "2026-06-22T19:08:19.376992+00:00", "level": "metric", "event": "chunk_ack", "role": "benchmark", "region": "eastus", "seq_num": 111, "rtt_ms": 21501.83, "verified": true, "status": "forwarded_no_ack", "mode": "superposition"}
{"ts": "2026-06-22T19:08:19.564548+00:00", "level": "metric", "event": "chunk_ack", "role": "benchmark", "region": "eastus", "seq_num": 112, "rtt_ms": 21686.04, "verified": true, "status": "forwarded_no_ack", "mode": "superposition"}
{"ts": "2026-06-22T19:08:19.751271+00:00", "level": "metric", "event": "chunk_ack", "role": "benchmark", "region": "eastus", "seq_num": 113, "rtt_ms": 21872.71, "verified": true, "status": "forwarded_no_ack", "mode": "superposition"}
{"ts": "2026-06-22T19:08:19.937754+00:00", "level": "metric", "event": "chunk_ack", "role": "benchmark", "region": "eastus", "seq_num": 114, "rtt_ms": 22058.08, "verified": true, "status": "forwarded_no_ack", "mode": "superposition"}
{"ts": "2026-06-22T19:08:20.122696+00:00", "level": "metric", "event": "chunk_ack", "role": "benchmark", "region": "eastus", "seq_num": 115, "rtt_ms": 22243.55, "verified": true, "status": "forwarded_no_ack", "mode": "superposition"}
{"ts": "2026-06-22T19:08:20.318201+00:00", "level": "metric", "event": "chunk_ack", "role": "benchmark", "region": "eastus", "seq_num": 116, "rtt_ms": 22427.61, "verified": true, "status": "forwarded_no_ack", "mode": "superposition"}
{"ts": "2026-06-22T19:08:20.505757+00:00", "level": "metric", "event": "chunk_ack", "role": "benchmark", "region": "eastus", "seq_num": 117, "rtt_ms": 22622.26, "verified": true, "status": "forwarded_no_ack", "mode": "superposition"}
{"ts": "2026-06-22T19:08:20.692122+00:00", "level": "metric", "event": "chunk_ack", "role": "benchmark", "region": "eastus", "seq_num": 118, "rtt_ms": 22808.7, "verified": true, "status": "forwarded_no_ack", "mode": "superposition"}
{"ts": "2026-06-22T19:08:20.877013+00:00", "level": "metric", "event": "chunk_ack", "role": "benchmark", "region": "eastus", "seq_num": 119, "rtt_ms": 22994.33, "verified": true, "status": "forwarded_no_ack", "mode": "superposition"}
{"ts": "2026-06-22T19:08:21.068011+00:00", "level": "metric", "event": "chunk_ack", "role": "benchmark", "region": "eastus", "seq_num": 120, "rtt_ms": 23177.72, "verified": true, "status": "forwarded_no_ack", "mode": "superposition"}
{"ts": "2026-06-22T19:08:21.254262+00:00", "level": "metric", "event": "chunk_ack", "role": "benchmark", "region": "eastus", "seq_num": 121, "rtt_ms": 23367.7, "verified": true, "status": "forwarded_no_ack", "mode": "superposition"}
{"ts": "2026-06-22T19:08:21.443751+00:00", "level": "metric", "event": "chunk_ack", "role": "benchmark", "region": "eastus", "seq_num": 122, "rtt_ms": 23553.51, "verified": true, "status": "forwarded_no_ack", "mode": "superposition"}
{"ts": "2026-06-22T19:08:21.628902+00:00", "level": "metric", "event": "chunk_ack", "role": "benchmark", "region": "eastus", "seq_num": 123, "rtt_ms": 23741.39, "verified": true, "status": "forwarded_no_ack", "mode": "superposition"}
{"ts": "2026-06-22T19:08:21.813202+00:00", "level": "metric", "event": "chunk_ack", "role": "benchmark", "region": "eastus", "seq_num": 124, "rtt_ms": 23925.56, "verified": true, "status": "forwarded_no_ack", "mode": "superposition"}
{"ts": "2026-06-22T19:08:22.000020+00:00", "level": "metric", "event": "chunk_ack", "role": "benchmark", "region": "eastus", "seq_num": 125, "rtt_ms": 24108.84, "verified": true, "status": "forwarded_no_ack", "mode": "superposition"}
{"ts": "2026-06-22T19:08:22.186157+00:00", "level": "metric", "event": "chunk_ack", "role": "benchmark", "region": "eastus", "seq_num": 126, "rtt_ms": 24294.95, "verified": true, "status": "forwarded_no_ack", "mode": "superposition"}
{"ts": "2026-06-22T19:08:22.372110+00:00", "level": "metric", "event": "chunk_ack", "role": "benchmark", "region": "eastus", "seq_num": 127, "rtt_ms": 24479.85, "verified": true, "status": "forwarded_no_ack", "mode": "superposition"}
{"ts": "2026-06-22T19:08:22.556625+00:00", "level": "metric", "event": "chunk_ack", "role": "benchmark", "region": "eastus", "seq_num": 128, "rtt_ms": 24664.36, "verified": true, "status": "forwarded_no_ack", "mode": "superposition"}
{"ts": "2026-06-22T19:08:22.741486+00:00", "level": "metric", "event": "chunk_ack", "role": "benchmark", "region": "eastus", "seq_num": 129, "rtt_ms": 24848.25, "verified": true, "status": "forwarded_no_ack", "mode": "superposition"}
{"ts": "2026-06-22T19:08:22.926239+00:00", "level": "metric", "event": "chunk_ack", "role": "benchmark", "region": "eastus", "seq_num": 130, "rtt_ms": 25031.79, "verified": true, "status": "forwarded_no_ack", "mode": "superposition"}
{"ts": "2026-06-22T19:08:23.114940+00:00", "level": "metric", "event": "chunk_ack", "role": "benchmark", "region": "eastus", "seq_num": 131, "rtt_ms": 25215.75, "verified": true, "status": "forwarded_no_ack", "mode": "superposition"}
{"ts": "2026-06-22T19:08:23.305610+00:00", "level": "metric", "event": "chunk_ack", "role": "benchmark", "region": "eastus", "seq_num": 132, "rtt_ms": 25403.74, "verified": true, "status": "forwarded_no_ack", "mode": "superposition"}
{"ts": "2026-06-22T19:08:23.492575+00:00", "level": "metric", "event": "chunk_ack", "role": "benchmark", "region": "eastus", "seq_num": 133, "rtt_ms": 25594.0, "verified": true, "status": "forwarded_no_ack", "mode": "superposition"}
{"ts": "2026-06-22T19:08:23.679480+00:00", "level": "metric", "event": "chunk_ack", "role": "benchmark", "region": "eastus", "seq_num": 134, "rtt_ms": 25779.85, "verified": true, "status": "forwarded_no_ack", "mode": "superposition"}
{"ts": "2026-06-22T19:08:23.865101+00:00", "level": "metric", "event": "chunk_ack", "role": "benchmark", "region": "eastus", "seq_num": 135, "rtt_ms": 25966.32, "verified": true, "status": "forwarded_no_ack", "mode": "superposition"}
{"ts": "2026-06-22T19:08:24.049709+00:00", "level": "metric", "event": "chunk_ack", "role": "benchmark", "region": "eastus", "seq_num": 136, "rtt_ms": 26150.85, "verified": true, "status": "forwarded_no_ack", "mode": "superposition"}
{"ts": "2026-06-22T19:08:24.235424+00:00", "level": "metric", "event": "chunk_ack", "role": "benchmark", "region": "eastus", "seq_num": 137, "rtt_ms": 26334.79, "verified": true, "status": "forwarded_no_ack", "mode": "superposition"}
{"ts": "2026-06-22T19:08:24.420350+00:00", "level": "metric", "event": "chunk_ack", "role": "benchmark", "region": "eastus", "seq_num": 138, "rtt_ms": 26519.51, "verified": true, "status": "forwarded_no_ack", "mode": "superposition"}
{"ts": "2026-06-22T19:08:24.606779+00:00", "level": "metric", "event": "chunk_ack", "role": "benchmark", "region": "eastus", "seq_num": 139, "rtt_ms": 26703.96, "verified": true, "status": "forwarded_no_ack", "mode": "superposition"}
{"ts": "2026-06-22T19:08:24.794456+00:00", "level": "metric", "event": "chunk_ack", "role": "benchmark", "region": "eastus", "seq_num": 140, "rtt_ms": 26889.89, "verified": true, "status": "forwarded_no_ack", "mode": "superposition"}
{"ts": "2026-06-22T19:08:24.979145+00:00", "level": "metric", "event": "chunk_ack", "role": "benchmark", "region": "eastus", "seq_num": 141, "rtt_ms": 27076.44, "verified": true, "status": "forwarded_no_ack", "mode": "superposition"}
{"ts": "2026-06-22T19:08:25.163685+00:00", "level": "metric", "event": "chunk_ack", "role": "benchmark", "region": "eastus", "seq_num": 142, "rtt_ms": 27260.36, "verified": true, "status": "forwarded_no_ack", "mode": "superposition"}
{"ts": "2026-06-22T19:08:25.349456+00:00", "level": "metric", "event": "chunk_ack", "role": "benchmark", "region": "eastus", "seq_num": 143, "rtt_ms": 27444.23, "verified": true, "status": "forwarded_no_ack", "mode": "superposition"}
{"ts": "2026-06-22T19:08:25.534928+00:00", "level": "metric", "event": "chunk_ack", "role": "benchmark", "region": "eastus", "seq_num": 144, "rtt_ms": 27629.25, "verified": true, "status": "forwarded_no_ack", "mode": "superposition"}
{"ts": "2026-06-22T19:08:25.720089+00:00", "level": "metric", "event": "chunk_ack", "role": "benchmark", "region": "eastus", "seq_num": 145, "rtt_ms": 27814.03, "verified": true, "status": "forwarded_no_ack", "mode": "superposition"}
{"ts": "2026-06-22T19:08:25.906954+00:00", "level": "metric", "event": "chunk_ack", "role": "benchmark", "region": "eastus", "seq_num": 146, "rtt_ms": 27998.94, "verified": true, "status": "forwarded_no_ack", "mode": "superposition"}
{"ts": "2026-06-22T19:08:26.092498+00:00", "level": "metric", "event": "chunk_ack", "role": "benchmark", "region": "eastus", "seq_num": 147, "rtt_ms": 28185.03, "verified": true, "status": "forwarded_no_ack", "mode": "superposition"}
{"ts": "2026-06-22T19:08:26.278926+00:00", "level": "metric", "event": "chunk_ack", "role": "benchmark", "region": "eastus", "seq_num": 148, "rtt_ms": 28369.38, "verified": true, "status": "forwarded_no_ack", "mode": "superposition"}
{"ts": "2026-06-22T19:08:26.467664+00:00", "level": "metric", "event": "chunk_ack", "role": "benchmark", "region": "eastus", "seq_num": 149, "rtt_ms": 28554.99, "verified": true, "status": "forwarded_no_ack", "mode": "superposition"}
{"ts": "2026-06-22T19:08:26.655452+00:00", "level": "metric", "event": "chunk_ack", "role": "benchmark", "region": "eastus", "seq_num": 150, "rtt_ms": 28742.76, "verified": true, "status": "forwarded_no_ack", "mode": "superposition"}
{"ts": "2026-06-22T19:08:26.841064+00:00", "level": "metric", "event": "chunk_ack", "role": "benchmark", "region": "eastus", "seq_num": 151, "rtt_ms": 28929.86, "verified": true, "status": "forwarded_no_ack", "mode": "superposition"}
{"ts": "2026-06-22T19:08:27.027447+00:00", "level": "metric", "event": "chunk_ack", "role": "benchmark", "region": "eastus", "seq_num": 152, "rtt_ms": 29114.51, "verified": true, "status": "forwarded_no_ack", "mode": "superposition"}
{"ts": "2026-06-22T19:08:27.214281+00:00", "level": "metric", "event": "chunk_ack", "role": "benchmark", "region": "eastus", "seq_num": 153, "rtt_ms": 29300.74, "verified": true, "status": "forwarded_no_ack", "mode": "superposition"}
{"ts": "2026-06-22T19:08:27.399005+00:00", "level": "metric", "event": "chunk_ack", "role": "benchmark", "region": "eastus", "seq_num": 154, "rtt_ms": 29485.83, "verified": true, "status": "error", "mode": "superposition"}
{"ts": "2026-06-22T19:08:27.585846+00:00", "level": "metric", "event": "chunk_ack", "role": "benchmark", "region": "eastus", "seq_num": 155, "rtt_ms": 29670.27, "verified": true, "status": "forwarded_no_ack", "mode": "superposition"}
{"ts": "2026-06-22T19:08:27.774869+00:00", "level": "metric", "event": "chunk_ack", "role": "benchmark", "region": "eastus", "seq_num": 156, "rtt_ms": 29855.94, "verified": true, "status": "forwarded_no_ack", "mode": "superposition"}
{"ts": "2026-06-22T19:08:27.960913+00:00", "level": "metric", "event": "chunk_ack", "role": "benchmark", "region": "eastus", "seq_num": 157, "rtt_ms": 30043.48, "verified": true, "status": "forwarded_no_ack", "mode": "superposition"}
{"ts": "2026-06-22T19:08:28.153700+00:00", "level": "metric", "event": "chunk_ack", "role": "benchmark", "region": "eastus", "seq_num": 158, "rtt_ms": 30228.63, "verified": true, "status": "forwarded_no_ack", "mode": "superposition"}
{"ts": "2026-06-22T19:08:28.340936+00:00", "level": "metric", "event": "chunk_ack", "role": "benchmark", "region": "eastus", "seq_num": 159, "rtt_ms": 30419.6, "verified": true, "status": "forwarded_no_ack", "mode": "superposition"}
{"ts": "2026-06-22T19:08:28.525864+00:00", "level": "metric", "event": "chunk_ack", "role": "benchmark", "region": "eastus", "seq_num": 160, "rtt_ms": 30606.2, "verified": true, "status": "forwarded_no_ack", "mode": "superposition"}
{"ts": "2026-06-22T19:08:28.711899+00:00", "level": "metric", "event": "chunk_ack", "role": "benchmark", "region": "eastus", "seq_num": 161, "rtt_ms": 30789.49, "verified": true, "status": "forwarded_no_ack", "mode": "superposition"}
{"ts": "2026-06-22T19:08:28.896816+00:00", "level": "metric", "event": "chunk_ack", "role": "benchmark", "region": "eastus", "seq_num": 162, "rtt_ms": 30974.83, "verified": true, "status": "forwarded_no_ack", "mode": "superposition"}
{"ts": "2026-06-22T19:08:29.082696+00:00", "level": "metric", "event": "chunk_ack", "role": "benchmark", "region": "eastus", "seq_num": 163, "rtt_ms": 31158.27, "verified": true, "status": "forwarded_no_ack", "mode": "superposition"}
{"ts": "2026-06-22T19:08:29.267324+00:00", "level": "metric", "event": "chunk_ack", "role": "benchmark", "region": "eastus", "seq_num": 164, "rtt_ms": 31342.89, "verified": true, "status": "forwarded_no_ack", "mode": "superposition"}
{"ts": "2026-06-22T19:08:29.453565+00:00", "level": "metric", "event": "chunk_ack", "role": "benchmark", "region": "eastus", "seq_num": 165, "rtt_ms": 31526.31, "verified": true, "status": "forwarded_no_ack", "mode": "superposition"}
{"ts": "2026-06-22T19:08:29.643825+00:00", "level": "metric", "event": "chunk_ack", "role": "benchmark", "region": "eastus", "seq_num": 166, "rtt_ms": 31711.38, "verified": true, "status": "forwarded_no_ack", "mode": "superposition"}
{"ts": "2026-06-22T19:08:29.829371+00:00", "level": "metric", "event": "chunk_ack", "role": "benchmark", "region": "eastus", "seq_num": 167, "rtt_ms": 31900.72, "verified": true, "status": "forwarded_no_ack", "mode": "superposition"}
{"ts": "2026-06-22T19:08:30.014335+00:00", "level": "metric", "event": "chunk_ack", "role": "benchmark", "region": "eastus", "seq_num": 168, "rtt_ms": 32085.31, "verified": true, "status": "forwarded_no_ack", "mode": "superposition"}
{"ts": "2026-06-22T19:08:30.200671+00:00", "level": "metric", "event": "chunk_ack", "role": "benchmark", "region": "eastus", "seq_num": 169, "rtt_ms": 32269.44, "verified": true, "status": "forwarded_no_ack", "mode": "superposition"}
{"ts": "2026-06-22T19:08:30.385299+00:00", "level": "metric", "event": "chunk_ack", "role": "benchmark", "region": "eastus", "seq_num": 170, "rtt_ms": 32454.12, "verified": true, "status": "forwarded_no_ack", "mode": "superposition"}
