{"ts": "2026-06-22T19:14:32.782670+00:00", "level": "info", "event": "log_opened", "role": "benchmark", "region": "eastus", "path": "/data/chorus_benchmark_20260622T191432Z.log"}
{"ts": "2026-06-22T19:14:34.013161+00:00", "level": "info", "event": "benchmark_started", "role": "benchmark", "region": "eastus", "source": "eastus", "target": "germanywestcentral", "chunks_per_mode": 200, "warmup": 5, "db": "/data/chorus_benchmark.db", "log_file": "/data/chorus_benchmark_20260622T191432Z.log"}
{"ts": "2026-06-22T19:14:34.313970+00:00", "level": "info", "event": "mode_started", "role": "benchmark", "region": "eastus", "mode": "direct"}
{"ts": "2026-06-22T19:14:36.078421+00:00", "level": "metric", "event": "chunk_ack", "role": "benchmark", "region": "eastus", "seq_num": 0, "rtt_ms": 171.94, "verified": true, "status": "forwarded_no_ack", "mode": "direct"}
{"ts": "2026-06-22T19:14:36.227237+00:00", "level": "metric", "event": "chunk_ack", "role": "benchmark", "region": "eastus", "seq_num": 1, "rtt_ms": 311.41, "verified": true, "status": "forwarded_no_ack", "mode": "direct"}
{"ts": "2026-06-22T19:14:36.378725+00:00", "level": "metric", "event": "chunk_ack", "role": "benchmark", "region": "eastus", "seq_num": 2, "rtt_ms": 462.11, "verified": true, "status": "forwarded_no_ack", "mode": "direct"}
{"ts": "2026-06-22T19:14:36.533801+00:00", "level": "metric", "event": "chunk_ack", "role": "benchmark", "region": "eastus", "seq_num": 3, "rtt_ms": 616.4, "verified": true, "status": "forwarded_no_ack", "mode": "direct"}
{"ts": "2026-06-22T19:14:36.690626+00:00", "level": "metric", "event": "chunk_ack", "role": "benchmark", "region": "eastus", "seq_num": 4, "rtt_ms": 772.49, "verified": true, "status": "forwarded_no_ack", "mode": "direct"}
{"ts": "2026-06-22T19:14:37.225436+00:00", "level": "metric", "event": "chunk_ack", "role": "benchmark", "region": "eastus", "seq_num": 5, "rtt_ms": 923.79, "verified": true, "status": "forwarded_no_ack", "mode": "direct"}
{"ts": "2026-06-22T19:14:37.416072+00:00", "level": "metric", "event": "chunk_ack", "role": "benchmark", "region": "eastus", "seq_num": 6, "rtt_ms": 1306.06, "verified": true, "status": "forwarded_no_ack", "mode": "direct"}
{"ts": "2026-06-22T19:14:37.609202+00:00", "level": "metric", "event": "chunk_ack", "role": "benchmark", "region": "eastus", "seq_num": 7, "rtt_ms": 1495.77, "verified": true, "status": "forwarded_no_ack", "mode": "direct"}
{"ts": "2026-06-22T19:14:37.801750+00:00", "level": "metric", "event": "chunk_ack", "role": "benchmark", "region": "eastus", "seq_num": 8, "rtt_ms": 1688.17, "verified": true, "status": "forwarded_no_ack", "mode": "direct"}
{"ts": "2026-06-22T19:14:37.993432+00:00", "level": "metric", "event": "chunk_ack", "role": "benchmark", "region": "eastus", "seq_num": 9, "rtt_ms": 1879.99, "verified": true, "status": "forwarded_no_ack", "mode": "direct"}
{"ts": "2026-06-22T19:14:38.183990+00:00", "level": "metric", "event": "chunk_ack", "role": "benchmark", "region": "eastus", "seq_num": 10, "rtt_ms": 2071.14, "verified": true, "status": "forwarded_no_ack", "mode": "direct"}
{"ts": "2026-06-22T19:14:38.374805+00:00", "level": "metric", "event": "chunk_ack", "role": "benchmark", "region": "eastus", "seq_num": 11, "rtt_ms": 2260.81, "verified": true, "status": "forwarded_no_ack", "mode": "direct"}
{"ts": "2026-06-22T19:14:38.565754+00:00", "level": "metric", "event": "chunk_ack", "role": "benchmark", "region": "eastus", "seq_num": 12, "rtt_ms": 2451.12, "verified": true, "status": "forwarded_no_ack", "mode": "direct"}
{"ts": "2026-06-22T19:14:38.755847+00:00", "level": "metric", "event": "chunk_ack", "role": "benchmark", "region": "eastus", "seq_num": 13, "rtt_ms": 2641.12, "verified": true, "status": "forwarded_no_ack", "mode": "direct"}
{"ts": "2026-06-22T19:14:38.950833+00:00", "level": "metric", "event": "chunk_ack", "role": "benchmark", "region": "eastus", "seq_num": 14, "rtt_ms": 2831.03, "verified": true, "status": "forwarded_no_ack", "mode": "direct"}
{"ts": "2026-06-22T19:14:39.141462+00:00", "level": "metric", "event": "chunk_ack", "role": "benchmark", "region": "eastus", "seq_num": 15, "rtt_ms": 3024.76, "verified": true, "status": "forwarded_no_ack", "mode": "direct"}
{"ts": "2026-06-22T19:14:39.332054+00:00", "level": "metric", "event": "chunk_ack", "role": "benchmark", "region": "eastus", "seq_num": 16, "rtt_ms": 3214.74, "verified": true, "status": "forwarded_no_ack", "mode": "direct"}
{"ts": "2026-06-22T19:14:39.522865+00:00", "level": "metric", "event": "chunk_ack", "role": "benchmark", "region": "eastus", "seq_num": 17, "rtt_ms": 3404.61, "verified": true, "status": "forwarded_no_ack", "mode": "direct"}
{"ts": "2026-06-22T19:14:39.714016+00:00", "level": "metric", "event": "chunk_ack", "role": "benchmark", "region": "eastus", "seq_num": 18, "rtt_ms": 3595.14, "verified": true, "status": "forwarded_no_ack", "mode": "direct"}
{"ts": "2026-06-22T19:14:39.904921+00:00", "level": "metric", "event": "chunk_ack", "role": "benchmark", "region": "eastus", "seq_num": 19, "rtt_ms": 3785.5, "verified": true, "status": "forwarded_no_ack", "mode": "direct"}
{"ts": "2026-06-22T19:14:40.095780+00:00", "level": "metric", "event": "chunk_ack", "role": "benchmark", "region": "eastus", "seq_num": 20, "rtt_ms": 3975.85, "verified": true, "status": "forwarded_no_ack", "mode": "direct"}
{"ts": "2026-06-22T19:14:40.286297+00:00", "level": "metric", "event": "chunk_ack", "role": "benchmark", "region": "eastus", "seq_num": 21, "rtt_ms": 4165.6, "verified": true, "status": "forwarded_no_ack", "mode": "direct"}
{"ts": "2026-06-22T19:14:40.477955+00:00", "level": "metric", "event": "chunk_ack", "role": "benchmark", "region": "eastus", "seq_num": 22, "rtt_ms": 4355.39, "verified": true, "status": "forwarded_no_ack", "mode": "direct"}
{"ts": "2026-06-22T19:14:40.671907+00:00", "level": "metric", "event": "chunk_ack", "role": "benchmark", "region": "eastus", "seq_num": 23, "rtt_ms": 4546.64, "verified": true, "status": "forwarded_no_ack", "mode": "direct"}
{"ts": "2026-06-22T19:14:40.862668+00:00", "level": "metric", "event": "chunk_ack", "role": "benchmark", "region": "eastus", "seq_num": 24, "rtt_ms": 4739.77, "verified": true, "status": "forwarded_no_ack", "mode": "direct"}
{"ts": "2026-06-22T19:14:41.053359+00:00", "level": "metric", "event": "chunk_ack", "role": "benchmark", "region": "eastus", "seq_num": 25, "rtt_ms": 4929.63, "verified": true, "status": "forwarded_no_ack", "mode": "direct"}
{"ts": "2026-06-22T19:14:41.243882+00:00", "level": "metric", "event": "chunk_ack", "role": "benchmark", "region": "eastus", "seq_num": 26, "rtt_ms": 5119.57, "verified": true, "status": "forwarded_no_ack", "mode": "direct"}
{"ts": "2026-06-22T19:14:41.434344+00:00", "level": "metric", "event": "chunk_ack", "role": "benchmark", "region": "eastus", "seq_num": 27, "rtt_ms": 5309.43, "verified": true, "status": "forwarded_no_ack", "mode": "direct"}
{"ts": "2026-06-22T19:14:41.624811+00:00", "level": "metric", "event": "chunk_ack", "role": "benchmark", "region": "eastus", "seq_num": 28, "rtt_ms": 5499.18, "verified": true, "status": "forwarded_no_ack", "mode": "direct"}
{"ts": "2026-06-22T19:14:41.816541+00:00", "level": "metric", "event": "chunk_ack", "role": "benchmark", "region": "eastus", "seq_num": 29, "rtt_ms": 5689.33, "verified": true, "status": "forwarded_no_ack", "mode": "direct"}
{"ts": "2026-06-22T19:14:42.007012+00:00", "level": "metric", "event": "chunk_ack", "role": "benchmark", "region": "eastus", "seq_num": 30, "rtt_ms": 5880.26, "verified": true, "status": "forwarded_no_ack", "mode": "direct"}
{"ts": "2026-06-22T19:14:42.198413+00:00", "level": "metric", "event": "chunk_ack", "role": "benchmark", "region": "eastus", "seq_num": 31, "rtt_ms": 6070.25, "verified": true, "status": "forwarded_no_ack", "mode": "direct"}
{"ts": "2026-06-22T19:14:42.389479+00:00", "level": "metric", "event": "chunk_ack", "role": "benchmark", "region": "eastus", "seq_num": 32, "rtt_ms": 6260.81, "verified": true, "status": "forwarded_no_ack", "mode": "direct"}
{"ts": "2026-06-22T19:14:42.579936+00:00", "level": "metric", "event": "chunk_ack", "role": "benchmark", "region": "eastus", "seq_num": 33, "rtt_ms": 6450.78, "verified": true, "status": "forwarded_no_ack", "mode": "direct"}
{"ts": "2026-06-22T19:14:42.771891+00:00", "level": "metric", "event": "chunk_ack", "role": "benchmark", "region": "eastus", "seq_num": 34, "rtt_ms": 6640.56, "verified": true, "status": "forwarded_no_ack", "mode": "direct"}
{"ts": "2026-06-22T19:14:42.965567+00:00", "level": "metric", "event": "chunk_ack", "role": "benchmark", "region": "eastus", "seq_num": 35, "rtt_ms": 6831.89, "verified": true, "status": "forwarded_no_ack", "mode": "direct"}
{"ts": "2026-06-22T19:14:43.158948+00:00", "level": "metric", "event": "chunk_ack", "role": "benchmark", "region": "eastus", "seq_num": 36, "rtt_ms": 7024.78, "verified": true, "status": "forwarded_no_ack", "mode": "direct"}
{"ts": "2026-06-22T19:14:43.352626+00:00", "level": "metric", "event": "chunk_ack", "role": "benchmark", "region": "eastus", "seq_num": 37, "rtt_ms": 7217.66, "verified": true, "status": "forwarded_no_ack", "mode": "direct"}
{"ts": "2026-06-22T19:14:43.543841+00:00", "level": "metric", "event": "chunk_ack", "role": "benchmark", "region": "eastus", "seq_num": 38, "rtt_ms": 7410.5, "verified": true, "status": "forwarded_no_ack", "mode": "direct"}
{"ts": "2026-06-22T19:14:43.734389+00:00", "level": "metric", "event": "chunk_ack", "role": "benchmark", "region": "eastus", "seq_num": 39, "rtt_ms": 7600.74, "verified": true, "status": "forwarded_no_ack", "mode": "direct"}
{"ts": "2026-06-22T19:14:43.927194+00:00", "level": "metric", "event": "chunk_ack", "role": "benchmark", "region": "eastus", "seq_num": 40, "rtt_ms": 7790.69, "verified": true, "status": "forwarded_no_ack", "mode": "direct"}
{"ts": "2026-06-22T19:14:44.121520+00:00", "level": "metric", "event": "chunk_ack", "role": "benchmark", "region": "eastus", "seq_num": 41, "rtt_ms": 7982.69, "verified": true, "status": "forwarded_no_ack", "mode": "direct"}
{"ts": "2026-06-22T19:14:44.316136+00:00", "level": "metric", "event": "chunk_ack", "role": "benchmark", "region": "eastus", "seq_num": 42, "rtt_ms": 8176.75, "verified": true, "status": "forwarded_no_ack", "mode": "direct"}
{"ts": "2026-06-22T19:14:44.507533+00:00", "level": "metric", "event": "chunk_ack", "role": "benchmark", "region": "eastus", "seq_num": 43, "rtt_ms": 8370.22, "verified": true, "status": "forwarded_no_ack", "mode": "direct"}
{"ts": "2026-06-22T19:14:44.697301+00:00", "level": "metric", "event": "chunk_ack", "role": "benchmark", "region": "eastus", "seq_num": 44, "rtt_ms": 8560.84, "verified": true, "status": "forwarded_no_ack", "mode": "direct"}
{"ts": "2026-06-22T19:14:44.887548+00:00", "level": "metric", "event": "chunk_ack", "role": "benchmark", "region": "eastus", "seq_num": 45, "rtt_ms": 8749.86, "verified": true, "status": "forwarded_no_ack", "mode": "direct"}
{"ts": "2026-06-22T19:14:45.078902+00:00", "level": "metric", "event": "chunk_ack", "role": "benchmark", "region": "eastus", "seq_num": 46, "rtt_ms": 8939.87, "verified": true, "status": "forwarded_no_ack", "mode": "direct"}
{"ts": "2026-06-22T19:14:45.269242+00:00", "level": "metric", "event": "chunk_ack", "role": "benchmark", "region": "eastus", "seq_num": 47, "rtt_ms": 9130.34, "verified": true, "status": "forwarded_no_ack", "mode": "direct"}
{"ts": "2026-06-22T19:14:45.460170+00:00", "level": "metric", "event": "chunk_ack", "role": "benchmark", "region": "eastus", "seq_num": 48, "rtt_ms": 9320.19, "verified": true, "status": "forwarded_no_ack", "mode": "direct"}
{"ts": "2026-06-22T19:14:45.652541+00:00", "level": "metric", "event": "chunk_ack", "role": "benchmark", "region": "eastus", "seq_num": 49, "rtt_ms": 9510.29, "verified": true, "status": "forwarded_no_ack", "mode": "direct"}
{"ts": "2026-06-22T19:14:45.845110+00:00", "level": "metric", "event": "chunk_ack", "role": "benchmark", "region": "eastus", "seq_num": 50, "rtt_ms": 9701.61, "verified": true, "status": "forwarded_no_ack", "mode": "direct"}
{"ts": "2026-06-22T19:14:46.035668+00:00", "level": "metric", "event": "chunk_ack", "role": "benchmark", "region": "eastus", "seq_num": 51, "rtt_ms": 9893.53, "verified": true, "status": "forwarded_no_ack", "mode": "direct"}
{"ts": "2026-06-22T19:14:46.226431+00:00", "level": "metric", "event": "chunk_ack", "role": "benchmark", "region": "eastus", "seq_num": 52, "rtt_ms": 10083.72, "verified": true, "status": "forwarded_no_ack", "mode": "direct"}
{"ts": "2026-06-22T19:14:46.417230+00:00", "level": "metric", "event": "chunk_ack", "role": "benchmark", "region": "eastus", "seq_num": 53, "rtt_ms": 10273.65, "verified": true, "status": "forwarded_no_ack", "mode": "direct"}
{"ts": "2026-06-22T19:14:46.608004+00:00", "level": "metric", "event": "chunk_ack", "role": "benchmark", "region": "eastus", "seq_num": 54, "rtt_ms": 10463.89, "verified": true, "status": "forwarded_no_ack", "mode": "direct"}
{"ts": "2026-06-22T19:14:46.799731+00:00", "level": "metric", "event": "chunk_ack", "role": "benchmark", "region": "eastus", "seq_num": 55, "rtt_ms": 10653.81, "verified": true, "status": "forwarded_no_ack", "mode": "direct"}
{"ts": "2026-06-22T19:14:46.991773+00:00", "level": "metric", "event": "chunk_ack", "role": "benchmark", "region": "eastus", "seq_num": 56, "rtt_ms": 10845.06, "verified": true, "status": "forwarded_no_ack", "mode": "direct"}
{"ts": "2026-06-22T19:14:47.186316+00:00", "level": "metric", "event": "chunk_ack", "role": "benchmark", "region": "eastus", "seq_num": 57, "rtt_ms": 11036.0, "verified": true, "status": "forwarded_no_ack", "mode": "direct"}
{"ts": "2026-06-22T19:14:47.376733+00:00", "level": "metric", "event": "chunk_ack", "role": "benchmark", "region": "eastus", "seq_num": 58, "rtt_ms": 11229.7, "verified": true, "status": "forwarded_no_ack", "mode": "direct"}
{"ts": "2026-06-22T19:14:47.569615+00:00", "level": "metric", "event": "chunk_ack", "role": "benchmark", "region": "eastus", "seq_num": 59, "rtt_ms": 11419.37, "verified": true, "status": "forwarded_no_ack", "mode": "direct"}
{"ts": "2026-06-22T19:14:47.760393+00:00", "level": "metric", "event": "chunk_ack", "role": "benchmark", "region": "eastus", "seq_num": 60, "rtt_ms": 11611.38, "verified": true, "status": "forwarded_no_ack", "mode": "direct"}
{"ts": "2026-06-22T19:14:47.954566+00:00", "level": "metric", "event": "chunk_ack", "role": "benchmark", "region": "eastus", "seq_num": 61, "rtt_ms": 11801.52, "verified": true, "status": "forwarded_no_ack", "mode": "direct"}
{"ts": "2026-06-22T19:14:48.147933+00:00", "level": "metric", "event": "chunk_ack", "role": "benchmark", "region": "eastus", "seq_num": 62, "rtt_ms": 11994.71, "verified": true, "status": "forwarded_no_ack", "mode": "direct"}
{"ts": "2026-06-22T19:14:48.338629+00:00", "level": "metric", "event": "chunk_ack", "role": "benchmark", "region": "eastus", "seq_num": 63, "rtt_ms": 12187.59, "verified": true, "status": "forwarded_no_ack", "mode": "direct"}
{"ts": "2026-06-22T19:14:48.529355+00:00", "level": "metric", "event": "chunk_ack", "role": "benchmark", "region": "eastus", "seq_num": 64, "rtt_ms": 12377.69, "verified": true, "status": "forwarded_no_ack", "mode": "direct"}
{"ts": "2026-06-22T19:14:48.719830+00:00", "level": "metric", "event": "chunk_ack", "role": "benchmark", "region": "eastus", "seq_num": 65, "rtt_ms": 12567.26, "verified": true, "status": "forwarded_no_ack", "mode": "direct"}
{"ts": "2026-06-22T19:14:48.913904+00:00", "level": "metric", "event": "chunk_ack", "role": "benchmark", "region": "eastus", "seq_num": 66, "rtt_ms": 12757.37, "verified": true, "status": "forwarded_no_ack", "mode": "direct"}
{"ts": "2026-06-22T19:14:49.105123+00:00", "level": "metric", "event": "chunk_ack", "role": "benchmark", "region": "eastus", "seq_num": 67, "rtt_ms": 12950.89, "verified": true, "status": "forwarded_no_ack", "mode": "direct"}
{"ts": "2026-06-22T19:14:49.296168+00:00", "level": "metric", "event": "chunk_ack", "role": "benchmark", "region": "eastus", "seq_num": 68, "rtt_ms": 13141.27, "verified": true, "status": "forwarded_no_ack", "mode": "direct"}
{"ts": "2026-06-22T19:14:49.486926+00:00", "level": "metric", "event": "chunk_ack", "role": "benchmark", "region": "eastus", "seq_num": 69, "rtt_ms": 13331.47, "verified": true, "status": "forwarded_no_ack", "mode": "direct"}
{"ts": "2026-06-22T19:14:49.677407+00:00", "level": "metric", "event": "chunk_ack", "role": "benchmark", "region": "eastus", "seq_num": 70, "rtt_ms": 13521.1, "verified": true, "status": "forwarded_no_ack", "mode": "direct"}
{"ts": "2026-06-22T19:14:49.870124+00:00", "level": "metric", "event": "chunk_ack", "role": "benchmark", "region": "eastus", "seq_num": 71, "rtt_ms": 13710.92, "verified": true, "status": "forwarded_no_ack", "mode": "direct"}
{"ts": "2026-06-22T19:14:50.060983+00:00", "level": "metric", "event": "chunk_ack", "role": "benchmark", "region": "eastus", "seq_num": 72, "rtt_ms": 13903.16, "verified": true, "status": "forwarded_no_ack", "mode": "direct"}
{"ts": "2026-06-22T19:14:50.251787+00:00", "level": "metric", "event": "chunk_ack", "role": "benchmark", "region": "eastus", "seq_num": 73, "rtt_ms": 14093.35, "verified": true, "status": "forwarded_no_ack", "mode": "direct"}
{"ts": "2026-06-22T19:14:50.442598+00:00", "level": "metric", "event": "chunk_ack", "role": "benchmark", "region": "eastus", "seq_num": 74, "rtt_ms": 14283.15, "verified": true, "status": "forwarded_no_ack", "mode": "direct"}
{"ts": "2026-06-22T19:14:50.640318+00:00", "level": "metric", "event": "chunk_ack", "role": "benchmark", "region": "eastus", "seq_num": 75, "rtt_ms": 14473.34, "verified": true, "status": "forwarded_no_ack", "mode": "direct"}
{"ts": "2026-06-22T19:14:50.833104+00:00", "level": "metric", "event": "chunk_ack", "role": "benchmark", "region": "eastus", "seq_num": 76, "rtt_ms": 14670.28, "verified": true, "status": "forwarded_no_ack", "mode": "direct"}
{"ts": "2026-06-22T19:14:51.024712+00:00", "level": "metric", "event": "chunk_ack", "role": "benchmark", "region": "eastus", "seq_num": 77, "rtt_ms": 14862.61, "verified": true, "status": "forwarded_no_ack", "mode": "direct"}
{"ts": "2026-06-22T19:14:51.216531+00:00", "level": "metric", "event": "chunk_ack", "role": "benchmark", "region": "eastus", "seq_num": 78, "rtt_ms": 15053.54, "verified": true, "status": "forwarded_no_ack", "mode": "direct"}
{"ts": "2026-06-22T19:14:51.412447+00:00", "level": "metric", "event": "chunk_ack", "role": "benchmark", "region": "eastus", "seq_num": 79, "rtt_ms": 15244.37, "verified": true, "status": "forwarded_no_ack", "mode": "direct"}
{"ts": "2026-06-22T19:14:51.606824+00:00", "level": "metric", "event": "chunk_ack", "role": "benchmark", "region": "eastus", "seq_num": 80, "rtt_ms": 15439.38, "verified": true, "status": "forwarded_no_ack", "mode": "direct"}
{"ts": "2026-06-22T19:14:51.797964+00:00", "level": "metric", "event": "chunk_ack", "role": "benchmark", "region": "eastus", "seq_num": 81, "rtt_ms": 15633.41, "verified": true, "status": "forwarded_no_ack", "mode": "direct"}
{"ts": "2026-06-22T19:14:51.988236+00:00", "level": "metric", "event": "chunk_ack", "role": "benchmark", "region": "eastus", "seq_num": 82, "rtt_ms": 15823.36, "verified": true, "status": "forwarded_no_ack", "mode": "direct"}
{"ts": "2026-06-22T19:14:52.178456+00:00", "level": "metric", "event": "chunk_ack", "role": "benchmark", "region": "eastus", "seq_num": 83, "rtt_ms": 16012.99, "verified": true, "status": "forwarded_no_ack", "mode": "direct"}
{"ts": "2026-06-22T19:14:52.368768+00:00", "level": "metric", "event": "chunk_ack", "role": "benchmark", "region": "eastus", "seq_num": 84, "rtt_ms": 16202.58, "verified": true, "status": "forwarded_no_ack", "mode": "direct"}
{"ts": "2026-06-22T19:14:52.559378+00:00", "level": "metric", "event": "chunk_ack", "role": "benchmark", "region": "eastus", "seq_num": 85, "rtt_ms": 16392.11, "verified": true, "status": "forwarded_no_ack", "mode": "direct"}
{"ts": "2026-06-22T19:14:52.751282+00:00", "level": "metric", "event": "chunk_ack", "role": "benchmark", "region": "eastus", "seq_num": 86, "rtt_ms": 16582.38, "verified": true, "status": "forwarded_no_ack", "mode": "direct"}
{"ts": "2026-06-22T19:14:52.942616+00:00", "level": "metric", "event": "chunk_ack", "role": "benchmark", "region": "eastus", "seq_num": 87, "rtt_ms": 16774.14, "verified": true, "status": "forwarded_no_ack", "mode": "direct"}
{"ts": "2026-06-22T19:14:53.133294+00:00", "level": "metric", "event": "chunk_ack", "role": "benchmark", "region": "eastus", "seq_num": 88, "rtt_ms": 16963.86, "verified": true, "status": "forwarded_no_ack", "mode": "direct"}
{"ts": "2026-06-22T19:14:53.324087+00:00", "level": "metric", "event": "chunk_ack", "role": "benchmark", "region": "eastus", "seq_num": 89, "rtt_ms": 17153.85, "verified": true, "status": "forwarded_no_ack", "mode": "direct"}
{"ts": "2026-06-22T19:14:53.514919+00:00", "level": "metric", "event": "chunk_ack", "role": "benchmark", "region": "eastus", "seq_num": 90, "rtt_ms": 17343.78, "verified": true, "status": "forwarded_no_ack", "mode": "direct"}
{"ts": "2026-06-22T19:14:53.705407+00:00", "level": "metric", "event": "chunk_ack", "role": "benchmark", "region": "eastus", "seq_num": 91, "rtt_ms": 17534.03, "verified": true, "status": "forwarded_no_ack", "mode": "direct"}
{"ts": "2026-06-22T19:14:53.899144+00:00", "level": "metric", "event": "chunk_ack", "role": "benchmark", "region": "eastus", "seq_num": 92, "rtt_ms": 17723.48, "verified": true, "status": "forwarded_no_ack", "mode": "direct"}
{"ts": "2026-06-22T19:14:54.089708+00:00", "level": "metric", "event": "chunk_ack", "role": "benchmark", "region": "eastus", "seq_num": 93, "rtt_ms": 17916.91, "verified": true, "status": "forwarded_no_ack", "mode": "direct"}
{"ts": "2026-06-22T19:14:54.280598+00:00", "level": "metric", "event": "chunk_ack", "role": "benchmark", "region": "eastus", "seq_num": 94, "rtt_ms": 18106.44, "verified": true, "status": "forwarded_no_ack", "mode": "direct"}
{"ts": "2026-06-22T19:14:54.471859+00:00", "level": "metric", "event": "chunk_ack", "role": "benchmark", "region": "eastus", "seq_num": 95, "rtt_ms": 18296.82, "verified": true, "status": "forwarded_no_ack", "mode": "direct"}
{"ts": "2026-06-22T19:14:54.666863+00:00", "level": "metric", "event": "chunk_ack", "role": "benchmark", "region": "eastus", "seq_num": 96, "rtt_ms": 18487.02, "verified": true, "status": "forwarded_no_ack", "mode": "direct"}
{"ts": "2026-06-22T19:14:54.857182+00:00", "level": "metric", "event": "chunk_ack", "role": "benchmark", "region": "eastus", "seq_num": 97, "rtt_ms": 18681.31, "verified": true, "status": "forwarded_no_ack", "mode": "direct"}
{"ts": "2026-06-22T19:14:55.048337+00:00", "level": "metric", "event": "chunk_ack", "role": "benchmark", "region": "eastus", "seq_num": 98, "rtt_ms": 18870.91, "verified": true, "status": "forwarded_no_ack", "mode": "direct"}
{"ts": "2026-06-22T19:14:55.239536+00:00", "level": "metric", "event": "chunk_ack", "role": "benchmark", "region": "eastus", "seq_num": 99, "rtt_ms": 19061.75, "verified": true, "status": "forwarded_no_ack", "mode": "direct"}
{"ts": "2026-06-22T19:14:55.430497+00:00", "level": "metric", "event": "chunk_ack", "role": "benchmark", "region": "eastus", "seq_num": 100, "rtt_ms": 19251.81, "verified": true, "status": "forwarded_no_ack", "mode": "direct"}
{"ts": "2026-06-22T19:14:55.621747+00:00", "level": "metric", "event": "chunk_ack", "role": "benchmark", "region": "eastus", "seq_num": 101, "rtt_ms": 19442.02, "verified": true, "status": "forwarded_no_ack", "mode": "direct"}
{"ts": "2026-06-22T19:14:55.812008+00:00", "level": "metric", "event": "chunk_ack", "role": "benchmark", "region": "eastus", "seq_num": 102, "rtt_ms": 19632.45, "verified": true, "status": "forwarded_no_ack", "mode": "direct"}
{"ts": "2026-06-22T19:14:56.003460+00:00", "level": "metric", "event": "chunk_ack", "role": "benchmark", "region": "eastus", "seq_num": 103, "rtt_ms": 19822.27, "verified": true, "status": "forwarded_no_ack", "mode": "direct"}
{"ts": "2026-06-22T19:14:56.198442+00:00", "level": "metric", "event": "chunk_ack", "role": "benchmark", "region": "eastus", "seq_num": 104, "rtt_ms": 20012.77, "verified": true, "status": "forwarded_no_ack", "mode": "direct"}
{"ts": "2026-06-22T19:14:56.389980+00:00", "level": "metric", "event": "chunk_ack", "role": "benchmark", "region": "eastus", "seq_num": 105, "rtt_ms": 20207.01, "verified": true, "status": "forwarded_no_ack", "mode": "direct"}
{"ts": "2026-06-22T19:14:56.580296+00:00", "level": "metric", "event": "chunk_ack", "role": "benchmark", "region": "eastus", "seq_num": 106, "rtt_ms": 20398.11, "verified": true, "status": "forwarded_no_ack", "mode": "direct"}
{"ts": "2026-06-22T19:14:56.771226+00:00", "level": "metric", "event": "chunk_ack", "role": "benchmark", "region": "eastus", "seq_num": 107, "rtt_ms": 20587.76, "verified": true, "status": "forwarded_no_ack", "mode": "direct"}
{"ts": "2026-06-22T19:14:56.962100+00:00", "level": "metric", "event": "chunk_ack", "role": "benchmark", "region": "eastus", "seq_num": 108, "rtt_ms": 20777.61, "verified": true, "status": "forwarded_no_ack", "mode": "direct"}
{"ts": "2026-06-22T19:14:57.152431+00:00", "level": "metric", "event": "chunk_ack", "role": "benchmark", "region": "eastus", "seq_num": 109, "rtt_ms": 20967.78, "verified": true, "status": "forwarded_no_ack", "mode": "direct"}
{"ts": "2026-06-22T19:14:57.342859+00:00", "level": "metric", "event": "chunk_ack", "role": "benchmark", "region": "eastus", "seq_num": 110, "rtt_ms": 21157.44, "verified": true, "status": "forwarded_no_ack", "mode": "direct"}
{"ts": "2026-06-22T19:14:57.533862+00:00", "level": "metric", "event": "chunk_ack", "role": "benchmark", "region": "eastus", "seq_num": 111, "rtt_ms": 21347.32, "verified": true, "status": "forwarded_no_ack", "mode": "direct"}
{"ts": "2026-06-22T19:14:57.726785+00:00", "level": "metric", "event": "chunk_ack", "role": "benchmark", "region": "eastus", "seq_num": 112, "rtt_ms": 21537.32, "verified": true, "status": "forwarded_no_ack", "mode": "direct"}
{"ts": "2026-06-22T19:14:57.921729+00:00", "level": "metric", "event": "chunk_ack", "role": "benchmark", "region": "eastus", "seq_num": 113, "rtt_ms": 21729.63, "verified": true, "status": "forwarded_no_ack", "mode": "direct"}
{"ts": "2026-06-22T19:14:58.113228+00:00", "level": "metric", "event": "chunk_ack", "role": "benchmark", "region": "eastus", "seq_num": 114, "rtt_ms": 21923.9, "verified": true, "status": "forwarded_no_ack", "mode": "direct"}
{"ts": "2026-06-22T19:14:58.303919+00:00", "level": "metric", "event": "chunk_ack", "role": "benchmark", "region": "eastus", "seq_num": 115, "rtt_ms": 22114.83, "verified": true, "status": "forwarded_no_ack", "mode": "direct"}
{"ts": "2026-06-22T19:14:58.494554+00:00", "level": "metric", "event": "chunk_ack", "role": "benchmark", "region": "eastus", "seq_num": 116, "rtt_ms": 22304.91, "verified": true, "status": "forwarded_no_ack", "mode": "direct"}
{"ts": "2026-06-22T19:14:58.685314+00:00", "level": "metric", "event": "chunk_ack", "role": "benchmark", "region": "eastus", "seq_num": 117, "rtt_ms": 22494.89, "verified": true, "status": "forwarded_no_ack", "mode": "direct"}
{"ts": "2026-06-22T19:14:58.875928+00:00", "level": "metric", "event": "chunk_ack", "role": "benchmark", "region": "eastus", "seq_num": 118, "rtt_ms": 22684.56, "verified": true, "status": "forwarded_no_ack", "mode": "direct"}
{"ts": "2026-06-22T19:14:59.066905+00:00", "level": "metric", "event": "chunk_ack", "role": "benchmark", "region": "eastus", "seq_num": 119, "rtt_ms": 22874.75, "verified": true, "status": "forwarded_no_ack", "mode": "direct"}
{"ts": "2026-06-22T19:14:59.258270+00:00", "level": "metric", "event": "chunk_ack", "role": "benchmark", "region": "eastus", "seq_num": 120, "rtt_ms": 23065.0, "verified": true, "status": "forwarded_no_ack", "mode": "direct"}
{"ts": "2026-06-22T19:14:59.449930+00:00", "level": "metric", "event": "chunk_ack", "role": "benchmark", "region": "eastus", "seq_num": 121, "rtt_ms": 23255.68, "verified": true, "status": "forwarded_no_ack", "mode": "direct"}
{"ts": "2026-06-22T19:14:59.641931+00:00", "level": "metric", "event": "chunk_ack", "role": "benchmark", "region": "eastus", "seq_num": 122, "rtt_ms": 23446.43, "verified": true, "status": "forwarded_no_ack", "mode": "direct"}
{"ts": "2026-06-22T19:14:59.832260+00:00", "level": "metric", "event": "chunk_ack", "role": "benchmark", "region": "eastus", "seq_num": 123, "rtt_ms": 23637.41, "verified": true, "status": "forwarded_no_ack", "mode": "direct"}
{"ts": "2026-06-22T19:15:00.023028+00:00", "level": "metric", "event": "chunk_ack", "role": "benchmark", "region": "eastus", "seq_num": 124, "rtt_ms": 23827.02, "verified": true, "status": "forwarded_no_ack", "mode": "direct"}
{"ts": "2026-06-22T19:15:00.215984+00:00", "level": "metric", "event": "chunk_ack", "role": "benchmark", "region": "eastus", "seq_num": 125, "rtt_ms": 24017.65, "verified": true, "status": "forwarded_no_ack", "mode": "direct"}
{"ts": "2026-06-22T19:15:00.407620+00:00", "level": "metric", "event": "chunk_ack", "role": "benchmark", "region": "eastus", "seq_num": 126, "rtt_ms": 24209.42, "verified": true, "status": "forwarded_no_ack", "mode": "direct"}
{"ts": "2026-06-22T19:15:00.601557+00:00", "level": "metric", "event": "chunk_ack", "role": "benchmark", "region": "eastus", "seq_num": 127, "rtt_ms": 24400.73, "verified": true, "status": "forwarded_no_ack", "mode": "direct"}
{"ts": "2026-06-22T19:15:00.793195+00:00", "level": "metric", "event": "chunk_ack", "role": "benchmark", "region": "eastus", "seq_num": 128, "rtt_ms": 24593.83, "verified": true, "status": "forwarded_no_ack", "mode": "direct"}
{"ts": "2026-06-22T19:15:00.984577+00:00", "level": "metric", "event": "chunk_ack", "role": "benchmark", "region": "eastus", "seq_num": 129, "rtt_ms": 24784.78, "verified": true, "status": "forwarded_no_ack", "mode": "direct"}
{"ts": "2026-06-22T19:15:01.175137+00:00", "level": "metric", "event": "chunk_ack", "role": "benchmark", "region": "eastus", "seq_num": 130, "rtt_ms": 24975.38, "verified": true, "status": "forwarded_no_ack", "mode": "direct"}
{"ts": "2026-06-22T19:15:01.365855+00:00", "level": "metric", "event": "chunk_ack", "role": "benchmark", "region": "eastus", "seq_num": 131, "rtt_ms": 25165.29, "verified": true, "status": "forwarded_no_ack", "mode": "direct"}
{"ts": "2026-06-22T19:15:01.556708+00:00", "level": "metric", "event": "chunk_ack", "role": "benchmark", "region": "eastus", "seq_num": 132, "rtt_ms": 25355.32, "verified": true, "status": "forwarded_no_ack", "mode": "direct"}
{"ts": "2026-06-22T19:15:01.748326+00:00", "level": "metric", "event": "chunk_ack", "role": "benchmark", "region": "eastus", "seq_num": 133, "rtt_ms": 25545.14, "verified": true, "status": "forwarded_no_ack", "mode": "direct"}
{"ts": "2026-06-22T19:15:01.939266+00:00", "level": "metric", "event": "chunk_ack", "role": "benchmark", "region": "eastus", "seq_num": 134, "rtt_ms": 25736.11, "verified": true, "status": "forwarded_no_ack", "mode": "direct"}
{"ts": "2026-06-22T19:15:02.129615+00:00", "level": "metric", "event": "chunk_ack", "role": "benchmark", "region": "eastus", "seq_num": 135, "rtt_ms": 25926.32, "verified": true, "status": "forwarded_no_ack", "mode": "direct"}
{"ts": "2026-06-22T19:15:02.321797+00:00", "level": "metric", "event": "chunk_ack", "role": "benchmark", "region": "eastus", "seq_num": 136, "rtt_ms": 26115.94, "verified": true, "status": "forwarded_no_ack", "mode": "direct"}
{"ts": "2026-06-22T19:15:02.513005+00:00", "level": "metric", "event": "chunk_ack", "role": "benchmark", "region": "eastus", "seq_num": 137, "rtt_ms": 26308.02, "verified": true, "status": "forwarded_no_ack", "mode": "direct"}
{"ts": "2026-06-22T19:15:02.705973+00:00", "level": "metric", "event": "chunk_ack", "role": "benchmark", "region": "eastus", "seq_num": 138, "rtt_ms": 26498.36, "verified": true, "status": "forwarded_no_ack", "mode": "direct"}
{"ts": "2026-06-22T19:15:02.896676+00:00", "level": "metric", "event": "chunk_ack", "role": "benchmark", "region": "eastus", "seq_num": 139, "rtt_ms": 26690.59, "verified": true, "status": "forwarded_no_ack", "mode": "direct"}
{"ts": "2026-06-22T19:15:03.087286+00:00", "level": "metric", "event": "chunk_ack", "role": "benchmark", "region": "eastus", "seq_num": 140, "rtt_ms": 26880.54, "verified": true, "status": "forwarded_no_ack", "mode": "direct"}
{"ts": "2026-06-22T19:15:03.277795+00:00", "level": "metric", "event": "chunk_ack", "role": "benchmark", "region": "eastus", "seq_num": 141, "rtt_ms": 27070.5, "verified": true, "status": "forwarded_no_ack", "mode": "direct"}
{"ts": "2026-06-22T19:15:03.558905+00:00", "level": "metric", "event": "chunk_ack", "role": "benchmark", "region": "eastus", "seq_num": 142, "rtt_ms": 27260.23, "verified": true, "status": "forwarded_no_ack", "mode": "direct"}
{"ts": "2026-06-22T19:15:03.749434+00:00", "level": "metric", "event": "chunk_ack", "role": "benchmark", "region": "eastus", "seq_num": 143, "rtt_ms": 27540.6, "verified": true, "status": "forwarded_no_ack", "mode": "direct"}
{"ts": "2026-06-22T19:15:03.940243+00:00", "level": "metric", "event": "chunk_ack", "role": "benchmark", "region": "eastus", "seq_num": 144, "rtt_ms": 27730.21, "verified": true, "status": "forwarded_no_ack", "mode": "direct"}
{"ts": "2026-06-22T19:15:04.131112+00:00", "level": "metric", "event": "chunk_ack", "role": "benchmark", "region": "eastus", "seq_num": 145, "rtt_ms": 27920.0, "verified": true, "status": "forwarded_no_ack", "mode": "direct"}
{"ts": "2026-06-22T19:15:04.321938+00:00", "level": "metric", "event": "chunk_ack", "role": "benchmark", "region": "eastus", "seq_num": 146, "rtt_ms": 28110.66, "verified": true, "status": "forwarded_no_ack", "mode": "direct"}
{"ts": "2026-06-22T19:15:04.512187+00:00", "level": "metric", "event": "chunk_ack", "role": "benchmark", "region": "eastus", "seq_num": 147, "rtt_ms": 28300.25, "verified": true, "status": "forwarded_no_ack", "mode": "direct"}
{"ts": "2026-06-22T19:15:04.705100+00:00", "level": "metric", "event": "chunk_ack", "role": "benchmark", "region": "eastus", "seq_num": 148, "rtt_ms": 28490.02, "verified": true, "status": "forwarded_no_ack", "mode": "direct"}
{"ts": "2026-06-22T19:15:04.895471+00:00", "level": "metric", "event": "chunk_ack", "role": "benchmark", "region": "eastus", "seq_num": 149, "rtt_ms": 28681.96, "verified": true, "status": "forwarded_no_ack", "mode": "direct"}
{"ts": "2026-06-22T19:15:05.086216+00:00", "level": "metric", "event": "chunk_ack", "role": "benchmark", "region": "eastus", "seq_num": 150, "rtt_ms": 28871.96, "verified": true, "status": "forwarded_no_ack", "mode": "direct"}
{"ts": "2026-06-22T19:15:05.277732+00:00", "level": "metric", "event": "chunk_ack", "role": "benchmark", "region": "eastus", "seq_num": 151, "rtt_ms": 29062.55, "verified": true, "status": "forwarded_no_ack", "mode": "direct"}
{"ts": "2026-06-22T19:15:05.468588+00:00", "level": "metric", "event": "chunk_ack", "role": "benchmark", "region": "eastus", "seq_num": 152, "rtt_ms": 29252.52, "verified": true, "status": "forwarded_no_ack", "mode": "direct"}
{"ts": "2026-06-22T19:15:05.661378+00:00", "level": "metric", "event": "chunk_ack", "role": "benchmark", "region": "eastus", "seq_num": 153, "rtt_ms": 29443.08, "verified": true, "status": "forwarded_no_ack", "mode": "direct"}
{"ts": "2026-06-22T19:15:05.852486+00:00", "level": "metric", "event": "chunk_ack", "role": "benchmark", "region": "eastus", "seq_num": 154, "rtt_ms": 29635.07, "verified": true, "status": "forwarded_no_ack", "mode": "direct"}
{"ts": "2026-06-22T19:15:06.043345+00:00", "level": "metric", "event": "chunk_ack", "role": "benchmark", "region": "eastus", "seq_num": 155, "rtt_ms": 29825.47, "verified": true, "status": "forwarded_no_ack", "mode": "direct"}
{"ts": "2026-06-22T19:15:06.236545+00:00", "level": "metric", "event": "chunk_ack", "role": "benchmark", "region": "eastus", "seq_num": 156, "rtt_ms": 30015.78, "verified": true, "status": "forwarded_no_ack", "mode": "direct"}
{"ts": "2026-06-22T19:15:06.431260+00:00", "level": "metric", "event": "chunk_ack", "role": "benchmark", "region": "eastus", "seq_num": 157, "rtt_ms": 30207.99, "verified": true, "status": "forwarded_no_ack", "mode": "direct"}
{"ts": "2026-06-22T19:15:06.621710+00:00", "level": "metric", "event": "chunk_ack", "role": "benchmark", "region": "eastus", "seq_num": 158, "rtt_ms": 30402.06, "verified": true, "status": "forwarded_no_ack", "mode": "direct"}
{"ts": "2026-06-22T19:15:06.812432+00:00", "level": "metric", "event": "chunk_ack", "role": "benchmark", "region": "eastus", "seq_num": 159, "rtt_ms": 30591.59, "verified": true, "status": "forwarded_no_ack", "mode": "direct"}
{"ts": "2026-06-22T19:15:07.004854+00:00", "level": "metric", "event": "chunk_ack", "role": "benchmark", "region": "eastus", "seq_num": 160, "rtt_ms": 30781.6, "verified": true, "status": "forwarded_no_ack", "mode": "direct"}
{"ts": "2026-06-22T19:15:07.195869+00:00", "level": "metric", "event": "chunk_ack", "role": "benchmark", "region": "eastus", "seq_num": 161, "rtt_ms": 30973.29, "verified": true, "status": "forwarded_no_ack", "mode": "direct"}
{"ts": "2026-06-22T19:15:07.386548+00:00", "level": "metric", "event": "chunk_ack", "role": "benchmark", "region": "eastus", "seq_num": 162, "rtt_ms": 31163.42, "verified": true, "status": "forwarded_no_ack", "mode": "direct"}
{"ts": "2026-06-22T19:15:07.578212+00:00", "level": "metric", "event": "chunk_ack", "role": "benchmark", "region": "eastus", "seq_num": 163, "rtt_ms": 31353.43, "verified": true, "status": "forwarded_no_ack", "mode": "direct"}
{"ts": "2026-06-22T19:15:07.769112+00:00", "level": "metric", "event": "chunk_ack", "role": "benchmark", "region": "eastus", "seq_num": 164, "rtt_ms": 31544.38, "verified": true, "status": "forwarded_no_ack", "mode": "direct"}
{"ts": "2026-06-22T19:15:07.962865+00:00", "level": "metric", "event": "chunk_ack", "role": "benchmark", "region": "eastus", "seq_num": 165, "rtt_ms": 31734.48, "verified": true, "status": "forwarded_no_ack", "mode": "direct"}
{"ts": "2026-06-22T19:15:08.153796+00:00", "level": "metric", "event": "chunk_ack", "role": "benchmark", "region": "eastus", "seq_num": 166, "rtt_ms": 31927.48, "verified": true, "status": "forwarded_no_ack", "mode": "direct"}
{"ts": "2026-06-22T19:15:08.346445+00:00", "level": "metric", "event": "chunk_ack", "role": "benchmark", "region": "eastus", "seq_num": 167, "rtt_ms": 32118.09, "verified": true, "status": "forwarded_no_ack", "mode": "direct"}
{"ts": "2026-06-22T19:15:08.628978+00:00", "level": "metric", "event": "chunk_ack", "role": "benchmark", "region": "eastus", "seq_num": 168, "rtt_ms": 32309.72, "verified": true, "status": "forwarded_no_ack", "mode": "direct"}
{"ts": "2026-06-22T19:15:08.819755+00:00", "level": "metric", "event": "chunk_ack", "role": "benchmark", "region": "eastus", "seq_num": 169, "rtt_ms": 32591.47, "verified": true, "status": "forwarded_no_ack", "mode": "direct"}
{"ts": "2026-06-22T19:15:09.010517+00:00", "level": "metric", "event": "chunk_ack", "role": "benchmark", "region": "eastus", "seq_num": 170, "rtt_ms": 32781.53, "verified": true, "status": "forwarded_no_ack", "mode": "direct"}
{"ts": "2026-06-22T19:15:09.201514+00:00", "level": "metric", "event": "chunk_ack", "role": "benchmark", "region": "eastus", "seq_num": 171, "rtt_ms": 32972.08, "verified": true, "status": "forwarded_no_ack", "mode": "direct"}
{"ts": "2026-06-22T19:15:09.391865+00:00", "level": "metric", "event": "chunk_ack", "role": "benchmark", "region": "eastus", "seq_num": 172, "rtt_ms": 33161.87, "verified": true, "status": "forwarded_no_ack", "mode": "direct"}
{"ts": "2026-06-22T19:15:09.582132+00:00", "level": "metric", "event": "chunk_ack", "role": "benchmark", "region": "eastus", "seq_num": 173, "rtt_ms": 33351.62, "verified": true, "status": "forwarded_no_ack", "mode": "direct"}
{"ts": "2026-06-22T19:15:09.772282+00:00", "level": "metric", "event": "chunk_ack", "role": "benchmark", "region": "eastus", "seq_num": 174, "rtt_ms": 33541.17, "verified": true, "status": "forwarded_no_ack", "mode": "direct"}
{"ts": "2026-06-22T19:15:09.963390+00:00", "level": "metric", "event": "chunk_ack", "role": "benchmark", "region": "eastus", "seq_num": 175, "rtt_ms": 33730.56, "verified": true, "status": "forwarded_no_ack", "mode": "direct"}
{"ts": "2026-06-22T19:15:10.155678+00:00", "level": "metric", "event": "chunk_ack", "role": "benchmark", "region": "eastus", "seq_num": 176, "rtt_ms": 33921.41, "verified": true, "status": "forwarded_no_ack", "mode": "direct"}
{"ts": "2026-06-22T19:15:10.350963+00:00", "level": "metric", "event": "chunk_ack", "role": "benchmark", "region": "eastus", "seq_num": 177, "rtt_ms": 34112.79, "verified": true, "status": "forwarded_no_ack", "mode": "direct"}
{"ts": "2026-06-22T19:15:10.548810+00:00", "level": "metric", "event": "chunk_ack", "role": "benchmark", "region": "eastus", "seq_num": 178, "rtt_ms": 34307.43, "verified": true, "status": "forwarded_no_ack", "mode": "direct"}
{"ts": "2026-06-22T19:15:10.740061+00:00", "level": "metric", "event": "chunk_ack", "role": "benchmark", "region": "eastus", "seq_num": 179, "rtt_ms": 34504.65, "verified": true, "status": "forwarded_no_ack", "mode": "direct"}
{"ts": "2026-06-22T19:15:10.930283+00:00", "level": "metric", "event": "chunk_ack", "role": "benchmark", "region": "eastus", "seq_num": 180, "rtt_ms": 34694.86, "verified": true, "status": "forwarded_no_ack", "mode": "direct"}
{"ts": "2026-06-22T19:15:11.126552+00:00", "level": "metric", "event": "chunk_ack", "role": "benchmark", "region": "eastus", "seq_num": 181, "rtt_ms": 34884.36, "verified": true, "status": "forwarded_no_ack", "mode": "direct"}
{"ts": "2026-06-22T19:15:11.318342+00:00", "level": "metric", "event": "chunk_ack", "role": "benchmark", "region": "eastus", "seq_num": 182, "rtt_ms": 35080.21, "verified": true, "status": "forwarded_no_ack", "mode": "direct"}
{"ts": "2026-06-22T19:15:11.509363+00:00", "level": "metric", "event": "chunk_ack", "role": "benchmark", "region": "eastus", "seq_num": 183, "rtt_ms": 35271.0, "verified": true, "status": "forwarded_no_ack", "mode": "direct"}
{"ts": "2026-06-22T19:15:11.700212+00:00", "level": "metric", "event": "chunk_ack", "role": "benchmark", "region": "eastus", "seq_num": 184, "rtt_ms": 35461.6, "verified": true, "status": "forwarded_no_ack", "mode": "direct"}
{"ts": "2026-06-22T19:15:11.893932+00:00", "level": "metric", "event": "chunk_ack", "role": "benchmark", "region": "eastus", "seq_num": 185, "rtt_ms": 35651.53, "verified": true, "status": "forwarded_no_ack", "mode": "direct"}
{"ts": "2026-06-22T19:15:12.084283+00:00", "level": "metric", "event": "chunk_ack", "role": "benchmark", "region": "eastus", "seq_num": 186, "rtt_ms": 35844.43, "verified": true, "status": "forwarded_no_ack", "mode": "direct"}
{"ts": "2026-06-22T19:15:12.278383+00:00", "level": "metric", "event": "chunk_ack", "role": "benchmark", "region": "eastus", "seq_num": 187, "rtt_ms": 36034.42, "verified": true, "status": "forwarded_no_ack", "mode": "direct"}
{"ts": "2026-06-22T19:15:12.468971+00:00", "level": "metric", "event": "chunk_ack", "role": "benchmark", "region": "eastus", "seq_num": 188, "rtt_ms": 36226.71, "verified": true, "status": "forwarded_no_ack", "mode": "direct"}
{"ts": "2026-06-22T19:15:12.659993+00:00", "level": "metric", "event": "chunk_ack", "role": "benchmark", "region": "eastus", "seq_num": 189, "rtt_ms": 36416.64, "verified": true, "status": "forwarded_no_ack", "mode": "direct"}
{"ts": "2026-06-22T19:15:12.849998+00:00", "level": "metric", "event": "chunk_ack", "role": "benchmark", "region": "eastus", "seq_num": 190, "rtt_ms": 36606.27, "verified": true, "status": "forwarded_no_ack", "mode": "direct"}
{"ts": "2026-06-22T19:15:13.042738+00:00", "level": "metric", "event": "chunk_ack", "role": "benchmark", "region": "eastus", "seq_num": 191, "rtt_ms": 36795.77, "verified": true, "status": "forwarded_no_ack", "mode": "direct"}
{"ts": "2026-06-22T19:15:13.234570+00:00", "level": "metric", "event": "chunk_ack", "role": "benchmark", "region": "eastus", "seq_num": 192, "rtt_ms": 36987.46, "verified": true, "status": "forwarded_no_ack", "mode": "direct"}
{"ts": "2026-06-22T19:15:13.425717+00:00", "level": "metric", "event": "chunk_ack", "role": "benchmark", "region": "eastus", "seq_num": 193, "rtt_ms": 37179.09, "verified": true, "status": "forwarded_no_ack", "mode": "direct"}
{"ts": "2026-06-22T19:15:13.619416+00:00", "level": "metric", "event": "chunk_ack", "role": "benchmark", "region": "eastus", "seq_num": 194, "rtt_ms": 37368.86, "verified": true, "status": "forwarded_no_ack", "mode": "direct"}
{"ts": "2026-06-22T19:15:13.814237+00:00", "level": "metric", "event": "chunk_ack", "role": "benchmark", "region": "eastus", "seq_num": 195, "rtt_ms": 37561.88, "verified": true, "status": "forwarded_no_ack", "mode": "direct"}
{"ts": "2026-06-22T19:15:14.005157+00:00", "level": "metric", "event": "chunk_ack", "role": "benchmark", "region": "eastus", "seq_num": 196, "rtt_ms": 37752.93, "verified": true, "status": "forwarded_no_ack", "mode": "direct"}
{"ts": "2026-06-22T19:15:14.195315+00:00", "level": "metric", "event": "chunk_ack", "role": "benchmark", "region": "eastus", "seq_num": 197, "rtt_ms": 37943.16, "verified": true, "status": "forwarded_no_ack", "mode": "direct"}
{"ts": "2026-06-22T19:15:14.386726+00:00", "level": "metric", "event": "chunk_ack", "role": "benchmark", "region": "eastus", "seq_num": 198, "rtt_ms": 38132.58, "verified": true, "status": "forwarded_no_ack", "mode": "direct"}
{"ts": "2026-06-22T19:15:14.582106+00:00", "level": "metric", "event": "chunk_ack", "role": "benchmark", "region": "eastus", "seq_num": 199, "rtt_ms": 38323.07, "verified": true, "status": "forwarded_no_ack", "mode": "direct"}
{"ts": "2026-06-22T19:15:14.772027+00:00", "level": "metric", "event": "chunk_ack", "role": "benchmark", "region": "eastus", "seq_num": 200, "rtt_ms": 38517.67, "verified": true, "status": "forwarded_no_ack", "mode": "direct"}
{"ts": "2026-06-22T19:15:14.963005+00:00", "level": "metric", "event": "chunk_ack", "role": "benchmark", "region": "eastus", "seq_num": 201, "rtt_ms": 38707.0, "verified": true, "status": "forwarded_no_ack", "mode": "direct"}
{"ts": "2026-06-22T19:15:15.153631+00:00", "level": "metric", "event": "chunk_ack", "role": "benchmark", "region": "eastus", "seq_num": 202, "rtt_ms": 38897.15, "verified": true, "status": "forwarded_no_ack", "mode": "direct"}
{"ts": "2026-06-22T19:15:15.345718+00:00", "level": "metric", "event": "chunk_ack", "role": "benchmark", "region": "eastus", "seq_num": 203, "rtt_ms": 39087.25, "verified": true, "status": "forwarded_no_ack", "mode": "direct"}
{"ts": "2026-06-22T19:15:15.536882+00:00", "level": "metric", "event": "chunk_ack", "role": "benchmark", "region": "eastus", "seq_num": 204, "rtt_ms": 39278.25, "verified": true, "status": "forwarded_no_ack", "mode": "direct"}
{"ts": "2026-06-22T19:15:15.730429+00:00", "level": "info", "event": "mode_complete", "role": "benchmark", "region": "eastus", "mode": "direct", "avg_rtt_ms": 20148.326, "p99_rtt_ms": 38897.154, "throughput_mbps": 0.021, "verified_pct": 100.0}
{"ts": "2026-06-22T19:15:15.730529+00:00", "level": "info", "event": "mode_started", "role": "benchmark", "region": "eastus", "mode": "isolation"}
{"ts": "2026-06-22T19:15:17.371485+00:00", "level": "metric", "event": "chunk_ack", "role": "benchmark", "region": "eastus", "seq_num": 0, "rtt_ms": 161.57, "verified": true, "status": "forwarded_no_ack", "mode": "isolation"}
{"ts": "2026-06-22T19:15:17.526362+00:00", "level": "metric", "event": "chunk_ack", "role": "benchmark", "region": "eastus", "seq_num": 1, "rtt_ms": 303.49, "verified": true, "status": "forwarded_no_ack", "mode": "isolation"}
{"ts": "2026-06-22T19:15:17.680883+00:00", "level": "metric", "event": "chunk_ack", "role": "benchmark", "region": "eastus", "seq_num": 2, "rtt_ms": 457.23, "verified": true, "status": "forwarded_no_ack", "mode": "isolation"}
{"ts": "2026-06-22T19:15:17.830949+00:00", "level": "metric", "event": "chunk_ack", "role": "benchmark", "region": "eastus", "seq_num": 3, "rtt_ms": 606.34, "verified": true, "status": "forwarded_no_ack", "mode": "isolation"}
{"ts": "2026-06-22T19:15:17.979105+00:00", "level": "metric", "event": "chunk_ack", "role": "benchmark", "region": "eastus", "seq_num": 4, "rtt_ms": 753.62, "verified": true, "status": "forwarded_no_ack", "mode": "isolation"}
{"ts": "2026-06-22T19:15:18.319058+00:00", "level": "metric", "event": "chunk_ack", "role": "benchmark", "region": "eastus", "seq_num": 5, "rtt_ms": 901.67, "verified": true, "status": "forwarded_no_ack", "mode": "isolation"}
{"ts": "2026-06-22T19:15:18.511972+00:00", "level": "metric", "event": "chunk_ack", "role": "benchmark", "region": "eastus", "seq_num": 6, "rtt_ms": 1092.18, "verified": true, "status": "forwarded_no_ack", "mode": "isolation"}
{"ts": "2026-06-22T19:15:18.702763+00:00", "level": "metric", "event": "chunk_ack", "role": "benchmark", "region": "eastus", "seq_num": 7, "rtt_ms": 1284.17, "verified": true, "status": "forwarded_no_ack", "mode": "isolation"}
{"ts": "2026-06-22T19:15:18.895256+00:00", "level": "metric", "event": "chunk_ack", "role": "benchmark", "region": "eastus", "seq_num": 8, "rtt_ms": 1474.16, "verified": true, "status": "forwarded_no_ack", "mode": "isolation"}
{"ts": "2026-06-22T19:15:19.085997+00:00", "level": "metric", "event": "chunk_ack", "role": "benchmark", "region": "eastus", "seq_num": 9, "rtt_ms": 1666.09, "verified": true, "status": "forwarded_no_ack", "mode": "isolation"}
{"ts": "2026-06-22T19:15:19.276286+00:00", "level": "metric", "event": "chunk_ack", "role": "benchmark", "region": "eastus", "seq_num": 10, "rtt_ms": 1856.03, "verified": true, "status": "forwarded_no_ack", "mode": "isolation"}
{"ts": "2026-06-22T19:15:19.469136+00:00", "level": "metric", "event": "chunk_ack", "role": "benchmark", "region": "eastus", "seq_num": 11, "rtt_ms": 2045.05, "verified": true, "status": "forwarded_no_ack", "mode": "isolation"}
{"ts": "2026-06-22T19:15:19.668185+00:00", "level": "metric", "event": "chunk_ack", "role": "benchmark", "region": "eastus", "seq_num": 12, "rtt_ms": 2237.14, "verified": true, "status": "forwarded_no_ack", "mode": "isolation"}
{"ts": "2026-06-22T19:15:19.859565+00:00", "level": "metric", "event": "chunk_ack", "role": "benchmark", "region": "eastus", "seq_num": 13, "rtt_ms": 2435.47, "verified": true, "status": "forwarded_no_ack", "mode": "isolation"}
{"ts": "2026-06-22T19:15:20.051302+00:00", "level": "metric", "event": "chunk_ack", "role": "benchmark", "region": "eastus", "seq_num": 14, "rtt_ms": 2625.74, "verified": true, "status": "forwarded_no_ack", "mode": "isolation"}
{"ts": "2026-06-22T19:15:20.242082+00:00", "level": "metric", "event": "chunk_ack", "role": "benchmark", "region": "eastus", "seq_num": 15, "rtt_ms": 2816.78, "verified": true, "status": "forwarded_no_ack", "mode": "isolation"}
{"ts": "2026-06-22T19:15:20.432452+00:00", "level": "metric", "event": "chunk_ack", "role": "benchmark", "region": "eastus", "seq_num": 16, "rtt_ms": 3006.26, "verified": true, "status": "forwarded_no_ack", "mode": "isolation"}
{"ts": "2026-06-22T19:15:20.632686+00:00", "level": "metric", "event": "chunk_ack", "role": "benchmark", "region": "eastus", "seq_num": 17, "rtt_ms": 3195.84, "verified": true, "status": "forwarded_no_ack", "mode": "isolation"}
{"ts": "2026-06-22T19:15:20.824694+00:00", "level": "metric", "event": "chunk_ack", "role": "benchmark", "region": "eastus", "seq_num": 18, "rtt_ms": 3394.89, "verified": true, "status": "forwarded_no_ack", "mode": "isolation"}
{"ts": "2026-06-22T19:15:21.015863+00:00", "level": "metric", "event": "chunk_ack", "role": "benchmark", "region": "eastus", "seq_num": 19, "rtt_ms": 3586.06, "verified": true, "status": "forwarded_no_ack", "mode": "isolation"}
{"ts": "2026-06-22T19:15:21.211964+00:00", "level": "metric", "event": "chunk_ack", "role": "benchmark", "region": "eastus", "seq_num": 20, "rtt_ms": 3776.23, "verified": true, "status": "forwarded_no_ack", "mode": "isolation"}
{"ts": "2026-06-22T19:15:21.403893+00:00", "level": "metric", "event": "chunk_ack", "role": "benchmark", "region": "eastus", "seq_num": 21, "rtt_ms": 3971.34, "verified": true, "status": "forwarded_no_ack", "mode": "isolation"}
{"ts": "2026-06-22T19:15:21.598633+00:00", "level": "metric", "event": "chunk_ack", "role": "benchmark", "region": "eastus", "seq_num": 22, "rtt_ms": 4162.4, "verified": true, "status": "forwarded_no_ack", "mode": "isolation"}
{"ts": "2026-06-22T19:15:21.789602+00:00", "level": "metric", "event": "chunk_ack", "role": "benchmark", "region": "eastus", "seq_num": 23, "rtt_ms": 4356.22, "verified": true, "status": "forwarded_no_ack", "mode": "isolation"}
{"ts": "2026-06-22T19:15:21.980598+00:00", "level": "metric", "event": "chunk_ack", "role": "benchmark", "region": "eastus", "seq_num": 24, "rtt_ms": 4546.2, "verified": true, "status": "forwarded_no_ack", "mode": "isolation"}
{"ts": "2026-06-22T19:15:22.175865+00:00", "level": "metric", "event": "chunk_ack", "role": "benchmark", "region": "eastus", "seq_num": 25, "rtt_ms": 4736.31, "verified": true, "status": "forwarded_no_ack", "mode": "isolation"}
{"ts": "2026-06-22T19:15:22.368341+00:00", "level": "metric", "event": "chunk_ack", "role": "benchmark", "region": "eastus", "seq_num": 26, "rtt_ms": 4930.58, "verified": true, "status": "forwarded_no_ack", "mode": "isolation"}
{"ts": "2026-06-22T19:15:22.559031+00:00", "level": "metric", "event": "chunk_ack", "role": "benchmark", "region": "eastus", "seq_num": 27, "rtt_ms": 5122.48, "verified": true, "status": "forwarded_no_ack", "mode": "isolation"}
{"ts": "2026-06-22T19:15:22.749503+00:00", "level": "metric", "event": "chunk_ack", "role": "benchmark", "region": "eastus", "seq_num": 28, "rtt_ms": 5311.89, "verified": true, "status": "forwarded_no_ack", "mode": "isolation"}
{"ts": "2026-06-22T19:15:22.940541+00:00", "level": "metric", "event": "chunk_ack", "role": "benchmark", "region": "eastus", "seq_num": 29, "rtt_ms": 5501.7, "verified": true, "status": "forwarded_no_ack", "mode": "isolation"}
{"ts": "2026-06-22T19:15:23.131566+00:00", "level": "metric", "event": "chunk_ack", "role": "benchmark", "region": "eastus", "seq_num": 30, "rtt_ms": 5691.73, "verified": true, "status": "forwarded_no_ack", "mode": "isolation"}
{"ts": "2026-06-22T19:15:23.322935+00:00", "level": "metric", "event": "chunk_ack", "role": "benchmark", "region": "eastus", "seq_num": 31, "rtt_ms": 5881.61, "verified": true, "status": "forwarded_no_ack", "mode": "isolation"}
{"ts": "2026-06-22T19:15:23.519576+00:00", "level": "metric", "event": "chunk_ack", "role": "benchmark", "region": "eastus", "seq_num": 32, "rtt_ms": 6072.7, "verified": true, "status": "forwarded_no_ack", "mode": "isolation"}
{"ts": "2026-06-22T19:15:23.710354+00:00", "level": "metric", "event": "chunk_ack", "role": "benchmark", "region": "eastus", "seq_num": 33, "rtt_ms": 6267.83, "verified": true, "status": "forwarded_no_ack", "mode": "isolation"}
{"ts": "2026-06-22T19:15:23.900894+00:00", "level": "metric", "event": "chunk_ack", "role": "benchmark", "region": "eastus", "seq_num": 34, "rtt_ms": 6457.7, "verified": true, "status": "forwarded_no_ack", "mode": "isolation"}
{"ts": "2026-06-22T19:15:24.092932+00:00", "level": "metric", "event": "chunk_ack", "role": "benchmark", "region": "eastus", "seq_num": 35, "rtt_ms": 6647.2, "verified": true, "status": "forwarded_no_ack", "mode": "isolation"}
{"ts": "2026-06-22T19:15:24.283479+00:00", "level": "metric", "event": "chunk_ack", "role": "benchmark", "region": "eastus", "seq_num": 36, "rtt_ms": 6838.45, "verified": true, "status": "forwarded_no_ack", "mode": "isolation"}
{"ts": "2026-06-22T19:15:24.474249+00:00", "level": "metric", "event": "chunk_ack", "role": "benchmark", "region": "eastus", "seq_num": 37, "rtt_ms": 7028.15, "verified": true, "status": "forwarded_no_ack", "mode": "isolation"}
{"ts": "2026-06-22T19:15:24.665477+00:00", "level": "metric", "event": "chunk_ack", "role": "benchmark", "region": "eastus", "seq_num": 38, "rtt_ms": 7218.67, "verified": true, "status": "forwarded_no_ack", "mode": "isolation"}
{"ts": "2026-06-22T19:15:24.871771+00:00", "level": "metric", "event": "chunk_ack", "role": "benchmark", "region": "eastus", "seq_num": 39, "rtt_ms": 7408.45, "verified": true, "status": "forwarded_no_ack", "mode": "isolation"}
{"ts": "2026-06-22T19:15:25.070766+00:00", "level": "metric", "event": "chunk_ack", "role": "benchmark", "region": "eastus", "seq_num": 40, "rtt_ms": 7615.95, "verified": true, "status": "forwarded_no_ack", "mode": "isolation"}
{"ts": "2026-06-22T19:15:25.261536+00:00", "level": "metric", "event": "chunk_ack", "role": "benchmark", "region": "eastus", "seq_num": 41, "rtt_ms": 7811.98, "verified": true, "status": "forwarded_no_ack", "mode": "isolation"}
{"ts": "2026-06-22T19:15:25.463295+00:00", "level": "metric", "event": "chunk_ack", "role": "benchmark", "region": "eastus", "seq_num": 42, "rtt_ms": 8001.71, "verified": true, "status": "forwarded_no_ack", "mode": "isolation"}
{"ts": "2026-06-22T19:15:25.653772+00:00", "level": "metric", "event": "chunk_ack", "role": "benchmark", "region": "eastus", "seq_num": 43, "rtt_ms": 8200.87, "verified": true, "status": "forwarded_no_ack", "mode": "isolation"}
{"ts": "2026-06-22T19:15:25.844177+00:00", "level": "metric", "event": "chunk_ack", "role": "benchmark", "region": "eastus", "seq_num": 44, "rtt_ms": 8390.45, "verified": true, "status": "forwarded_no_ack", "mode": "isolation"}
{"ts": "2026-06-22T19:15:26.038230+00:00", "level": "metric", "event": "chunk_ack", "role": "benchmark", "region": "eastus", "seq_num": 45, "rtt_ms": 8579.9, "verified": true, "status": "forwarded_no_ack", "mode": "isolation"}
{"ts": "2026-06-22T19:15:26.234463+00:00", "level": "metric", "event": "chunk_ack", "role": "benchmark", "region": "eastus", "seq_num": 46, "rtt_ms": 8773.1, "verified": true, "status": "forwarded_no_ack", "mode": "isolation"}
{"ts": "2026-06-22T19:15:26.425536+00:00", "level": "metric", "event": "chunk_ack", "role": "benchmark", "region": "eastus", "seq_num": 47, "rtt_ms": 8968.47, "verified": true, "status": "forwarded_no_ack", "mode": "isolation"}
{"ts": "2026-06-22T19:15:26.641070+00:00", "level": "metric", "event": "chunk_ack", "role": "benchmark", "region": "eastus", "seq_num": 48, "rtt_ms": 9158.74, "verified": true, "status": "forwarded_no_ack", "mode": "isolation"}
{"ts": "2026-06-22T19:15:26.833486+00:00", "level": "metric", "event": "chunk_ack", "role": "benchmark", "region": "eastus", "seq_num": 49, "rtt_ms": 9373.27, "verified": true, "status": "forwarded_no_ack", "mode": "isolation"}
{"ts": "2026-06-22T19:15:27.024111+00:00", "level": "metric", "event": "chunk_ack", "role": "benchmark", "region": "eastus", "seq_num": 50, "rtt_ms": 9564.91, "verified": true, "status": "forwarded_no_ack", "mode": "isolation"}
{"ts": "2026-06-22T19:15:27.215499+00:00", "level": "metric", "event": "chunk_ack", "role": "benchmark", "region": "eastus", "seq_num": 51, "rtt_ms": 9754.73, "verified": true, "status": "forwarded_no_ack", "mode": "isolation"}
{"ts": "2026-06-22T19:15:27.405992+00:00", "level": "metric", "event": "chunk_ack", "role": "benchmark", "region": "eastus", "seq_num": 52, "rtt_ms": 9945.22, "verified": true, "status": "forwarded_no_ack", "mode": "isolation"}
{"ts": "2026-06-22T19:15:27.596968+00:00", "level": "metric", "event": "chunk_ack", "role": "benchmark", "region": "eastus", "seq_num": 53, "rtt_ms": 10134.76, "verified": true, "status": "forwarded_no_ack", "mode": "isolation"}
{"ts": "2026-06-22T19:15:27.787682+00:00", "level": "metric", "event": "chunk_ack", "role": "benchmark", "region": "eastus", "seq_num": 54, "rtt_ms": 10324.81, "verified": true, "status": "forwarded_no_ack", "mode": "isolation"}
{"ts": "2026-06-22T19:15:27.979244+00:00", "level": "metric", "event": "chunk_ack", "role": "benchmark", "region": "eastus", "seq_num": 55, "rtt_ms": 10515.01, "verified": true, "status": "forwarded_no_ack", "mode": "isolation"}
{"ts": "2026-06-22T19:15:28.170777+00:00", "level": "metric", "event": "chunk_ack", "role": "benchmark", "region": "eastus", "seq_num": 56, "rtt_ms": 10705.3, "verified": true, "status": "forwarded_no_ack", "mode": "isolation"}
{"ts": "2026-06-22T19:15:28.361951+00:00", "level": "metric", "event": "chunk_ack", "role": "benchmark", "region": "eastus", "seq_num": 57, "rtt_ms": 10895.86, "verified": true, "status": "forwarded_no_ack", "mode": "isolation"}
{"ts": "2026-06-22T19:15:28.552811+00:00", "level": "metric", "event": "chunk_ack", "role": "benchmark", "region": "eastus", "seq_num": 58, "rtt_ms": 11086.17, "verified": true, "status": "forwarded_no_ack", "mode": "isolation"}
{"ts": "2026-06-22T19:15:28.743429+00:00", "level": "metric", "event": "chunk_ack", "role": "benchmark", "region": "eastus", "seq_num": 59, "rtt_ms": 11276.07, "verified": true, "status": "forwarded_no_ack", "mode": "isolation"}
{"ts": "2026-06-22T19:15:28.934350+00:00", "level": "metric", "event": "chunk_ack", "role": "benchmark", "region": "eastus", "seq_num": 60, "rtt_ms": 11465.89, "verified": true, "status": "forwarded_no_ack", "mode": "isolation"}
{"ts": "2026-06-22T19:15:29.135950+00:00", "level": "metric", "event": "chunk_ack", "role": "benchmark", "region": "eastus", "seq_num": 61, "rtt_ms": 11655.92, "verified": true, "status": "forwarded_no_ack", "mode": "isolation"}
{"ts": "2026-06-22T19:15:29.327744+00:00", "level": "metric", "event": "chunk_ack", "role": "benchmark", "region": "eastus", "seq_num": 62, "rtt_ms": 11856.7, "verified": true, "status": "forwarded_no_ack", "mode": "isolation"}
{"ts": "2026-06-22T19:15:29.518715+00:00", "level": "metric", "event": "chunk_ack", "role": "benchmark", "region": "eastus", "seq_num": 63, "rtt_ms": 12047.37, "verified": true, "status": "forwarded_no_ack", "mode": "isolation"}
{"ts": "2026-06-22T19:15:29.709620+00:00", "level": "metric", "event": "chunk_ack", "role": "benchmark", "region": "eastus", "seq_num": 64, "rtt_ms": 12237.54, "verified": true, "status": "forwarded_no_ack", "mode": "isolation"}
{"ts": "2026-06-22T19:15:29.901488+00:00", "level": "metric", "event": "chunk_ack", "role": "benchmark", "region": "eastus", "seq_num": 65, "rtt_ms": 12428.69, "verified": true, "status": "forwarded_no_ack", "mode": "isolation"}
{"ts": "2026-06-22T19:15:30.093080+00:00", "level": "metric", "event": "chunk_ack", "role": "benchmark", "region": "eastus", "seq_num": 66, "rtt_ms": 12618.65, "verified": true, "status": "forwarded_no_ack", "mode": "isolation"}
{"ts": "2026-06-22T19:15:30.283956+00:00", "level": "metric", "event": "chunk_ack", "role": "benchmark", "region": "eastus", "seq_num": 67, "rtt_ms": 12809.22, "verified": true, "status": "forwarded_no_ack", "mode": "isolation"}
{"ts": "2026-06-22T19:15:30.474959+00:00", "level": "metric", "event": "chunk_ack", "role": "benchmark", "region": "eastus", "seq_num": 68, "rtt_ms": 12999.38, "verified": true, "status": "forwarded_no_ack", "mode": "isolation"}
{"ts": "2026-06-22T19:15:30.665519+00:00", "level": "metric", "event": "chunk_ack", "role": "benchmark", "region": "eastus", "seq_num": 69, "rtt_ms": 13189.18, "verified": true, "status": "forwarded_no_ack", "mode": "isolation"}
{"ts": "2026-06-22T19:15:30.856462+00:00", "level": "metric", "event": "chunk_ack", "role": "benchmark", "region": "eastus", "seq_num": 70, "rtt_ms": 13378.8, "verified": true, "status": "forwarded_no_ack", "mode": "isolation"}
{"ts": "2026-06-22T19:15:31.047588+00:00", "level": "metric", "event": "chunk_ack", "role": "benchmark", "region": "eastus", "seq_num": 71, "rtt_ms": 13568.65, "verified": true, "status": "forwarded_no_ack", "mode": "isolation"}
{"ts": "2026-06-22T19:15:31.239000+00:00", "level": "metric", "event": "chunk_ack", "role": "benchmark", "region": "eastus", "seq_num": 72, "rtt_ms": 13758.83, "verified": true, "status": "forwarded_no_ack", "mode": "isolation"}
{"ts": "2026-06-22T19:15:31.429540+00:00", "level": "metric", "event": "chunk_ack", "role": "benchmark", "region": "eastus", "seq_num": 73, "rtt_ms": 13949.21, "verified": true, "status": "forwarded_no_ack", "mode": "isolation"}
{"ts": "2026-06-22T19:15:31.621126+00:00", "level": "metric", "event": "chunk_ack", "role": "benchmark", "region": "eastus", "seq_num": 74, "rtt_ms": 14139.29, "verified": true, "status": "forwarded_no_ack", "mode": "isolation"}
{"ts": "2026-06-22T19:15:31.812322+00:00", "level": "metric", "event": "chunk_ack", "role": "benchmark", "region": "eastus", "seq_num": 75, "rtt_ms": 14329.73, "verified": true, "status": "forwarded_no_ack", "mode": "isolation"}
{"ts": "2026-06-22T19:15:32.003967+00:00", "level": "metric", "event": "chunk_ack", "role": "benchmark", "region": "eastus", "seq_num": 76, "rtt_ms": 14520.07, "verified": true, "status": "forwarded_no_ack", "mode": "isolation"}
{"ts": "2026-06-22T19:15:32.195064+00:00", "level": "metric", "event": "chunk_ack", "role": "benchmark", "region": "eastus", "seq_num": 77, "rtt_ms": 14710.44, "verified": true, "status": "forwarded_no_ack", "mode": "isolation"}
{"ts": "2026-06-22T19:15:32.387042+00:00", "level": "metric", "event": "chunk_ack", "role": "benchmark", "region": "eastus", "seq_num": 78, "rtt_ms": 14901.28, "verified": true, "status": "forwarded_no_ack", "mode": "isolation"}
{"ts": "2026-06-22T19:15:32.577548+00:00", "level": "metric", "event": "chunk_ack", "role": "benchmark", "region": "eastus", "seq_num": 79, "rtt_ms": 15091.73, "verified": true, "status": "forwarded_no_ack", "mode": "isolation"}
{"ts": "2026-06-22T19:15:32.769143+00:00", "level": "metric", "event": "chunk_ack", "role": "benchmark", "region": "eastus", "seq_num": 80, "rtt_ms": 15281.34, "verified": true, "status": "forwarded_no_ack", "mode": "isolation"}
{"ts": "2026-06-22T19:15:32.960053+00:00", "level": "metric", "event": "chunk_ack", "role": "benchmark", "region": "eastus", "seq_num": 81, "rtt_ms": 15471.91, "verified": true, "status": "forwarded_no_ack", "mode": "isolation"}
{"ts": "2026-06-22T19:15:33.150726+00:00", "level": "metric", "event": "chunk_ack", "role": "benchmark", "region": "eastus", "seq_num": 82, "rtt_ms": 15661.87, "verified": true, "status": "forwarded_no_ack", "mode": "isolation"}
{"ts": "2026-06-22T19:15:33.341981+00:00", "level": "metric", "event": "chunk_ack", "role": "benchmark", "region": "eastus", "seq_num": 83, "rtt_ms": 15852.14, "verified": true, "status": "forwarded_no_ack", "mode": "isolation"}
{"ts": "2026-06-22T19:15:33.533016+00:00", "level": "metric", "event": "chunk_ack", "role": "benchmark", "region": "eastus", "seq_num": 84, "rtt_ms": 16041.99, "verified": true, "status": "forwarded_no_ack", "mode": "isolation"}
{"ts": "2026-06-22T19:15:33.724044+00:00", "level": "metric", "event": "chunk_ack", "role": "benchmark", "region": "eastus", "seq_num": 85, "rtt_ms": 16232.12, "verified": true, "status": "forwarded_no_ack", "mode": "isolation"}
{"ts": "2026-06-22T19:15:33.915604+00:00", "level": "metric", "event": "chunk_ack", "role": "benchmark", "region": "eastus", "seq_num": 86, "rtt_ms": 16422.34, "verified": true, "status": "forwarded_no_ack", "mode": "isolation"}
{"ts": "2026-06-22T19:15:34.194762+00:00", "level": "metric", "event": "chunk_ack", "role": "benchmark", "region": "eastus", "seq_num": 87, "rtt_ms": 16612.88, "verified": true, "status": "forwarded_no_ack", "mode": "isolation"}
{"ts": "2026-06-22T19:15:34.385682+00:00", "level": "metric", "event": "chunk_ack", "role": "benchmark", "region": "eastus", "seq_num": 88, "rtt_ms": 16891.59, "verified": true, "status": "forwarded_no_ack", "mode": "isolation"}
{"ts": "2026-06-22T19:15:34.577095+00:00", "level": "metric", "event": "chunk_ack", "role": "benchmark", "region": "eastus", "seq_num": 89, "rtt_ms": 17081.66, "verified": true, "status": "forwarded_no_ack", "mode": "isolation"}
{"ts": "2026-06-22T19:15:34.769212+00:00", "level": "metric", "event": "chunk_ack", "role": "benchmark", "region": "eastus", "seq_num": 90, "rtt_ms": 17271.85, "verified": true, "status": "forwarded_no_ack", "mode": "isolation"}
{"ts": "2026-06-22T19:15:34.961869+00:00", "level": "metric", "event": "chunk_ack", "role": "benchmark", "region": "eastus", "seq_num": 91, "rtt_ms": 17462.7, "verified": true, "status": "forwarded_no_ack", "mode": "isolation"}
{"ts": "2026-06-22T19:15:35.152575+00:00", "level": "metric", "event": "chunk_ack", "role": "benchmark", "region": "eastus", "seq_num": 92, "rtt_ms": 17654.64, "verified": true, "status": "forwarded_no_ack", "mode": "isolation"}
{"ts": "2026-06-22T19:15:35.344856+00:00", "level": "metric", "event": "chunk_ack", "role": "benchmark", "region": "eastus", "seq_num": 93, "rtt_ms": 17845.72, "verified": true, "status": "forwarded_no_ack", "mode": "isolation"}
{"ts": "2026-06-22T19:15:35.536597+00:00", "level": "metric", "event": "chunk_ack", "role": "benchmark", "region": "eastus", "seq_num": 94, "rtt_ms": 18035.82, "verified": true, "status": "forwarded_no_ack", "mode": "isolation"}
{"ts": "2026-06-22T19:15:35.727778+00:00", "level": "metric", "event": "chunk_ack", "role": "benchmark", "region": "eastus", "seq_num": 95, "rtt_ms": 18226.3, "verified": true, "status": "forwarded_no_ack", "mode": "isolation"}
{"ts": "2026-06-22T19:15:35.918878+00:00", "level": "metric", "event": "chunk_ack", "role": "benchmark", "region": "eastus", "seq_num": 96, "rtt_ms": 18416.67, "verified": true, "status": "forwarded_no_ack", "mode": "isolation"}
{"ts": "2026-06-22T19:15:36.111047+00:00", "level": "metric", "event": "chunk_ack", "role": "benchmark", "region": "eastus", "seq_num": 97, "rtt_ms": 18607.0, "verified": true, "status": "forwarded_no_ack", "mode": "isolation"}
{"ts": "2026-06-22T19:15:36.303619+00:00", "level": "metric", "event": "chunk_ack", "role": "benchmark", "region": "eastus", "seq_num": 98, "rtt_ms": 18798.8, "verified": true, "status": "forwarded_no_ack", "mode": "isolation"}
{"ts": "2026-06-22T19:15:36.495027+00:00", "level": "metric", "event": "chunk_ack", "role": "benchmark", "region": "eastus", "seq_num": 99, "rtt_ms": 18989.79, "verified": true, "status": "forwarded_no_ack", "mode": "isolation"}
{"ts": "2026-06-22T19:15:36.688009+00:00", "level": "metric", "event": "chunk_ack", "role": "benchmark", "region": "eastus", "seq_num": 100, "rtt_ms": 19181.48, "verified": true, "status": "forwarded_no_ack", "mode": "isolation"}
{"ts": "2026-06-22T19:15:36.879275+00:00", "level": "metric", "event": "chunk_ack", "role": "benchmark", "region": "eastus", "seq_num": 101, "rtt_ms": 19372.57, "verified": true, "status": "forwarded_no_ack", "mode": "isolation"}
{"ts": "2026-06-22T19:15:37.070753+00:00", "level": "metric", "event": "chunk_ack", "role": "benchmark", "region": "eastus", "seq_num": 102, "rtt_ms": 19563.45, "verified": true, "status": "forwarded_no_ack", "mode": "isolation"}
{"ts": "2026-06-22T19:15:37.261908+00:00", "level": "metric", "event": "chunk_ack", "role": "benchmark", "region": "eastus", "seq_num": 103, "rtt_ms": 19753.5, "verified": true, "status": "forwarded_no_ack", "mode": "isolation"}
{"ts": "2026-06-22T19:15:37.452854+00:00", "level": "metric", "event": "chunk_ack", "role": "benchmark", "region": "eastus", "seq_num": 104, "rtt_ms": 19943.91, "verified": true, "status": "forwarded_no_ack", "mode": "isolation"}
{"ts": "2026-06-22T19:15:37.644904+00:00", "level": "metric", "event": "chunk_ack", "role": "benchmark", "region": "eastus", "seq_num": 105, "rtt_ms": 20134.0, "verified": true, "status": "forwarded_no_ack", "mode": "isolation"}
{"ts": "2026-06-22T19:15:37.836269+00:00", "level": "metric", "event": "chunk_ack", "role": "benchmark", "region": "eastus", "seq_num": 106, "rtt_ms": 20325.49, "verified": true, "status": "forwarded_no_ack", "mode": "isolation"}
{"ts": "2026-06-22T19:15:38.029093+00:00", "level": "metric", "event": "chunk_ack", "role": "benchmark", "region": "eastus", "seq_num": 107, "rtt_ms": 20516.21, "verified": true, "status": "forwarded_no_ack", "mode": "isolation"}
{"ts": "2026-06-22T19:15:38.220303+00:00", "level": "metric", "event": "chunk_ack", "role": "benchmark", "region": "eastus", "seq_num": 108, "rtt_ms": 20707.6, "verified": true, "status": "forwarded_no_ack", "mode": "isolation"}
{"ts": "2026-06-22T19:15:38.411916+00:00", "level": "metric", "event": "chunk_ack", "role": "benchmark", "region": "eastus", "seq_num": 109, "rtt_ms": 20898.61, "verified": true, "status": "forwarded_no_ack", "mode": "isolation"}
{"ts": "2026-06-22T19:15:38.606996+00:00", "level": "metric", "event": "chunk_ack", "role": "benchmark", "region": "eastus", "seq_num": 110, "rtt_ms": 21089.9, "verified": true, "status": "forwarded_no_ack", "mode": "isolation"}
{"ts": "2026-06-22T19:15:38.805904+00:00", "level": "metric", "event": "chunk_ack", "role": "benchmark", "region": "eastus", "seq_num": 111, "rtt_ms": 21283.01, "verified": true, "status": "forwarded_no_ack", "mode": "isolation"}
{"ts": "2026-06-22T19:15:39.003934+00:00", "level": "metric", "event": "chunk_ack", "role": "benchmark", "region": "eastus", "seq_num": 112, "rtt_ms": 21481.07, "verified": true, "status": "forwarded_no_ack", "mode": "isolation"}
{"ts": "2026-06-22T19:15:39.284657+00:00", "level": "metric", "event": "chunk_ack", "role": "benchmark", "region": "eastus", "seq_num": 113, "rtt_ms": 21678.26, "verified": true, "status": "forwarded_no_ack", "mode": "isolation"}
{"ts": "2026-06-22T19:15:39.477245+00:00", "level": "metric", "event": "chunk_ack", "role": "benchmark", "region": "eastus", "seq_num": 114, "rtt_ms": 21958.46, "verified": true, "status": "forwarded_no_ack", "mode": "isolation"}
{"ts": "2026-06-22T19:15:39.675023+00:00", "level": "metric", "event": "chunk_ack", "role": "benchmark", "region": "eastus", "seq_num": 115, "rtt_ms": 22149.58, "verified": true, "status": "forwarded_no_ack", "mode": "isolation"}
{"ts": "2026-06-22T19:15:39.869015+00:00", "level": "metric", "event": "chunk_ack", "role": "benchmark", "region": "eastus", "seq_num": 116, "rtt_ms": 22346.58, "verified": true, "status": "forwarded_no_ack", "mode": "isolation"}
{"ts": "2026-06-22T19:15:40.061088+00:00", "level": "metric", "event": "chunk_ack", "role": "benchmark", "region": "eastus", "seq_num": 117, "rtt_ms": 22539.9, "verified": true, "status": "forwarded_no_ack", "mode": "isolation"}
{"ts": "2026-06-22T19:15:40.252533+00:00", "level": "metric", "event": "chunk_ack", "role": "benchmark", "region": "eastus", "seq_num": 118, "rtt_ms": 22731.46, "verified": true, "status": "forwarded_no_ack", "mode": "isolation"}
{"ts": "2026-06-22T19:15:40.444632+00:00", "level": "metric", "event": "chunk_ack", "role": "benchmark", "region": "eastus", "seq_num": 119, "rtt_ms": 22922.09, "verified": true, "status": "forwarded_no_ack", "mode": "isolation"}
{"ts": "2026-06-22T19:15:40.636905+00:00", "level": "metric", "event": "chunk_ack", "role": "benchmark", "region": "eastus", "seq_num": 120, "rtt_ms": 23113.09, "verified": true, "status": "forwarded_no_ack", "mode": "isolation"}
{"ts": "2026-06-22T19:15:40.831386+00:00", "level": "metric", "event": "chunk_ack", "role": "benchmark", "region": "eastus", "seq_num": 121, "rtt_ms": 23304.57, "verified": true, "status": "forwarded_no_ack", "mode": "isolation"}
{"ts": "2026-06-22T19:15:41.023780+00:00", "level": "metric", "event": "chunk_ack", "role": "benchmark", "region": "eastus", "seq_num": 122, "rtt_ms": 23497.88, "verified": true, "status": "forwarded_no_ack", "mode": "isolation"}
{"ts": "2026-06-22T19:15:41.216980+00:00", "level": "metric", "event": "chunk_ack", "role": "benchmark", "region": "eastus", "seq_num": 123, "rtt_ms": 23689.9, "verified": true, "status": "forwarded_no_ack", "mode": "isolation"}
{"ts": "2026-06-22T19:15:41.408819+00:00", "level": "metric", "event": "chunk_ack", "role": "benchmark", "region": "eastus", "seq_num": 124, "rtt_ms": 23881.83, "verified": true, "status": "forwarded_no_ack", "mode": "isolation"}
{"ts": "2026-06-22T19:15:41.599575+00:00", "level": "metric", "event": "chunk_ack", "role": "benchmark", "region": "eastus", "seq_num": 125, "rtt_ms": 24072.7, "verified": true, "status": "forwarded_no_ack", "mode": "isolation"}
{"ts": "2026-06-22T19:15:41.793204+00:00", "level": "metric", "event": "chunk_ack", "role": "benchmark", "region": "eastus", "seq_num": 126, "rtt_ms": 24262.43, "verified": true, "status": "forwarded_no_ack", "mode": "isolation"}
{"ts": "2026-06-22T19:15:41.990515+00:00", "level": "metric", "event": "chunk_ack", "role": "benchmark", "region": "eastus", "seq_num": 127, "rtt_ms": 24455.14, "verified": true, "status": "forwarded_no_ack", "mode": "isolation"}
{"ts": "2026-06-22T19:15:42.181293+00:00", "level": "metric", "event": "chunk_ack", "role": "benchmark", "region": "eastus", "seq_num": 128, "rtt_ms": 24651.6, "verified": true, "status": "forwarded_no_ack", "mode": "isolation"}
{"ts": "2026-06-22T19:15:42.378696+00:00", "level": "metric", "event": "chunk_ack", "role": "benchmark", "region": "eastus", "seq_num": 129, "rtt_ms": 24841.41, "verified": true, "status": "forwarded_no_ack", "mode": "isolation"}
{"ts": "2026-06-22T19:15:42.575452+00:00", "level": "metric", "event": "chunk_ack", "role": "benchmark", "region": "eastus", "seq_num": 130, "rtt_ms": 25037.98, "verified": true, "status": "forwarded_no_ack", "mode": "isolation"}
{"ts": "2026-06-22T19:15:42.772134+00:00", "level": "metric", "event": "chunk_ack", "role": "benchmark", "region": "eastus", "seq_num": 131, "rtt_ms": 25233.81, "verified": true, "status": "forwarded_no_ack", "mode": "isolation"}
{"ts": "2026-06-22T19:15:42.965706+00:00", "level": "metric", "event": "chunk_ack", "role": "benchmark", "region": "eastus", "seq_num": 132, "rtt_ms": 25430.1, "verified": true, "status": "forwarded_no_ack", "mode": "isolation"}
{"ts": "2026-06-22T19:15:43.156984+00:00", "level": "metric", "event": "chunk_ack", "role": "benchmark", "region": "eastus", "seq_num": 133, "rtt_ms": 25622.26, "verified": true, "status": "forwarded_no_ack", "mode": "isolation"}
{"ts": "2026-06-22T19:15:43.354192+00:00", "level": "metric", "event": "chunk_ack", "role": "benchmark", "region": "eastus", "seq_num": 134, "rtt_ms": 25812.82, "verified": true, "status": "forwarded_no_ack", "mode": "isolation"}
{"ts": "2026-06-22T19:15:43.547831+00:00", "level": "metric", "event": "chunk_ack", "role": "benchmark", "region": "eastus", "seq_num": 135, "rtt_ms": 26009.67, "verified": true, "status": "forwarded_no_ack", "mode": "isolation"}
{"ts": "2026-06-22T19:15:43.739110+00:00", "level": "metric", "event": "chunk_ack", "role": "benchmark", "region": "eastus", "seq_num": 136, "rtt_ms": 26202.58, "verified": true, "status": "forwarded_no_ack", "mode": "isolation"}
{"ts": "2026-06-22T19:15:43.935027+00:00", "level": "metric", "event": "chunk_ack", "role": "benchmark", "region": "eastus", "seq_num": 137, "rtt_ms": 26392.36, "verified": true, "status": "forwarded_no_ack", "mode": "isolation"}
{"ts": "2026-06-22T19:15:44.135908+00:00", "level": "metric", "event": "chunk_ack", "role": "benchmark", "region": "eastus", "seq_num": 138, "rtt_ms": 26587.43, "verified": true, "status": "forwarded_no_ack", "mode": "isolation"}
{"ts": "2026-06-22T19:15:44.332840+00:00", "level": "metric", "event": "chunk_ack", "role": "benchmark", "region": "eastus", "seq_num": 139, "rtt_ms": 26787.74, "verified": true, "status": "forwarded_no_ack", "mode": "isolation"}
{"ts": "2026-06-22T19:15:44.524152+00:00", "level": "metric", "event": "chunk_ack", "role": "benchmark", "region": "eastus", "seq_num": 140, "rtt_ms": 26983.25, "verified": true, "status": "forwarded_no_ack", "mode": "isolation"}
{"ts": "2026-06-22T19:15:44.715212+00:00", "level": "metric", "event": "chunk_ack", "role": "benchmark", "region": "eastus", "seq_num": 141, "rtt_ms": 27173.58, "verified": true, "status": "forwarded_no_ack", "mode": "isolation"}
{"ts": "2026-06-22T19:15:44.907547+00:00", "level": "metric", "event": "chunk_ack", "role": "benchmark", "region": "eastus", "seq_num": 142, "rtt_ms": 27364.07, "verified": true, "status": "forwarded_no_ack", "mode": "isolation"}
{"ts": "2026-06-22T19:15:45.100457+00:00", "level": "metric", "event": "chunk_ack", "role": "benchmark", "region": "eastus", "seq_num": 143, "rtt_ms": 27555.3, "verified": true, "status": "forwarded_no_ack", "mode": "isolation"}
{"ts": "2026-06-22T19:15:45.291961+00:00", "level": "metric", "event": "chunk_ack", "role": "benchmark", "region": "eastus", "seq_num": 144, "rtt_ms": 27747.72, "verified": true, "status": "forwarded_no_ack", "mode": "isolation"}
{"ts": "2026-06-22T19:15:45.482614+00:00", "level": "metric", "event": "chunk_ack", "role": "benchmark", "region": "eastus", "seq_num": 145, "rtt_ms": 27937.95, "verified": true, "status": "error", "mode": "isolation"}
{"ts": "2026-06-22T19:15:45.674284+00:00", "level": "metric", "event": "chunk_ack", "role": "benchmark", "region": "eastus", "seq_num": 146, "rtt_ms": 28128.1, "verified": true, "status": "forwarded_no_ack", "mode": "isolation"}
{"ts": "2026-06-22T19:15:45.875731+00:00", "level": "metric", "event": "chunk_ack", "role": "benchmark", "region": "eastus", "seq_num": 147, "rtt_ms": 28318.58, "verified": true, "status": "forwarded_no_ack", "mode": "isolation"}
{"ts": "2026-06-22T19:15:46.067872+00:00", "level": "metric", "event": "chunk_ack", "role": "benchmark", "region": "eastus", "seq_num": 148, "rtt_ms": 28520.12, "verified": true, "status": "forwarded_no_ack", "mode": "isolation"}
{"ts": "2026-06-22T19:15:46.258584+00:00", "level": "metric", "event": "chunk_ack", "role": "benchmark", "region": "eastus", "seq_num": 149, "rtt_ms": 28710.4, "verified": true, "status": "forwarded_no_ack", "mode": "isolation"}
{"ts": "2026-06-22T19:15:46.451161+00:00", "level": "metric", "event": "chunk_ack", "role": "benchmark", "region": "eastus", "seq_num": 150, "rtt_ms": 28900.28, "verified": true, "status": "forwarded_no_ack", "mode": "isolation"}
{"ts": "2026-06-22T19:15:46.642758+00:00", "level": "metric", "event": "chunk_ack", "role": "benchmark", "region": "eastus", "seq_num": 151, "rtt_ms": 29092.56, "verified": true, "status": "forwarded_no_ack", "mode": "isolation"}
{"ts": "2026-06-22T19:15:46.834316+00:00", "level": "metric", "event": "chunk_ack", "role": "benchmark", "region": "eastus", "seq_num": 152, "rtt_ms": 29282.93, "verified": true, "status": "forwarded_no_ack", "mode": "isolation"}
{"ts": "2026-06-22T19:15:47.028375+00:00", "level": "metric", "event": "chunk_ack", "role": "benchmark", "region": "eastus", "seq_num": 153, "rtt_ms": 29473.29, "verified": true, "status": "forwarded_no_ack", "mode": "isolation"}
{"ts": "2026-06-22T19:15:47.219661+00:00", "level": "metric", "event": "chunk_ack", "role": "benchmark", "region": "eastus", "seq_num": 154, "rtt_ms": 29666.94, "verified": true, "status": "forwarded_no_ack", "mode": "isolation"}
{"ts": "2026-06-22T19:15:47.420609+00:00", "level": "metric", "event": "chunk_ack", "role": "benchmark", "region": "eastus", "seq_num": 155, "rtt_ms": 29856.87, "verified": true, "status": "forwarded_no_ack", "mode": "isolation"}
{"ts": "2026-06-22T19:15:47.613671+00:00", "level": "metric", "event": "chunk_ack", "role": "benchmark", "region": "eastus", "seq_num": 156, "rtt_ms": 30057.79, "verified": true, "status": "forwarded_no_ack", "mode": "isolation"}
{"ts": "2026-06-22T19:15:47.804257+00:00", "level": "metric", "event": "chunk_ack", "role": "benchmark", "region": "eastus", "seq_num": 157, "rtt_ms": 30249.14, "verified": true, "status": "forwarded_no_ack", "mode": "isolation"}
{"ts": "2026-06-22T19:15:47.995077+00:00", "level": "metric", "event": "chunk_ack", "role": "benchmark", "region": "eastus", "seq_num": 158, "rtt_ms": 30438.71, "verified": true, "status": "forwarded_no_ack", "mode": "isolation"}
{"ts": "2026-06-22T19:15:48.186149+00:00", "level": "metric", "event": "chunk_ack", "role": "benchmark", "region": "eastus", "seq_num": 159, "rtt_ms": 30628.83, "verified": true, "status": "forwarded_no_ack", "mode": "isolation"}
{"ts": "2026-06-22T19:15:48.377895+00:00", "level": "metric", "event": "chunk_ack", "role": "benchmark", "region": "eastus", "seq_num": 160, "rtt_ms": 30819.35, "verified": true, "status": "forwarded_no_ack", "mode": "isolation"}
{"ts": "2026-06-22T19:15:48.568612+00:00", "level": "metric", "event": "chunk_ack", "role": "benchmark", "region": "eastus", "seq_num": 161, "rtt_ms": 31009.95, "verified": true, "status": "forwarded_no_ack", "mode": "isolation"}
{"ts": "2026-06-22T19:15:48.760089+00:00", "level": "metric", "event": "chunk_ack", "role": "benchmark", "region": "eastus", "seq_num": 162, "rtt_ms": 31199.74, "verified": true, "status": "forwarded_no_ack", "mode": "isolation"}
{"ts": "2026-06-22T19:15:48.951360+00:00", "level": "metric", "event": "chunk_ack", "role": "benchmark", "region": "eastus", "seq_num": 163, "rtt_ms": 31390.35, "verified": true, "status": "forwarded_no_ack", "mode": "isolation"}
{"ts": "2026-06-22T19:15:49.143256+00:00", "level": "metric", "event": "chunk_ack", "role": "benchmark", "region": "eastus", "seq_num": 164, "rtt_ms": 31581.4, "verified": true, "status": "forwarded_no_ack", "mode": "isolation"}
{"ts": "2026-06-22T19:15:49.335546+00:00", "level": "metric", "event": "chunk_ack", "role": "benchmark", "region": "eastus", "seq_num": 165, "rtt_ms": 31771.82, "verified": true, "status": "forwarded_no_ack", "mode": "isolation"}
{"ts": "2026-06-22T19:15:49.527309+00:00", "level": "metric", "event": "chunk_ack", "role": "benchmark", "region": "eastus", "seq_num": 166, "rtt_ms": 31962.56, "verified": true, "status": "forwarded_no_ack", "mode": "isolation"}
{"ts": "2026-06-22T19:15:49.718506+00:00", "level": "metric", "event": "chunk_ack", "role": "benchmark", "region": "eastus", "seq_num": 167, "rtt_ms": 32152.53, "verified": true, "status": "forwarded_no_ack", "mode": "isolation"}
{"ts": "2026-06-22T19:15:49.910387+00:00", "level": "metric", "event": "chunk_ack", "role": "benchmark", "region": "eastus", "seq_num": 168, "rtt_ms": 32343.08, "verified": true, "status": "forwarded_no_ack", "mode": "isolation"}
{"ts": "2026-06-22T19:15:50.101601+00:00", "level": "metric", "event": "chunk_ack", "role": "benchmark", "region": "eastus", "seq_num": 169, "rtt_ms": 32533.7, "verified": true, "status": "forwarded_no_ack", "mode": "isolation"}
{"ts": "2026-06-22T19:15:50.293237+00:00", "level": "metric", "event": "chunk_ack", "role": "benchmark", "region": "eastus", "seq_num": 170, "rtt_ms": 32724.17, "verified": true, "status": "forwarded_no_ack", "mode": "isolation"}
{"ts": "2026-06-22T19:15:50.485152+00:00", "level": "metric", "event": "chunk_ack", "role": "benchmark", "region": "eastus", "seq_num": 171, "rtt_ms": 32914.43, "verified": true, "status": "forwarded_no_ack", "mode": "isolation"}
{"ts": "2026-06-22T19:15:50.676601+00:00", "level": "metric", "event": "chunk_ack", "role": "benchmark", "region": "eastus", "seq_num": 172, "rtt_ms": 33105.62, "verified": true, "status": "forwarded_no_ack", "mode": "isolation"}
{"ts": "2026-06-22T19:15:50.867570+00:00", "level": "metric", "event": "chunk_ack", "role": "benchmark", "region": "eastus", "seq_num": 173, "rtt_ms": 33295.77, "verified": true, "status": "forwarded_no_ack", "mode": "isolation"}
{"ts": "2026-06-22T19:15:51.059428+00:00", "level": "metric", "event": "chunk_ack", "role": "benchmark", "region": "eastus", "seq_num": 174, "rtt_ms": 33486.22, "verified": true, "status": "forwarded_no_ack", "mode": "isolation"}
{"ts": "2026-06-22T19:15:51.250424+00:00", "level": "metric", "event": "chunk_ack", "role": "benchmark", "region": "eastus", "seq_num": 175, "rtt_ms": 33676.75, "verified": true, "status": "forwarded_no_ack", "mode": "isolation"}
{"ts": "2026-06-22T19:15:51.441236+00:00", "level": "metric", "event": "chunk_ack", "role": "benchmark", "region": "eastus", "seq_num": 176, "rtt_ms": 33866.75, "verified": true, "status": "forwarded_no_ack", "mode": "isolation"}
{"ts": "2026-06-22T19:15:51.631921+00:00", "level": "metric", "event": "chunk_ack", "role": "benchmark", "region": "eastus", "seq_num": 177, "rtt_ms": 34056.79, "verified": true, "status": "forwarded_no_ack", "mode": "isolation"}
{"ts": "2026-06-22T19:15:51.823060+00:00", "level": "metric", "event": "chunk_ack", "role": "benchmark", "region": "eastus", "seq_num": 178, "rtt_ms": 34246.49, "verified": true, "status": "forwarded_no_ack", "mode": "isolation"}
{"ts": "2026-06-22T19:15:52.021779+00:00", "level": "metric", "event": "chunk_ack", "role": "benchmark", "region": "eastus", "seq_num": 179, "rtt_ms": 34436.91, "verified": true, "status": "forwarded_no_ack", "mode": "isolation"}
{"ts": "2026-06-22T19:15:52.212721+00:00", "level": "metric", "event": "chunk_ack", "role": "benchmark", "region": "eastus", "seq_num": 180, "rtt_ms": 34634.98, "verified": true, "status": "forwarded_no_ack", "mode": "isolation"}
{"ts": "2026-06-22T19:15:52.417037+00:00", "level": "metric", "event": "chunk_ack", "role": "benchmark", "region": "eastus", "seq_num": 181, "rtt_ms": 34824.84, "verified": true, "status": "forwarded_no_ack", "mode": "isolation"}
{"ts": "2026-06-22T19:15:52.608100+00:00", "level": "metric", "event": "chunk_ack", "role": "benchmark", "region": "eastus", "seq_num": 182, "rtt_ms": 35028.22, "verified": true, "status": "forwarded_no_ack", "mode": "isolation"}
{"ts": "2026-06-22T19:15:52.798951+00:00", "level": "metric", "event": "chunk_ack", "role": "benchmark", "region": "eastus", "seq_num": 183, "rtt_ms": 35218.33, "verified": true, "status": "forwarded_no_ack", "mode": "isolation"}
{"ts": "2026-06-22T19:15:53.003739+00:00", "level": "metric", "event": "chunk_ack", "role": "benchmark", "region": "eastus", "seq_num": 184, "rtt_ms": 35408.53, "verified": true, "status": "forwarded_no_ack", "mode": "isolation"}
{"ts": "2026-06-22T19:15:53.194981+00:00", "level": "metric", "event": "chunk_ack", "role": "benchmark", "region": "eastus", "seq_num": 185, "rtt_ms": 35612.25, "verified": true, "status": "forwarded_no_ack", "mode": "isolation"}
{"ts": "2026-06-22T19:15:53.385934+00:00", "level": "metric", "event": "chunk_ack", "role": "benchmark", "region": "eastus", "seq_num": 186, "rtt_ms": 35802.63, "verified": true, "status": "forwarded_no_ack", "mode": "isolation"}
{"ts": "2026-06-22T19:15:53.577070+00:00", "level": "metric", "event": "chunk_ack", "role": "benchmark", "region": "eastus", "seq_num": 187, "rtt_ms": 35992.82, "verified": true, "status": "forwarded_no_ack", "mode": "isolation"}
{"ts": "2026-06-22T19:15:53.770446+00:00", "level": "metric", "event": "chunk_ack", "role": "benchmark", "region": "eastus", "seq_num": 188, "rtt_ms": 36183.42, "verified": true, "status": "forwarded_no_ack", "mode": "isolation"}
{"ts": "2026-06-22T19:15:53.961124+00:00", "level": "metric", "event": "chunk_ack", "role": "benchmark", "region": "eastus", "seq_num": 189, "rtt_ms": 36375.69, "verified": true, "status": "forwarded_no_ack", "mode": "isolation"}
{"ts": "2026-06-22T19:15:54.152548+00:00", "level": "metric", "event": "chunk_ack", "role": "benchmark", "region": "eastus", "seq_num": 190, "rtt_ms": 36565.45, "verified": true, "status": "forwarded_no_ack", "mode": "isolation"}
{"ts": "2026-06-22T19:15:54.343861+00:00", "level": "metric", "event": "chunk_ack", "role": "benchmark", "region": "eastus", "seq_num": 191, "rtt_ms": 36756.07, "verified": true, "status": "forwarded_no_ack", "mode": "isolation"}
{"ts": "2026-06-22T19:15:54.534675+00:00", "level": "metric", "event": "chunk_ack", "role": "benchmark", "region": "eastus", "seq_num": 192, "rtt_ms": 36946.49, "verified": true, "status": "forwarded_no_ack", "mode": "isolation"}
{"ts": "2026-06-22T19:15:54.725668+00:00", "level": "metric", "event": "chunk_ack", "role": "benchmark", "region": "eastus", "seq_num": 193, "rtt_ms": 37136.56, "verified": true, "status": "forwarded_no_ack", "mode": "isolation"}
{"ts": "2026-06-22T19:15:54.916426+00:00", "level": "metric", "event": "chunk_ack", "role": "benchmark", "region": "eastus", "seq_num": 194, "rtt_ms": 37326.65, "verified": true, "status": "forwarded_no_ack", "mode": "isolation"}
{"ts": "2026-06-22T19:15:55.109084+00:00", "level": "metric", "event": "chunk_ack", "role": "benchmark", "region": "eastus", "seq_num": 195, "rtt_ms": 37516.75, "verified": true, "status": "forwarded_no_ack", "mode": "isolation"}
{"ts": "2026-06-22T19:15:55.300344+00:00", "level": "metric", "event": "chunk_ack", "role": "benchmark", "region": "eastus", "seq_num": 196, "rtt_ms": 37708.4, "verified": true, "status": "forwarded_no_ack", "mode": "isolation"}
{"ts": "2026-06-22T19:15:55.491768+00:00", "level": "metric", "event": "chunk_ack", "role": "benchmark", "region": "eastus", "seq_num": 197, "rtt_ms": 37899.3, "verified": true, "status": "forwarded_no_ack", "mode": "isolation"}
{"ts": "2026-06-22T19:15:55.682678+00:00", "level": "metric", "event": "chunk_ack", "role": "benchmark", "region": "eastus", "seq_num": 198, "rtt_ms": 38089.36, "verified": true, "status": "forwarded_no_ack", "mode": "isolation"}
{"ts": "2026-06-22T19:15:55.873545+00:00", "level": "metric", "event": "chunk_ack", "role": "benchmark", "region": "eastus", "seq_num": 199, "rtt_ms": 38279.55, "verified": true, "status": "forwarded_no_ack", "mode": "isolation"}
{"ts": "2026-06-22T19:15:56.064395+00:00", "level": "metric", "event": "chunk_ack", "role": "benchmark", "region": "eastus", "seq_num": 200, "rtt_ms": 38469.53, "verified": true, "status": "forwarded_no_ack", "mode": "isolation"}
{"ts": "2026-06-22T19:15:56.256087+00:00", "level": "metric", "event": "chunk_ack", "role": "benchmark", "region": "eastus", "seq_num": 201, "rtt_ms": 38660.0, "verified": true, "status": "forwarded_no_ack", "mode": "isolation"}
{"ts": "2026-06-22T19:15:56.447051+00:00", "level": "metric", "event": "chunk_ack", "role": "benchmark", "region": "eastus", "seq_num": 202, "rtt_ms": 38850.14, "verified": true, "status": "forwarded_no_ack", "mode": "isolation"}
{"ts": "2026-06-22T19:15:56.638354+00:00", "level": "metric", "event": "chunk_ack", "role": "benchmark", "region": "eastus", "seq_num": 203, "rtt_ms": 39040.44, "verified": true, "status": "forwarded_no_ack", "mode": "isolation"}
{"ts": "2026-06-22T19:15:56.835193+00:00", "level": "metric", "event": "chunk_ack", "role": "benchmark", "region": "eastus", "seq_num": 204, "rtt_ms": 39231.09, "verified": true, "status": "forwarded_no_ack", "mode": "isolation"}
{"ts": "2026-06-22T19:15:57.033236+00:00", "level": "info", "event": "mode_complete", "role": "benchmark", "region": "eastus", "mode": "isolation", "avg_rtt_ms": 20074.106, "p99_rtt_ms": 38850.144, "throughput_mbps": 0.02, "verified_pct": 100.0}
{"ts": "2026-06-22T19:15:57.033336+00:00", "level": "info", "event": "mode_started", "role": "benchmark", "region": "eastus", "mode": "superposition"}
{"ts": "2026-06-22T19:15:58.379486+00:00", "level": "metric", "event": "chunk_ack", "role": "benchmark", "region": "eastus", "seq_num": 0, "rtt_ms": 158.92, "verified": true, "status": "forwarded_no_ack", "mode": "superposition"}
{"ts": "2026-06-22T19:15:58.530441+00:00", "level": "metric", "event": "chunk_ack", "role": "benchmark", "region": "eastus", "seq_num": 1, "rtt_ms": 304.48, "verified": true, "status": "forwarded_no_ack", "mode": "superposition"}
{"ts": "2026-06-22T19:15:58.678027+00:00", "level": "metric", "event": "chunk_ack", "role": "benchmark", "region": "eastus", "seq_num": 2, "rtt_ms": 451.28, "verified": true, "status": "forwarded_no_ack", "mode": "superposition"}
{"ts": "2026-06-22T19:15:58.833831+00:00", "level": "metric", "event": "chunk_ack", "role": "benchmark", "region": "eastus", "seq_num": 3, "rtt_ms": 606.4, "verified": true, "status": "forwarded_no_ack", "mode": "superposition"}
{"ts": "2026-06-22T19:15:58.982282+00:00", "level": "metric", "event": "chunk_ack", "role": "benchmark", "region": "eastus", "seq_num": 4, "rtt_ms": 754.05, "verified": true, "status": "forwarded_no_ack", "mode": "superposition"}
{"ts": "2026-06-22T19:15:59.325139+00:00", "level": "metric", "event": "chunk_ack", "role": "benchmark", "region": "eastus", "seq_num": 5, "rtt_ms": 900.01, "verified": true, "status": "forwarded_no_ack", "mode": "superposition"}
{"ts": "2026-06-22T19:15:59.516609+00:00", "level": "metric", "event": "chunk_ack", "role": "benchmark", "region": "eastus", "seq_num": 6, "rtt_ms": 1095.7, "verified": true, "status": "forwarded_no_ack", "mode": "superposition"}
{"ts": "2026-06-22T19:15:59.715973+00:00", "level": "metric", "event": "chunk_ack", "role": "benchmark", "region": "eastus", "seq_num": 7, "rtt_ms": 1286.55, "verified": true, "status": "forwarded_no_ack", "mode": "superposition"}
{"ts": "2026-06-22T19:15:59.908941+00:00", "level": "metric", "event": "chunk_ack", "role": "benchmark", "region": "eastus", "seq_num": 8, "rtt_ms": 1485.21, "verified": true, "status": "forwarded_no_ack", "mode": "superposition"}
{"ts": "2026-06-22T19:16:00.100045+00:00", "level": "metric", "event": "chunk_ack", "role": "benchmark", "region": "eastus", "seq_num": 9, "rtt_ms": 1677.4, "verified": true, "status": "forwarded_no_ack", "mode": "superposition"}
{"ts": "2026-06-22T19:16:00.315056+00:00", "level": "metric", "event": "chunk_ack", "role": "benchmark", "region": "eastus", "seq_num": 10, "rtt_ms": 1868.75, "verified": true, "status": "forwarded_no_ack", "mode": "superposition"}
{"ts": "2026-06-22T19:16:00.506044+00:00", "level": "metric", "event": "chunk_ack", "role": "benchmark", "region": "eastus", "seq_num": 11, "rtt_ms": 2082.16, "verified": true, "status": "forwarded_no_ack", "mode": "superposition"}
{"ts": "2026-06-22T19:16:00.697196+00:00", "level": "metric", "event": "chunk_ack", "role": "benchmark", "region": "eastus", "seq_num": 12, "rtt_ms": 2272.41, "verified": true, "status": "forwarded_no_ack", "mode": "superposition"}
{"ts": "2026-06-22T19:16:00.889900+00:00", "level": "metric", "event": "chunk_ack", "role": "benchmark", "region": "eastus", "seq_num": 13, "rtt_ms": 2463.26, "verified": true, "status": "forwarded_no_ack", "mode": "superposition"}
{"ts": "2026-06-22T19:16:01.081364+00:00", "level": "metric", "event": "chunk_ack", "role": "benchmark", "region": "eastus", "seq_num": 14, "rtt_ms": 2654.9, "verified": true, "status": "forwarded_no_ack", "mode": "superposition"}
{"ts": "2026-06-22T19:16:01.272497+00:00", "level": "metric", "event": "chunk_ack", "role": "benchmark", "region": "eastus", "seq_num": 15, "rtt_ms": 2846.25, "verified": true, "status": "forwarded_no_ack", "mode": "superposition"}
{"ts": "2026-06-22T19:16:01.463259+00:00", "level": "metric", "event": "chunk_ack", "role": "benchmark", "region": "eastus", "seq_num": 16, "rtt_ms": 3036.13, "verified": true, "status": "error", "mode": "superposition"}
{"ts": "2026-06-22T19:16:01.654075+00:00", "level": "metric", "event": "chunk_ack", "role": "benchmark", "region": "eastus", "seq_num": 17, "rtt_ms": 3226.2, "verified": true, "status": "forwarded_no_ack", "mode": "superposition"}
{"ts": "2026-06-22T19:16:01.845158+00:00", "level": "metric", "event": "chunk_ack", "role": "benchmark", "region": "eastus", "seq_num": 18, "rtt_ms": 3416.43, "verified": true, "status": "forwarded_no_ack", "mode": "superposition"}
{"ts": "2026-06-22T19:16:02.037167+00:00", "level": "metric", "event": "chunk_ack", "role": "benchmark", "region": "eastus", "seq_num": 19, "rtt_ms": 3606.8, "verified": true, "status": "forwarded_no_ack", "mode": "superposition"}
{"ts": "2026-06-22T19:16:02.234962+00:00", "level": "metric", "event": "chunk_ack", "role": "benchmark", "region": "eastus", "seq_num": 20, "rtt_ms": 3796.85, "verified": true, "status": "forwarded_no_ack", "mode": "superposition"}
{"ts": "2026-06-22T19:16:02.434425+00:00", "level": "metric", "event": "chunk_ack", "role": "benchmark", "region": "eastus", "seq_num": 21, "rtt_ms": 3993.97, "verified": true, "status": "forwarded_no_ack", "mode": "superposition"}
{"ts": "2026-06-22T19:16:02.631854+00:00", "level": "metric", "event": "chunk_ack", "role": "benchmark", "region": "eastus", "seq_num": 22, "rtt_ms": 4199.05, "verified": true, "status": "forwarded_no_ack", "mode": "superposition"}
{"ts": "2026-06-22T19:16:02.823117+00:00", "level": "metric", "event": "chunk_ack", "role": "benchmark", "region": "eastus", "seq_num": 23, "rtt_ms": 4389.49, "verified": true, "status": "forwarded_no_ack", "mode": "superposition"}
{"ts": "2026-06-22T19:16:03.037592+00:00", "level": "metric", "event": "chunk_ack", "role": "benchmark", "region": "eastus", "seq_num": 24, "rtt_ms": 4579.98, "verified": true, "status": "forwarded_no_ack", "mode": "superposition"}
{"ts": "2026-06-22T19:16:03.235468+00:00", "level": "metric", "event": "chunk_ack", "role": "benchmark", "region": "eastus", "seq_num": 25, "rtt_ms": 4793.76, "verified": true, "status": "forwarded_no_ack", "mode": "superposition"}
{"ts": "2026-06-22T19:16:03.428263+00:00", "level": "metric", "event": "chunk_ack", "role": "benchmark", "region": "eastus", "seq_num": 26, "rtt_ms": 4990.61, "verified": true, "status": "forwarded_no_ack", "mode": "superposition"}
{"ts": "2026-06-22T19:16:03.619223+00:00", "level": "metric", "event": "chunk_ack", "role": "benchmark", "region": "eastus", "seq_num": 27, "rtt_ms": 5182.4, "verified": true, "status": "forwarded_no_ack", "mode": "superposition"}
{"ts": "2026-06-22T19:16:03.810386+00:00", "level": "metric", "event": "chunk_ack", "role": "benchmark", "region": "eastus", "seq_num": 28, "rtt_ms": 5372.83, "verified": true, "status": "forwarded_no_ack", "mode": "superposition"}
{"ts": "2026-06-22T19:16:04.002218+00:00", "level": "metric", "event": "chunk_ack", "role": "benchmark", "region": "eastus", "seq_num": 29, "rtt_ms": 5563.17, "verified": true, "status": "forwarded_no_ack", "mode": "superposition"}
{"ts": "2026-06-22T19:16:04.194856+00:00", "level": "metric", "event": "chunk_ack", "role": "benchmark", "region": "eastus", "seq_num": 30, "rtt_ms": 5754.25, "verified": true, "status": "forwarded_no_ack", "mode": "superposition"}
{"ts": "2026-06-22T19:16:04.388487+00:00", "level": "metric", "event": "chunk_ack", "role": "benchmark", "region": "eastus", "seq_num": 31, "rtt_ms": 5946.53, "verified": true, "status": "forwarded_no_ack", "mode": "superposition"}
{"ts": "2026-06-22T19:16:04.579856+00:00", "level": "metric", "event": "chunk_ack", "role": "benchmark", "region": "eastus", "seq_num": 32, "rtt_ms": 6139.1, "verified": true, "status": "forwarded_no_ack", "mode": "superposition"}
{"ts": "2026-06-22T19:16:04.771577+00:00", "level": "metric", "event": "chunk_ack", "role": "benchmark", "region": "eastus", "seq_num": 33, "rtt_ms": 6330.5, "verified": true, "status": "forwarded_no_ack", "mode": "superposition"}
{"ts": "2026-06-22T19:16:05.055060+00:00", "level": "metric", "event": "chunk_ack", "role": "benchmark", "region": "eastus", "seq_num": 34, "rtt_ms": 6521.15, "verified": true, "status": "forwarded_no_ack", "mode": "superposition"}
{"ts": "2026-06-22T19:16:05.245863+00:00", "level": "metric", "event": "chunk_ack", "role": "benchmark", "region": "eastus", "seq_num": 35, "rtt_ms": 6803.74, "verified": true, "status": "forwarded_no_ack", "mode": "superposition"}
{"ts": "2026-06-22T19:16:05.437571+00:00", "level": "metric", "event": "chunk_ack", "role": "benchmark", "region": "eastus", "seq_num": 36, "rtt_ms": 6994.34, "verified": true, "status": "forwarded_no_ack", "mode": "superposition"}
{"ts": "2026-06-22T19:16:05.632105+00:00", "level": "metric", "event": "chunk_ack", "role": "benchmark", "region": "eastus", "seq_num": 37, "rtt_ms": 7185.82, "verified": true, "status": "forwarded_no_ack", "mode": "superposition"}
{"ts": "2026-06-22T19:16:05.823813+00:00", "level": "metric", "event": "chunk_ack", "role": "benchmark", "region": "eastus", "seq_num": 38, "rtt_ms": 7378.73, "verified": true, "status": "forwarded_no_ack", "mode": "superposition"}
{"ts": "2026-06-22T19:16:06.015246+00:00", "level": "metric", "event": "chunk_ack", "role": "benchmark", "region": "eastus", "seq_num": 39, "rtt_ms": 7570.07, "verified": true, "status": "forwarded_no_ack", "mode": "superposition"}
{"ts": "2026-06-22T19:16:06.207937+00:00", "level": "metric", "event": "chunk_ack", "role": "benchmark", "region": "eastus", "seq_num": 40, "rtt_ms": 7760.58, "verified": true, "status": "forwarded_no_ack", "mode": "superposition"}
{"ts": "2026-06-22T19:16:06.400083+00:00", "level": "metric", "event": "chunk_ack", "role": "benchmark", "region": "eastus", "seq_num": 41, "rtt_ms": 7952.39, "verified": true, "status": "forwarded_no_ack", "mode": "superposition"}
{"ts": "2026-06-22T19:16:06.590924+00:00", "level": "metric", "event": "chunk_ack", "role": "benchmark", "region": "eastus", "seq_num": 42, "rtt_ms": 8143.71, "verified": true, "status": "forwarded_no_ack", "mode": "superposition"}
{"ts": "2026-06-22T19:16:06.781568+00:00", "level": "metric", "event": "chunk_ack", "role": "benchmark", "region": "eastus", "seq_num": 43, "rtt_ms": 8333.6, "verified": true, "status": "forwarded_no_ack", "mode": "superposition"}
{"ts": "2026-06-22T19:16:06.973022+00:00", "level": "metric", "event": "chunk_ack", "role": "benchmark", "region": "eastus", "seq_num": 44, "rtt_ms": 8524.13, "verified": true, "status": "forwarded_no_ack", "mode": "superposition"}
{"ts": "2026-06-22T19:16:07.167043+00:00", "level": "metric", "event": "chunk_ack", "role": "benchmark", "region": "eastus", "seq_num": 45, "rtt_ms": 8714.13, "verified": true, "status": "forwarded_no_ack", "mode": "superposition"}
{"ts": "2026-06-22T19:16:07.360559+00:00", "level": "metric", "event": "chunk_ack", "role": "benchmark", "region": "eastus", "seq_num": 46, "rtt_ms": 8907.45, "verified": true, "status": "forwarded_no_ack", "mode": "superposition"}
{"ts": "2026-06-22T19:16:07.551760+00:00", "level": "metric", "event": "chunk_ack", "role": "benchmark", "region": "eastus", "seq_num": 47, "rtt_ms": 9100.36, "verified": true, "status": "forwarded_no_ack", "mode": "superposition"}
{"ts": "2026-06-22T19:16:07.743781+00:00", "level": "metric", "event": "chunk_ack", "role": "benchmark", "region": "eastus", "seq_num": 48, "rtt_ms": 9290.85, "verified": true, "status": "forwarded_no_ack", "mode": "superposition"}
{"ts": "2026-06-22T19:16:07.934898+00:00", "level": "metric", "event": "chunk_ack", "role": "benchmark", "region": "eastus", "seq_num": 49, "rtt_ms": 9482.15, "verified": true, "status": "forwarded_no_ack", "mode": "superposition"}
{"ts": "2026-06-22T19:16:08.125947+00:00", "level": "metric", "event": "chunk_ack", "role": "benchmark", "region": "eastus", "seq_num": 50, "rtt_ms": 9672.37, "verified": true, "status": "forwarded_no_ack", "mode": "superposition"}
{"ts": "2026-06-22T19:16:08.317005+00:00", "level": "metric", "event": "chunk_ack", "role": "benchmark", "region": "eastus", "seq_num": 51, "rtt_ms": 9862.96, "verified": true, "status": "forwarded_no_ack", "mode": "superposition"}
{"ts": "2026-06-22T19:16:08.508035+00:00", "level": "metric", "event": "chunk_ack", "role": "benchmark", "region": "eastus", "seq_num": 52, "rtt_ms": 10053.64, "verified": true, "status": "forwarded_no_ack", "mode": "superposition"}
{"ts": "2026-06-22T19:16:08.698934+00:00", "level": "metric", "event": "chunk_ack", "role": "benchmark", "region": "eastus", "seq_num": 53, "rtt_ms": 10243.45, "verified": true, "status": "forwarded_no_ack", "mode": "superposition"}
{"ts": "2026-06-22T19:16:08.891171+00:00", "level": "metric", "event": "chunk_ack", "role": "benchmark", "region": "eastus", "seq_num": 54, "rtt_ms": 10433.99, "verified": true, "status": "forwarded_no_ack", "mode": "superposition"}
{"ts": "2026-06-22T19:16:09.082040+00:00", "level": "metric", "event": "chunk_ack", "role": "benchmark", "region": "eastus", "seq_num": 55, "rtt_ms": 10625.28, "verified": true, "status": "forwarded_no_ack", "mode": "superposition"}
{"ts": "2026-06-22T19:16:09.272763+00:00", "level": "metric", "event": "chunk_ack", "role": "benchmark", "region": "eastus", "seq_num": 56, "rtt_ms": 10815.37, "verified": true, "status": "forwarded_no_ack", "mode": "superposition"}
{"ts": "2026-06-22T19:16:09.463294+00:00", "level": "metric", "event": "chunk_ack", "role": "benchmark", "region": "eastus", "seq_num": 57, "rtt_ms": 11005.44, "verified": true, "status": "forwarded_no_ack", "mode": "superposition"}
{"ts": "2026-06-22T19:16:09.654096+00:00", "level": "metric", "event": "chunk_ack", "role": "benchmark", "region": "eastus", "seq_num": 58, "rtt_ms": 11195.27, "verified": true, "status": "forwarded_no_ack", "mode": "superposition"}
{"ts": "2026-06-22T19:16:09.909711+00:00", "level": "metric", "event": "chunk_ack", "role": "benchmark", "region": "eastus", "seq_num": 59, "rtt_ms": 11385.38, "verified": true, "status": "forwarded_no_ack", "mode": "superposition"}
{"ts": "2026-06-22T19:16:10.128075+00:00", "level": "metric", "event": "chunk_ack", "role": "benchmark", "region": "eastus", "seq_num": 60, "rtt_ms": 11640.25, "verified": true, "status": "forwarded_no_ack", "mode": "superposition"}
{"ts": "2026-06-22T19:16:10.319244+00:00", "level": "metric", "event": "chunk_ack", "role": "benchmark", "region": "eastus", "seq_num": 61, "rtt_ms": 11858.41, "verified": true, "status": "forwarded_no_ack", "mode": "superposition"}
{"ts": "2026-06-22T19:16:10.510027+00:00", "level": "metric", "event": "chunk_ack", "role": "benchmark", "region": "eastus", "seq_num": 62, "rtt_ms": 12048.5, "verified": true, "status": "forwarded_no_ack", "mode": "superposition"}
{"ts": "2026-06-22T19:16:10.701674+00:00", "level": "metric", "event": "chunk_ack", "role": "benchmark", "region": "eastus", "seq_num": 63, "rtt_ms": 12239.02, "verified": true, "status": "forwarded_no_ack", "mode": "superposition"}
{"ts": "2026-06-22T19:16:10.892603+00:00", "level": "metric", "event": "chunk_ack", "role": "benchmark", "region": "eastus", "seq_num": 64, "rtt_ms": 12429.89, "verified": true, "status": "forwarded_no_ack", "mode": "superposition"}
{"ts": "2026-06-22T19:16:11.085300+00:00", "level": "metric", "event": "chunk_ack", "role": "benchmark", "region": "eastus", "seq_num": 65, "rtt_ms": 12621.32, "verified": true, "status": "forwarded_no_ack", "mode": "superposition"}
{"ts": "2026-06-22T19:16:11.276022+00:00", "level": "metric", "event": "chunk_ack", "role": "benchmark", "region": "eastus", "seq_num": 66, "rtt_ms": 12811.85, "verified": true, "status": "forwarded_no_ack", "mode": "superposition"}
{"ts": "2026-06-22T19:16:11.467190+00:00", "level": "metric", "event": "chunk_ack", "role": "benchmark", "region": "eastus", "seq_num": 67, "rtt_ms": 13002.14, "verified": true, "status": "forwarded_no_ack", "mode": "superposition"}
{"ts": "2026-06-22T19:16:11.660297+00:00", "level": "metric", "event": "chunk_ack", "role": "benchmark", "region": "eastus", "seq_num": 68, "rtt_ms": 13193.09, "verified": true, "status": "forwarded_no_ack", "mode": "superposition"}
{"ts": "2026-06-22T19:16:11.851042+00:00", "level": "metric", "event": "chunk_ack", "role": "benchmark", "region": "eastus", "seq_num": 69, "rtt_ms": 13384.69, "verified": true, "status": "forwarded_no_ack", "mode": "superposition"}
{"ts": "2026-06-22T19:16:12.042128+00:00", "level": "metric", "event": "chunk_ack", "role": "benchmark", "region": "eastus", "seq_num": 70, "rtt_ms": 13574.79, "verified": true, "status": "forwarded_no_ack", "mode": "superposition"}
{"ts": "2026-06-22T19:16:12.233281+00:00", "level": "metric", "event": "chunk_ack", "role": "benchmark", "region": "eastus", "seq_num": 71, "rtt_ms": 13765.26, "verified": true, "status": "forwarded_no_ack", "mode": "superposition"}
{"ts": "2026-06-22T19:16:12.424158+00:00", "level": "metric", "event": "chunk_ack", "role": "benchmark", "region": "eastus", "seq_num": 72, "rtt_ms": 13955.59, "verified": true, "status": "forwarded_no_ack", "mode": "superposition"}
{"ts": "2026-06-22T19:16:12.615674+00:00", "level": "metric", "event": "chunk_ack", "role": "benchmark", "region": "eastus", "seq_num": 73, "rtt_ms": 14144.69, "verified": true, "status": "forwarded_no_ack", "mode": "superposition"}
{"ts": "2026-06-22T19:16:12.806407+00:00", "level": "metric", "event": "chunk_ack", "role": "benchmark", "region": "eastus", "seq_num": 74, "rtt_ms": 14335.6, "verified": true, "status": "forwarded_no_ack", "mode": "superposition"}
{"ts": "2026-06-22T19:16:12.997350+00:00", "level": "metric", "event": "chunk_ack", "role": "benchmark", "region": "eastus", "seq_num": 75, "rtt_ms": 14525.5, "verified": true, "status": "forwarded_no_ack", "mode": "superposition"}
{"ts": "2026-06-22T19:16:13.187922+00:00", "level": "metric", "event": "chunk_ack", "role": "benchmark", "region": "eastus", "seq_num": 76, "rtt_ms": 14715.64, "verified": true, "status": "forwarded_no_ack", "mode": "superposition"}
{"ts": "2026-06-22T19:16:13.380074+00:00", "level": "metric", "event": "chunk_ack", "role": "benchmark", "region": "eastus", "seq_num": 77, "rtt_ms": 14905.77, "verified": true, "status": "forwarded_no_ack", "mode": "superposition"}
{"ts": "2026-06-22T19:16:13.570924+00:00", "level": "metric", "event": "chunk_ack", "role": "benchmark", "region": "eastus", "seq_num": 78, "rtt_ms": 15097.29, "verified": true, "status": "forwarded_no_ack", "mode": "superposition"}
{"ts": "2026-06-22T19:16:13.762305+00:00", "level": "metric", "event": "chunk_ack", "role": "benchmark", "region": "eastus", "seq_num": 79, "rtt_ms": 15287.13, "verified": true, "status": "forwarded_no_ack", "mode": "superposition"}
{"ts": "2026-06-22T19:16:13.953529+00:00", "level": "metric", "event": "chunk_ack", "role": "benchmark", "region": "eastus", "seq_num": 80, "rtt_ms": 15478.11, "verified": true, "status": "forwarded_no_ack", "mode": "superposition"}
{"ts": "2026-06-22T19:16:14.145608+00:00", "level": "metric", "event": "chunk_ack", "role": "benchmark", "region": "eastus", "seq_num": 81, "rtt_ms": 15668.13, "verified": true, "status": "forwarded_no_ack", "mode": "superposition"}
{"ts": "2026-06-22T19:16:14.336765+00:00", "level": "metric", "event": "chunk_ack", "role": "benchmark", "region": "eastus", "seq_num": 82, "rtt_ms": 15859.1, "verified": true, "status": "forwarded_no_ack", "mode": "superposition"}
{"ts": "2026-06-22T19:16:14.527243+00:00", "level": "metric", "event": "chunk_ack", "role": "benchmark", "region": "eastus", "seq_num": 83, "rtt_ms": 16049.42, "verified": true, "status": "forwarded_no_ack", "mode": "superposition"}
{"ts": "2026-06-22T19:16:14.718170+00:00", "level": "metric", "event": "chunk_ack", "role": "benchmark", "region": "eastus", "seq_num": 84, "rtt_ms": 16239.53, "verified": true, "status": "forwarded_no_ack", "mode": "superposition"}
{"ts": "2026-06-22T19:16:14.909276+00:00", "level": "metric", "event": "chunk_ack", "role": "benchmark", "region": "eastus", "seq_num": 85, "rtt_ms": 16429.33, "verified": true, "status": "forwarded_no_ack", "mode": "superposition"}
{"ts": "2026-06-22T19:16:15.675536+00:00", "level": "metric", "event": "chunk_ack", "role": "benchmark", "region": "eastus", "seq_num": 86, "rtt_ms": 16619.69, "verified": true, "status": "forwarded_no_ack", "mode": "superposition"}
{"ts": "2026-06-22T19:16:16.060159+00:00", "level": "metric", "event": "chunk_ack", "role": "benchmark", "region": "eastus", "seq_num": 87, "rtt_ms": 17385.07, "verified": true, "status": "forwarded_no_ack", "mode": "superposition"}
{"ts": "2026-06-22T19:16:16.252738+00:00", "level": "metric", "event": "chunk_ack", "role": "benchmark", "region": "eastus", "seq_num": 88, "rtt_ms": 17768.98, "verified": true, "status": "forwarded_no_ack", "mode": "superposition"}
{"ts": "2026-06-22T19:16:16.442580+00:00", "level": "metric", "event": "chunk_ack", "role": "benchmark", "region": "eastus", "seq_num": 89, "rtt_ms": 17960.89, "verified": true, "status": "forwarded_no_ack", "mode": "superposition"}
{"ts": "2026-06-22T19:16:16.633174+00:00", "level": "metric", "event": "chunk_ack", "role": "benchmark", "region": "eastus", "seq_num": 90, "rtt_ms": 18150.29, "verified": true, "status": "forwarded_no_ack", "mode": "superposition"}
{"ts": "2026-06-22T19:16:16.823728+00:00", "level": "metric", "event": "chunk_ack", "role": "benchmark", "region": "eastus", "seq_num": 91, "rtt_ms": 18340.2, "verified": true, "status": "forwarded_no_ack", "mode": "superposition"}
{"ts": "2026-06-22T19:16:17.014094+00:00", "level": "metric", "event": "chunk_ack", "role": "benchmark", "region": "eastus", "seq_num": 92, "rtt_ms": 18529.98, "verified": true, "status": "forwarded_no_ack", "mode": "superposition"}
{"ts": "2026-06-22T19:16:17.204326+00:00", "level": "metric", "event": "chunk_ack", "role": "benchmark", "region": "eastus", "seq_num": 93, "rtt_ms": 18719.41, "verified": true, "status": "forwarded_no_ack", "mode": "superposition"}
{"ts": "2026-06-22T19:16:17.395336+00:00", "level": "metric", "event": "chunk_ack", "role": "benchmark", "region": "eastus", "seq_num": 94, "rtt_ms": 18909.21, "verified": true, "status": "forwarded_no_ack", "mode": "superposition"}
{"ts": "2026-06-22T19:16:17.586592+00:00", "level": "metric", "event": "chunk_ack", "role": "benchmark", "region": "eastus", "seq_num": 95, "rtt_ms": 19099.23, "verified": true, "status": "forwarded_no_ack", "mode": "superposition"}
{"ts": "2026-06-22T19:16:17.776863+00:00", "level": "metric", "event": "chunk_ack", "role": "benchmark", "region": "eastus", "seq_num": 96, "rtt_ms": 19289.82, "verified": true, "status": "forwarded_no_ack", "mode": "superposition"}
{"ts": "2026-06-22T19:16:17.966980+00:00", "level": "metric", "event": "chunk_ack", "role": "benchmark", "region": "eastus", "seq_num": 97, "rtt_ms": 19479.34, "verified": true, "status": "forwarded_no_ack", "mode": "superposition"}
{"ts": "2026-06-22T19:16:18.157369+00:00", "level": "metric", "event": "chunk_ack", "role": "benchmark", "region": "eastus", "seq_num": 98, "rtt_ms": 19668.85, "verified": true, "status": "forwarded_no_ack", "mode": "superposition"}
{"ts": "2026-06-22T19:16:18.348180+00:00", "level": "metric", "event": "chunk_ack", "role": "benchmark", "region": "eastus", "seq_num": 99, "rtt_ms": 19858.88, "verified": true, "status": "forwarded_no_ack", "mode": "superposition"}
{"ts": "2026-06-22T19:16:18.539001+00:00", "level": "metric", "event": "chunk_ack", "role": "benchmark", "region": "eastus", "seq_num": 100, "rtt_ms": 20048.54, "verified": true, "status": "forwarded_no_ack", "mode": "superposition"}
{"ts": "2026-06-22T19:16:18.734088+00:00", "level": "metric", "event": "chunk_ack", "role": "benchmark", "region": "eastus", "seq_num": 101, "rtt_ms": 20239.55, "verified": true, "status": "forwarded_no_ack", "mode": "superposition"}
{"ts": "2026-06-22T19:16:18.924728+00:00", "level": "metric", "event": "chunk_ack", "role": "benchmark", "region": "eastus", "seq_num": 102, "rtt_ms": 20433.54, "verified": true, "status": "forwarded_no_ack", "mode": "superposition"}
{"ts": "2026-06-22T19:16:19.115538+00:00", "level": "metric", "event": "chunk_ack", "role": "benchmark", "region": "eastus", "seq_num": 103, "rtt_ms": 20623.29, "verified": true, "status": "forwarded_no_ack", "mode": "superposition"}
{"ts": "2026-06-22T19:16:19.306430+00:00", "level": "metric", "event": "chunk_ack", "role": "benchmark", "region": "eastus", "seq_num": 104, "rtt_ms": 20813.1, "verified": true, "status": "forwarded_no_ack", "mode": "superposition"}
{"ts": "2026-06-22T19:16:19.497406+00:00", "level": "metric", "event": "chunk_ack", "role": "benchmark", "region": "eastus", "seq_num": 105, "rtt_ms": 21003.6, "verified": true, "status": "forwarded_no_ack", "mode": "superposition"}
{"ts": "2026-06-22T19:16:19.689046+00:00", "level": "metric", "event": "chunk_ack", "role": "benchmark", "region": "eastus", "seq_num": 106, "rtt_ms": 21194.27, "verified": true, "status": "forwarded_no_ack", "mode": "superposition"}
{"ts": "2026-06-22T19:16:19.879319+00:00", "level": "metric", "event": "chunk_ack", "role": "benchmark", "region": "eastus", "seq_num": 107, "rtt_ms": 21384.68, "verified": true, "status": "forwarded_no_ack", "mode": "superposition"}
{"ts": "2026-06-22T19:16:20.070544+00:00", "level": "metric", "event": "chunk_ack", "role": "benchmark", "region": "eastus", "seq_num": 108, "rtt_ms": 21574.45, "verified": true, "status": "forwarded_no_ack", "mode": "superposition"}
{"ts": "2026-06-22T19:16:20.267862+00:00", "level": "metric", "event": "chunk_ack", "role": "benchmark", "region": "eastus", "seq_num": 109, "rtt_ms": 21764.67, "verified": true, "status": "forwarded_no_ack", "mode": "superposition"}
{"ts": "2026-06-22T19:16:20.458244+00:00", "level": "metric", "event": "chunk_ack", "role": "benchmark", "region": "eastus", "seq_num": 110, "rtt_ms": 21961.05, "verified": true, "status": "forwarded_no_ack", "mode": "superposition"}
{"ts": "2026-06-22T19:16:20.649661+00:00", "level": "metric", "event": "chunk_ack", "role": "benchmark", "region": "eastus", "seq_num": 111, "rtt_ms": 22151.49, "verified": true, "status": "forwarded_no_ack", "mode": "superposition"}
{"ts": "2026-06-22T19:16:20.839622+00:00", "level": "metric", "event": "chunk_ack", "role": "benchmark", "region": "eastus", "seq_num": 112, "rtt_ms": 22341.48, "verified": true, "status": "forwarded_no_ack", "mode": "superposition"}
{"ts": "2026-06-22T19:16:21.032265+00:00", "level": "metric", "event": "chunk_ack", "role": "benchmark", "region": "eastus", "seq_num": 113, "rtt_ms": 22531.37, "verified": true, "status": "forwarded_no_ack", "mode": "superposition"}
{"ts": "2026-06-22T19:16:21.224040+00:00", "level": "metric", "event": "chunk_ack", "role": "benchmark", "region": "eastus", "seq_num": 114, "rtt_ms": 22723.08, "verified": true, "status": "forwarded_no_ack", "mode": "superposition"}
{"ts": "2026-06-22T19:16:21.415057+00:00", "level": "metric", "event": "chunk_ack", "role": "benchmark", "region": "eastus", "seq_num": 115, "rtt_ms": 22914.04, "verified": true, "status": "forwarded_no_ack", "mode": "superposition"}
{"ts": "2026-06-22T19:16:21.605663+00:00", "level": "metric", "event": "chunk_ack", "role": "benchmark", "region": "eastus", "seq_num": 116, "rtt_ms": 23104.07, "verified": true, "status": "forwarded_no_ack", "mode": "superposition"}
{"ts": "2026-06-22T19:16:21.796504+00:00", "level": "metric", "event": "chunk_ack", "role": "benchmark", "region": "eastus", "seq_num": 117, "rtt_ms": 23294.13, "verified": true, "status": "forwarded_no_ack", "mode": "superposition"}
{"ts": "2026-06-22T19:16:21.988274+00:00", "level": "metric", "event": "chunk_ack", "role": "benchmark", "region": "eastus", "seq_num": 118, "rtt_ms": 23485.04, "verified": true, "status": "forwarded_no_ack", "mode": "superposition"}
{"ts": "2026-06-22T19:16:22.178855+00:00", "level": "metric", "event": "chunk_ack", "role": "benchmark", "region": "eastus", "seq_num": 119, "rtt_ms": 23675.2, "verified": true, "status": "forwarded_no_ack", "mode": "superposition"}
{"ts": "2026-06-22T19:16:22.369155+00:00", "level": "metric", "event": "chunk_ack", "role": "benchmark", "region": "eastus", "seq_num": 120, "rtt_ms": 23864.99, "verified": true, "status": "forwarded_no_ack", "mode": "superposition"}
{"ts": "2026-06-22T19:16:22.561034+00:00", "level": "metric", "event": "chunk_ack", "role": "benchmark", "region": "eastus", "seq_num": 121, "rtt_ms": 24054.59, "verified": true, "status": "forwarded_no_ack", "mode": "superposition"}
{"ts": "2026-06-22T19:16:22.751338+00:00", "level": "metric", "event": "chunk_ack", "role": "benchmark", "region": "eastus", "seq_num": 122, "rtt_ms": 24245.8, "verified": true, "status": "forwarded_no_ack", "mode": "superposition"}
{"ts": "2026-06-22T19:16:22.941913+00:00", "level": "metric", "event": "chunk_ack", "role": "benchmark", "region": "eastus", "seq_num": 123, "rtt_ms": 24435.43, "verified": true, "status": "forwarded_no_ack", "mode": "superposition"}
{"ts": "2026-06-22T19:16:23.132551+00:00", "level": "metric", "event": "chunk_ack", "role": "benchmark", "region": "eastus", "seq_num": 124, "rtt_ms": 24625.43, "verified": true, "status": "forwarded_no_ack", "mode": "superposition"}
{"ts": "2026-06-22T19:16:23.322973+00:00", "level": "metric", "event": "chunk_ack", "role": "benchmark", "region": "eastus", "seq_num": 125, "rtt_ms": 24815.63, "verified": true, "status": "forwarded_no_ack", "mode": "superposition"}
{"ts": "2026-06-22T19:16:23.513705+00:00", "level": "metric", "event": "chunk_ack", "role": "benchmark", "region": "eastus", "seq_num": 126, "rtt_ms": 25004.98, "verified": true, "status": "forwarded_no_ack", "mode": "superposition"}
{"ts": "2026-06-22T19:16:23.704269+00:00", "level": "metric", "event": "chunk_ack", "role": "benchmark", "region": "eastus", "seq_num": 127, "rtt_ms": 25194.99, "verified": true, "status": "forwarded_no_ack", "mode": "superposition"}
{"ts": "2026-06-22T19:16:23.896291+00:00", "level": "metric", "event": "chunk_ack", "role": "benchmark", "region": "eastus", "seq_num": 128, "rtt_ms": 25385.21, "verified": true, "status": "forwarded_no_ack", "mode": "superposition"}
{"ts": "2026-06-22T19:16:24.087125+00:00", "level": "metric", "event": "chunk_ack", "role": "benchmark", "region": "eastus", "seq_num": 129, "rtt_ms": 25576.57, "verified": true, "status": "forwarded_no_ack", "mode": "superposition"}
{"ts": "2026-06-22T19:16:24.277312+00:00", "level": "metric", "event": "chunk_ack", "role": "benchmark", "region": "eastus", "seq_num": 130, "rtt_ms": 25766.39, "verified": true, "status": "forwarded_no_ack", "mode": "superposition"}
{"ts": "2026-06-22T19:16:24.467901+00:00", "level": "metric", "event": "chunk_ack", "role": "benchmark", "region": "eastus", "seq_num": 131, "rtt_ms": 25955.81, "verified": true, "status": "forwarded_no_ack", "mode": "superposition"}
{"ts": "2026-06-22T19:16:24.659157+00:00", "level": "metric", "event": "chunk_ack", "role": "benchmark", "region": "eastus", "seq_num": 132, "rtt_ms": 26145.99, "verified": true, "status": "forwarded_no_ack", "mode": "superposition"}
{"ts": "2026-06-22T19:16:24.849914+00:00", "level": "metric", "event": "chunk_ack", "role": "benchmark", "region": "eastus", "seq_num": 133, "rtt_ms": 26336.48, "verified": true, "status": "forwarded_no_ack", "mode": "superposition"}
{"ts": "2026-06-22T19:16:25.040701+00:00", "level": "metric", "event": "chunk_ack", "role": "benchmark", "region": "eastus", "seq_num": 134, "rtt_ms": 26526.31, "verified": true, "status": "forwarded_no_ack", "mode": "superposition"}
{"ts": "2026-06-22T19:16:25.235914+00:00", "level": "metric", "event": "chunk_ack", "role": "benchmark", "region": "eastus", "seq_num": 135, "rtt_ms": 26716.55, "verified": true, "status": "forwarded_no_ack", "mode": "superposition"}
{"ts": "2026-06-22T19:16:25.445747+00:00", "level": "metric", "event": "chunk_ack", "role": "benchmark", "region": "eastus", "seq_num": 136, "rtt_ms": 26910.81, "verified": true, "status": "forwarded_no_ack", "mode": "superposition"}
{"ts": "2026-06-22T19:16:25.635903+00:00", "level": "metric", "event": "chunk_ack", "role": "benchmark", "region": "eastus", "seq_num": 137, "rtt_ms": 27120.24, "verified": true, "status": "forwarded_no_ack", "mode": "superposition"}
{"ts": "2026-06-22T19:16:25.826975+00:00", "level": "metric", "event": "chunk_ack", "role": "benchmark", "region": "eastus", "seq_num": 138, "rtt_ms": 27309.43, "verified": true, "status": "forwarded_no_ack", "mode": "superposition"}
{"ts": "2026-06-22T19:16:26.018221+00:00", "level": "metric", "event": "chunk_ack", "role": "benchmark", "region": "eastus", "seq_num": 139, "rtt_ms": 27500.26, "verified": true, "status": "forwarded_no_ack", "mode": "superposition"}
{"ts": "2026-06-22T19:16:26.212210+00:00", "level": "metric", "event": "chunk_ack", "role": "benchmark", "region": "eastus", "seq_num": 140, "rtt_ms": 27690.59, "verified": true, "status": "forwarded_no_ack", "mode": "superposition"}
{"ts": "2026-06-22T19:16:26.402943+00:00", "level": "metric", "event": "chunk_ack", "role": "benchmark", "region": "eastus", "seq_num": 141, "rtt_ms": 27883.83, "verified": true, "status": "forwarded_no_ack", "mode": "superposition"}
{"ts": "2026-06-22T19:16:26.593385+00:00", "level": "metric", "event": "chunk_ack", "role": "benchmark", "region": "eastus", "seq_num": 142, "rtt_ms": 28073.53, "verified": true, "status": "forwarded_no_ack", "mode": "superposition"}
{"ts": "2026-06-22T19:16:26.784036+00:00", "level": "metric", "event": "chunk_ack", "role": "benchmark", "region": "eastus", "seq_num": 143, "rtt_ms": 28263.37, "verified": true, "status": "forwarded_no_ack", "mode": "superposition"}
{"ts": "2026-06-22T19:16:26.977307+00:00", "level": "metric", "event": "chunk_ack", "role": "benchmark", "region": "eastus", "seq_num": 144, "rtt_ms": 28453.25, "verified": true, "status": "forwarded_no_ack", "mode": "superposition"}
{"ts": "2026-06-22T19:16:27.167880+00:00", "level": "metric", "event": "chunk_ack", "role": "benchmark", "region": "eastus", "seq_num": 145, "rtt_ms": 28646.27, "verified": true, "status": "forwarded_no_ack", "mode": "superposition"}
{"ts": "2026-06-22T19:16:27.360425+00:00", "level": "metric", "event": "chunk_ack", "role": "benchmark", "region": "eastus", "seq_num": 146, "rtt_ms": 28835.66, "verified": true, "status": "forwarded_no_ack", "mode": "superposition"}
{"ts": "2026-06-22T19:16:27.551608+00:00", "level": "metric", "event": "chunk_ack", "role": "benchmark", "region": "eastus", "seq_num": 147, "rtt_ms": 29027.87, "verified": true, "status": "forwarded_no_ack", "mode": "superposition"}
{"ts": "2026-06-22T19:16:27.742225+00:00", "level": "metric", "event": "chunk_ack", "role": "benchmark", "region": "eastus", "seq_num": 148, "rtt_ms": 29218.01, "verified": true, "status": "forwarded_no_ack", "mode": "superposition"}
{"ts": "2026-06-22T19:16:27.933112+00:00", "level": "metric", "event": "chunk_ack", "role": "benchmark", "region": "eastus", "seq_num": 149, "rtt_ms": 29407.61, "verified": true, "status": "forwarded_no_ack", "mode": "superposition"}
{"ts": "2026-06-22T19:16:28.124013+00:00", "level": "metric", "event": "chunk_ack", "role": "benchmark", "region": "eastus", "seq_num": 150, "rtt_ms": 29598.13, "verified": true, "status": "forwarded_no_ack", "mode": "superposition"}
{"ts": "2026-06-22T19:16:28.314821+00:00", "level": "metric", "event": "chunk_ack", "role": "benchmark", "region": "eastus", "seq_num": 151, "rtt_ms": 29787.97, "verified": true, "status": "forwarded_no_ack", "mode": "superposition"}
{"ts": "2026-06-22T19:16:28.507134+00:00", "level": "metric", "event": "chunk_ack", "role": "benchmark", "region": "eastus", "seq_num": 152, "rtt_ms": 29978.19, "verified": true, "status": "forwarded_no_ack", "mode": "superposition"}
{"ts": "2026-06-22T19:16:28.698877+00:00", "level": "metric", "event": "chunk_ack", "role": "benchmark", "region": "eastus", "seq_num": 153, "rtt_ms": 30169.79, "verified": true, "status": "forwarded_no_ack", "mode": "superposition"}
{"ts": "2026-06-22T19:16:28.889859+00:00", "level": "metric", "event": "chunk_ack", "role": "benchmark", "region": "eastus", "seq_num": 154, "rtt_ms": 30360.8, "verified": true, "status": "forwarded_no_ack", "mode": "superposition"}
{"ts": "2026-06-22T19:16:29.080047+00:00", "level": "metric", "event": "chunk_ack", "role": "benchmark", "region": "eastus", "seq_num": 155, "rtt_ms": 30550.84, "verified": true, "status": "forwarded_no_ack", "mode": "superposition"}
{"ts": "2026-06-22T19:16:29.270699+00:00", "level": "metric", "event": "chunk_ack", "role": "benchmark", "region": "eastus", "seq_num": 156, "rtt_ms": 30740.67, "verified": true, "status": "forwarded_no_ack", "mode": "superposition"}
{"ts": "2026-06-22T19:16:29.461668+00:00", "level": "metric", "event": "chunk_ack", "role": "benchmark", "region": "eastus", "seq_num": 157, "rtt_ms": 30930.76, "verified": true, "status": "forwarded_no_ack", "mode": "superposition"}
{"ts": "2026-06-22T19:16:29.652181+00:00", "level": "metric", "event": "chunk_ack", "role": "benchmark", "region": "eastus", "seq_num": 158, "rtt_ms": 31120.88, "verified": true, "status": "forwarded_no_ack", "mode": "superposition"}
{"ts": "2026-06-22T19:16:29.843191+00:00", "level": "metric", "event": "chunk_ack", "role": "benchmark", "region": "eastus", "seq_num": 159, "rtt_ms": 31310.61, "verified": true, "status": "forwarded_no_ack", "mode": "superposition"}
{"ts": "2026-06-22T19:16:30.033575+00:00", "level": "metric", "event": "chunk_ack", "role": "benchmark", "region": "eastus", "seq_num": 160, "rtt_ms": 31500.63, "verified": true, "status": "forwarded_no_ack", "mode": "superposition"}
{"ts": "2026-06-22T19:16:30.223877+00:00", "level": "metric", "event": "chunk_ack", "role": "benchmark", "region": "eastus", "seq_num": 161, "rtt_ms": 31690.42, "verified": true, "status": "forwarded_no_ack", "mode": "superposition"}
{"ts": "2026-06-22T19:16:30.414566+00:00", "level": "metric", "event": "chunk_ack", "role": "benchmark", "region": "eastus", "seq_num": 162, "rtt_ms": 31880.3, "verified": true, "status": "forwarded_no_ack", "mode": "superposition"}
{"ts": "2026-06-22T19:16:30.604992+00:00", "level": "metric", "event": "chunk_ack", "role": "benchmark", "region": "eastus", "seq_num": 163, "rtt_ms": 32069.97, "verified": true, "status": "forwarded_no_ack", "mode": "superposition"}
{"ts": "2026-06-22T19:16:30.795975+00:00", "level": "metric", "event": "chunk_ack", "role": "benchmark", "region": "eastus", "seq_num": 164, "rtt_ms": 32259.97, "verified": true, "status": "forwarded_no_ack", "mode": "superposition"}
{"ts": "2026-06-22T19:16:30.986867+00:00", "level": "metric", "event": "chunk_ack", "role": "benchmark", "region": "eastus", "seq_num": 165, "rtt_ms": 32450.0, "verified": true, "status": "forwarded_no_ack", "mode": "superposition"}
{"ts": "2026-06-22T19:16:31.177670+00:00", "level": "metric", "event": "chunk_ack", "role": "benchmark", "region": "eastus", "seq_num": 166, "rtt_ms": 32640.15, "verified": true, "status": "forwarded_no_ack", "mode": "superposition"}
{"ts": "2026-06-22T19:16:31.368101+00:00", "level": "metric", "event": "chunk_ack", "role": "benchmark", "region": "eastus", "seq_num": 167, "rtt_ms": 32830.23, "verified": true, "status": "forwarded_no_ack", "mode": "superposition"}
{"ts": "2026-06-22T19:16:31.558583+00:00", "level": "metric", "event": "chunk_ack", "role": "benchmark", "region": "eastus", "seq_num": 168, "rtt_ms": 33020.05, "verified": true, "status": "forwarded_no_ack", "mode": "superposition"}
{"ts": "2026-06-22T19:16:31.750248+00:00", "level": "metric", "event": "chunk_ack", "role": "benchmark", "region": "eastus", "seq_num": 169, "rtt_ms": 33209.78, "verified": true, "status": "forwarded_no_ack", "mode": "superposition"}
{"ts": "2026-06-22T19:16:31.941482+00:00", "level": "metric", "event": "chunk_ack", "role": "benchmark", "region": "eastus", "seq_num": 170, "rtt_ms": 33400.76, "verified": true, "status": "forwarded_no_ack", "mode": "superposition"}
{"ts": "2026-06-22T19:16:32.132546+00:00", "level": "metric", "event": "chunk_ack", "role": "benchmark", "region": "eastus", "seq_num": 171, "rtt_ms": 33591.26, "verified": true, "status": "forwarded_no_ack", "mode": "superposition"}
{"ts": "2026-06-22T19:16:32.323265+00:00", "level": "metric", "event": "chunk_ack", "role": "benchmark", "region": "eastus", "seq_num": 172, "rtt_ms": 33782.03, "verified": true, "status": "forwarded_no_ack", "mode": "superposition"}
{"ts": "2026-06-22T19:16:32.513579+00:00", "level": "metric", "event": "chunk_ack", "role": "benchmark", "region": "eastus", "seq_num": 173, "rtt_ms": 33971.65, "verified": true, "status": "forwarded_no_ack", "mode": "superposition"}
{"ts": "2026-06-22T19:16:32.704114+00:00", "level": "metric", "event": "chunk_ack", "role": "benchmark", "region": "eastus", "seq_num": 174, "rtt_ms": 34161.4, "verified": true, "status": "forwarded_no_ack", "mode": "superposition"}
{"ts": "2026-06-22T19:16:32.895203+00:00", "level": "metric", "event": "chunk_ack", "role": "benchmark", "region": "eastus", "seq_num": 175, "rtt_ms": 34351.35, "verified": true, "status": "forwarded_no_ack", "mode": "superposition"}
{"ts": "2026-06-22T19:16:33.087594+00:00", "level": "metric", "event": "chunk_ack", "role": "benchmark", "region": "eastus", "seq_num": 176, "rtt_ms": 34541.37, "verified": true, "status": "forwarded_no_ack", "mode": "superposition"}
{"ts": "2026-06-22T19:16:33.278436+00:00", "level": "metric", "event": "chunk_ack", "role": "benchmark", "region": "eastus", "seq_num": 177, "rtt_ms": 34733.28, "verified": true, "status": "forwarded_no_ack", "mode": "superposition"}
{"ts": "2026-06-22T19:16:33.468762+00:00", "level": "metric", "event": "chunk_ack", "role": "benchmark", "region": "eastus", "seq_num": 178, "rtt_ms": 34923.21, "verified": true, "status": "forwarded_no_ack", "mode": "superposition"}
{"ts": "2026-06-22T19:16:33.659234+00:00", "level": "metric", "event": "chunk_ack", "role": "benchmark", "region": "eastus", "seq_num": 179, "rtt_ms": 35113.08, "verified": true, "status": "forwarded_no_ack", "mode": "superposition"}
{"ts": "2026-06-22T19:16:33.849615+00:00", "level": "metric", "event": "chunk_ack", "role": "benchmark", "region": "eastus", "seq_num": 180, "rtt_ms": 35302.54, "verified": true, "status": "forwarded_no_ack", "mode": "superposition"}
{"ts": "2026-06-22T19:16:34.040418+00:00", "level": "metric", "event": "chunk_ack", "role": "benchmark", "region": "eastus", "seq_num": 181, "rtt_ms": 35492.55, "verified": true, "status": "forwarded_no_ack", "mode": "superposition"}
{"ts": "2026-06-22T19:16:34.231366+00:00", "level": "metric", "event": "chunk_ack", "role": "benchmark", "region": "eastus", "seq_num": 182, "rtt_ms": 35682.66, "verified": true, "status": "forwarded_no_ack", "mode": "superposition"}
{"ts": "2026-06-22T19:16:34.421954+00:00", "level": "metric", "event": "chunk_ack", "role": "benchmark", "region": "eastus", "seq_num": 183, "rtt_ms": 35872.56, "verified": true, "status": "forwarded_no_ack", "mode": "superposition"}
{"ts": "2026-06-22T19:16:34.614431+00:00", "level": "metric", "event": "chunk_ack", "role": "benchmark", "region": "eastus", "seq_num": 184, "rtt_ms": 36062.73, "verified": true, "status": "forwarded_no_ack", "mode": "superposition"}
{"ts": "2026-06-22T19:16:34.805412+00:00", "level": "metric", "event": "chunk_ack", "role": "benchmark", "region": "eastus", "seq_num": 185, "rtt_ms": 36254.22, "verified": true, "status": "forwarded_no_ack", "mode": "superposition"}
{"ts": "2026-06-22T19:16:34.995705+00:00", "level": "metric", "event": "chunk_ack", "role": "benchmark", "region": "eastus", "seq_num": 186, "rtt_ms": 36444.57, "verified": true, "status": "forwarded_no_ack", "mode": "superposition"}
{"ts": "2026-06-22T19:16:35.185931+00:00", "level": "metric", "event": "chunk_ack", "role": "benchmark", "region": "eastus", "seq_num": 187, "rtt_ms": 36634.08, "verified": true, "status": "error", "mode": "superposition"}
{"ts": "2026-06-22T19:16:35.377318+00:00", "level": "metric", "event": "chunk_ack", "role": "benchmark", "region": "eastus", "seq_num": 188, "rtt_ms": 36824.05, "verified": true, "status": "forwarded_no_ack", "mode": "superposition"}
{"ts": "2026-06-22T19:16:35.660078+00:00", "level": "metric", "event": "chunk_ack", "role": "benchmark", "region": "eastus", "seq_num": 189, "rtt_ms": 37014.33, "verified": true, "status": "forwarded_no_ack", "mode": "superposition"}
{"ts": "2026-06-22T19:16:35.850527+00:00", "level": "metric", "event": "chunk_ack", "role": "benchmark", "region": "eastus", "seq_num": 190, "rtt_ms": 37296.38, "verified": true, "status": "forwarded_no_ack", "mode": "superposition"}
{"ts": "2026-06-22T19:16:36.040563+00:00", "level": "metric", "event": "chunk_ack", "role": "benchmark", "region": "eastus", "seq_num": 191, "rtt_ms": 37486.11, "verified": true, "status": "forwarded_no_ack", "mode": "superposition"}
{"ts": "2026-06-22T19:16:36.230973+00:00", "level": "metric", "event": "chunk_ack", "role": "benchmark", "region": "eastus", "seq_num": 192, "rtt_ms": 37675.52, "verified": true, "status": "forwarded_no_ack", "mode": "superposition"}
{"ts": "2026-06-22T19:16:36.422035+00:00", "level": "metric", "event": "chunk_ack", "role": "benchmark", "region": "eastus", "seq_num": 193, "rtt_ms": 37865.16, "verified": true, "status": "forwarded_no_ack", "mode": "superposition"}
{"ts": "2026-06-22T19:16:36.613255+00:00", "level": "metric", "event": "chunk_ack", "role": "benchmark", "region": "eastus", "seq_num": 194, "rtt_ms": 38055.97, "verified": true, "status": "forwarded_no_ack", "mode": "superposition"}
{"ts": "2026-06-22T19:16:36.804870+00:00", "level": "metric", "event": "chunk_ack", "role": "benchmark", "region": "eastus", "seq_num": 195, "rtt_ms": 38246.42, "verified": true, "status": "forwarded_no_ack", "mode": "superposition"}
{"ts": "2026-06-22T19:16:36.995931+00:00", "level": "metric", "event": "chunk_ack", "role": "benchmark", "region": "eastus", "seq_num": 196, "rtt_ms": 38437.36, "verified": true, "status": "forwarded_no_ack", "mode": "superposition"}
{"ts": "2026-06-22T19:16:37.186765+00:00", "level": "metric", "event": "chunk_ack", "role": "benchmark", "region": "eastus", "seq_num": 197, "rtt_ms": 38627.48, "verified": true, "status": "forwarded_no_ack", "mode": "superposition"}
{"ts": "2026-06-22T19:16:37.377112+00:00", "level": "metric", "event": "chunk_ack", "role": "benchmark", "region": "eastus", "seq_num": 198, "rtt_ms": 38817.71, "verified": true, "status": "forwarded_no_ack", "mode": "superposition"}
{"ts": "2026-06-22T19:16:37.567758+00:00", "level": "metric", "event": "chunk_ack", "role": "benchmark", "region": "eastus", "seq_num": 199, "rtt_ms": 39007.09, "verified": true, "status": "forwarded_no_ack", "mode": "superposition"}
{"ts": "2026-06-22T19:16:37.757734+00:00", "level": "metric", "event": "chunk_ack", "role": "benchmark", "region": "eastus", "seq_num": 200, "rtt_ms": 39197.05, "verified": true, "status": "forwarded_no_ack", "mode": "superposition"}
{"ts": "2026-06-22T19:16:37.948270+00:00", "level": "metric", "event": "chunk_ack", "role": "benchmark", "region": "eastus", "seq_num": 201, "rtt_ms": 39386.41, "verified": true, "status": "forwarded_no_ack", "mode": "superposition"}
{"ts": "2026-06-22T19:16:38.138869+00:00", "level": "metric", "event": "chunk_ack", "role": "benchmark", "region": "eastus", "seq_num": 202, "rtt_ms": 39576.16, "verified": true, "status": "forwarded_no_ack", "mode": "superposition"}
{"ts": "2026-06-22T19:16:38.329477+00:00", "level": "metric", "event": "chunk_ack", "role": "benchmark", "region": "eastus", "seq_num": 203, "rtt_ms": 39766.33, "verified": true, "status": "forwarded_no_ack", "mode": "superposition"}
{"ts": "2026-06-22T19:16:38.521050+00:00", "level": "metric", "event": "chunk_ack", "role": "benchmark", "region": "eastus", "seq_num": 204, "rtt_ms": 39956.33, "verified": true, "status": "forwarded_no_ack", "mode": "superposition"}
{"ts": "2026-06-22T19:16:38.713299+00:00", "level": "info", "event": "mode_complete", "role": "benchmark", "region": "eastus", "mode": "superposition", "avg_rtt_ms": 20559.253, "p99_rtt_ms": 39576.155, "throughput_mbps": 0.02, "verified_pct": 100.0}
{"ts": "2026-06-22T19:16:38.713785+00:00", "level": "info", "event": "benchmark_complete", "role": "benchmark", "region": "eastus", "modes": ["direct", "isolation", "superposition"], "log_file": "/data/chorus_benchmark_20260622T191432Z.log", "db": "/data/chorus_benchmark.db"}
{"ts": "2026-06-22T19:16:38.714006+00:00", "level": "info", "event": "log_closed", "role": "benchmark", "region": "eastus", "elapsed_s": 126.21, "total_info": 8, "total_warnings": 0, "total_errors": 0, "log_path": "/data/chorus_benchmark_20260622T191432Z.log"}
